number,contrast_id,alias,family,definition,development,development_global_ci,test,test_global_ci,test_minus_development,change_global_ci,development_decision,test_decision
C001,5bd7d7d5ee1fcf899862da89169cdc91c9bbb4a6c3abc07fb32df4383b5328bc,branch_equal_parameters_h512_k1,direct28,等参数几何增益 h512 k1,1.0133414932415876,"[-0.7023699538139099, 2.729052940297085]",0.7943905410818877,"[-1.0339574795468793, 2.622738561710655]",-0.21895095215969995,"[-2.7437560674538783, 2.3058541631344784]",unresolved,unresolved
C002,0ac49d5111424b9e8c735a571daa6b7f5726249e48db79ec8ab19bc40ad425e7,branch_equal_parameters_h512_k3,direct28,等参数几何增益 h512 k3,1.9708640210427724,"[-0.25511998640625255, 4.1968480284917975]",1.8160666166536643,"[-0.3988476863034549, 4.0309809196107835]",-0.15479740438910805,"[-3.2905122883609055, 2.98091747958269]",unresolved,unresolved
C003,c58a2f64bd2b08689992738e2b7073ca435b36127403aad08d0b84c4c44a5328,branch_equal_parameters_h512_k5,direct28,等参数几何增益 h512 k5,2.7035074874084275,"[-1.031603508177664, 6.438618482994519]",2.8841248340338206,"[-1.0050609911407942, 6.773310659208436]",0.18061734662539308,"[-5.195003659926984, 5.55623835317777]",unresolved,unresolved
C004,3fb49ba168433bbfff670412130ac2f65fe5ee97e1aa5142eee7eb5ad5bd24db,branch_equal_parameters_h1024_k1,direct28,等参数几何增益 h1024 k1,2.037938188038793,"[-0.9784135367975191, 5.054289912875105]",0.8509217246202532,"[-2.1074144895928426, 3.809257938833349]",-1.1870164634185398,"[-5.365777867925107, 2.9917449410880277]",unresolved,unresolved
C005,aeb9e07bdc3ef61fbea0cba2182d32d7db984b31bd8ec0667a73fd1d1146f55d,branch_equal_parameters_h1024_k3,direct28,等参数几何增益 h1024 k3,2.996361059766742,"[-0.5295547075512999, 6.522276827084784]",2.759609594163261,"[-0.6719558192474122, 6.191175007573934]",-0.23675146560348104,"[-5.146669522154928, 4.673166590947966]",unresolved,unresolved
C006,73dcbbe1800ff60ea5958c412e193b6955de75209c4b7a1118e8262194f33bed,branch_equal_parameters_h1024_k5,direct28,等参数几何增益 h1024 k5,3.1404115107634922,"[-0.7651371596601488, 7.045960181187134]",1.8977135283735391,"[-2.054427837893518, 5.849854894640597]",-1.242697982389953,"[-6.7899070400281625, 4.304511075248256]",unresolved,unresolved
C007,697bccc29368d5850e11cf7d22d4edbc3efa4d90bcb23d8fac36b2b170dcd5d9,branch_equal_compute_budget512,direct28,等计算预算512,1.8188818503911206,"[-1.2910247481374324, 4.928788448919674]",2.923836557478373,"[-0.2602000167026626, 6.107873131659408]",1.1049547070872523,"[-3.332685343444788, 5.542594757619292]",unresolved,unresolved
C008,2b7ed00373a7796aa75c63f113081afca17661f0ce58ae449b74512fc965ca88,branch_equal_compute_budget512_k3_minus_k1,direct28,等计算预算512 k3 − k1,1.0294789457802311,"[-0.9482081444436377, 3.0071660360041]",0.3891176877375413,"[-1.7572648673282805, 2.535500242803363]",-0.6403612580426898,"[-3.5557581522345267, 2.275035636149147]",unresolved,unresolved
C009,e0d3cffe85166d3147fcaad30279e3977e5fe556d70c5b20b22b98ff937601ad,branch_equal_compute_budget512_k5_minus_k3,direct28,等计算预算512 k5 − k3,,,,,,,not_estimable,not_estimable
C010,6507c6f35a7b52ebe3f16101fa2ca44293734acfb0e137f34aa888aceb8c6a2f,branch_equal_compute_budget1024,direct28,等计算预算1024,3.072336114482955,"[-0.36702632291596116, 6.511698551881871]",2.828487171076535,"[-0.4674254709728034, 6.124399813125874]",-0.24384894340641994,"[-4.991601117196254, 4.503903230383415]",unresolved,unresolved
C011,429354edd9f65c860f3aa8218b3675726100b5d0ccb0c200303810ce209f4ee9,branch_equal_compute_budget1024_k3_minus_k1,direct28,等计算预算1024 k3 − k1,-0.170959932277702,"[-2.538814207803609, 2.196894343248205]",-0.49027742733407376,"[-3.275813155286589, 2.2952583006184413]",-0.31931749505637175,"[-3.96280220478661, 3.3241672146738663]",unresolved,unresolved
C012,8f5fc046b83eb652242eb6323b2684ca15b20fb7d7d10196f6561bdb08cd7b36,branch_equal_compute_budget1024_k5_minus_k3,direct28,等计算预算1024 k5 − k3,0.9789969155927043,"[-1.6451556122621303, 3.603149443447539]",-0.060762460577484134,"[-2.6449553104806536, 2.5234303893256853]",-1.0397593761701884,"[-4.710232309702281, 2.630713557361904]",unresolved,unresolved
C013,7a12456c7812dfae1ba5ba87b7c3407bc00cd4d2908c915441b9ced6a2021a6b,branch_reference_h512_minus_mmtm_hidden128,direct28,R&B参考 h512 − mmtm hidden128,2.6459505472037215,"[-0.30371989336176286, 5.595620987769205]",2.50771592341287,"[-0.7012115651535371, 5.716643411979277]",-0.1382346237908516,"[-4.499510877678105, 4.223041630096402]",unresolved,unresolved
C014,e3ead5adbba28a02247fe48133e2ea11ae30a58d3528d1ec84d3de1f409e305b,branch_reference_h512_minus_mmtm_hidden256,direct28,R&B参考 h512 − mmtm hidden256,2.6459505472037215,"[-0.30371989336176286, 5.595620987769205]",2.50771592341287,"[-0.7012115651535371, 5.716643411979277]",-0.1382346237908516,"[-4.499510877678105, 4.223041630096402]",unresolved,unresolved
C015,f5461090cfc97d885849e14cfa86354c28e832c28121c8cf8392a3ec80059785,branch_reference_h512_minus_mmtm_hidden512,direct28,R&B参考 h512 − mmtm hidden512,2.6459505472037215,"[-0.30371989336176286, 5.595620987769205]",2.50771592341287,"[-0.7012115651535371, 5.716643411979277]",-0.1382346237908516,"[-4.499510877678105, 4.223041630096402]",unresolved,unresolved
C016,528c9c005a8d28aa8dbd707555340bca232fcc854a56e923ccf147178df4a34a,branch_reference_h512_minus_mmtm_hidden1024,direct28,R&B参考 h512 − mmtm hidden1024,2.6459505472037215,"[-0.30371989336176286, 5.595620987769205]",2.50771592341287,"[-0.7012115651535371, 5.716643411979277]",-0.1382346237908516,"[-4.499510877678105, 4.223041630096402]",unresolved,unresolved
C017,0f21b9c854e5081e61657dd96c954a56d3a17a5d75e3bf886d3ecc561e41dc2b,branch_reference_h512_minus_attention_d128,direct28,R&B参考 h512 − attention d128,2.255152094552373,"[-0.5432872102586281, 5.053591399363373]",2.313892409469716,"[-0.4924085801899407, 5.120193399129373]",0.058740314917343106,"[-3.9055616997603004, 4.023042329594986]",unresolved,unresolved
C018,060eabc9cad8f92b1b98a324b13c0e56d7a4485a81bc353f68242d25677e5776,branch_reference_h512_minus_attention_d256,direct28,R&B参考 h512 − attention d256,2.1980031930620694,"[-0.22385890914840845, 4.619865295272547]",1.6907165478646204,"[-0.9231646803991955, 4.304597776128436]",-0.5072866451974489,"[-4.08391149520269, 3.0693382048077926]",unresolved,unresolved
C019,ee0b5bb93f3cde59f094e7d6d96b14312fa4aebcca0d32d61ea1c8853abf7b31,branch_reference_h512_minus_attention_d512,direct28,R&B参考 h512 − attention d512,1.507147297755731,"[-0.8610250344278629, 3.875319629939325]",1.28013790281158,"[-1.1545079523352393, 3.7147837579583993]",-0.22700939494415096,"[-3.6211159876216024, 3.1670971977333005]",unresolved,unresolved
C020,2cfba6dff4fb9965ca3b4e8fdc424210ad40dca0975169b97da4ad7d9bee9048,branch_reference_h512_minus_attention_d1024,direct28,R&B参考 h512 − attention d1024,1.483062837528366,"[-1.0077510099044313, 3.9738766849611635]",-0.08305291040926122,"[-2.385368184425193, 2.2192623636066706]",-1.5661157479376273,"[-4.959152277439092, 1.826920781563837]",unresolved,unresolved
C021,0c132a3e66a60bfde14fcbd936fd427af43ced383bc6f8df81d2210afc6826bd,branch_reference_h1024_minus_mmtm_hidden128,direct28,R&B参考 h1024 − mmtm hidden128,3.2206227091960606,"[-1.111173614988715, 7.552419033380836]",3.507193933325218,"[-0.7946011874903709, 7.808989054140807]",0.28657122412915736,"[-5.803305968085753, 6.376448416344068]",unresolved,unresolved
C022,2d8844708e702c94599efe10f8d325c3d88e80a1cacd187da6a5775b7e9802d6,branch_reference_h1024_minus_mmtm_hidden256,direct28,R&B参考 h1024 − mmtm hidden256,3.2206227091960606,"[-1.111173614988715, 7.552419033380836]",3.507193933325218,"[-0.7946011874903709, 7.808989054140807]",0.28657122412915736,"[-5.803305968085753, 6.376448416344068]",unresolved,unresolved
C023,13c6831bfd6f7156c33968a854d223c13eae492bc6920ecbc803a17778c21ff2,branch_reference_h1024_minus_mmtm_hidden512,direct28,R&B参考 h1024 − mmtm hidden512,3.2206227091960606,"[-1.111173614988715, 7.552419033380836]",3.507193933325218,"[-0.7946011874903709, 7.808989054140807]",0.28657122412915736,"[-5.803305968085753, 6.376448416344068]",unresolved,unresolved
C024,08dcff8100a8751b332acb1b90626c98d8423a72c94824b18414acdfd0e99ad0,branch_reference_h1024_minus_mmtm_hidden1024,direct28,R&B参考 h1024 − mmtm hidden1024,3.2206227091960606,"[-1.111173614988715, 7.552419033380836]",3.507193933325218,"[-0.7946011874903709, 7.808989054140807]",0.28657122412915736,"[-5.803305968085753, 6.376448416344068]",unresolved,unresolved
C025,da65a3d46398a8b51ec481b8cfd8550567751d40969d4c1be2fb014ab773f496,branch_reference_h1024_minus_attention_d128,direct28,R&B参考 h1024 − attention d128,2.829824256544712,"[-1.4285193815536816, 7.088167894643106]",3.3133704193820677,"[-0.6745608264379865, 7.301301665202121]",0.48354616283735563,"[-5.329030199299597, 6.296122524974308]",unresolved,unresolved
C026,dd2b4a30e283b57a48c10f68cee03d3e0a2d0a5e24350c2d0ad7e84a45db282a,branch_reference_h1024_minus_attention_d256,direct28,R&B参考 h1024 − attention d256,2.7726753550544085,"[-1.1881451309902702, 6.733495841099087]",2.690194557776972,"[-1.0409523612699458, 6.421341476823891]",-0.0824807972774364,"[-5.50450646309991, 5.339544868545037]",unresolved,unresolved
C027,8762c0dd853622b66a3319f4e26269e626a8d24c1fccba01ee2ce74be494ac4d,branch_reference_h1024_minus_attention_d512,direct28,R&B参考 h1024 − attention d512,2.08181945974807,"[-1.4362587636908373, 5.599897683186978]",2.2796159127239246,"[-1.003373414629476, 5.562605240077325]",0.19779645297585446,"[-4.608136571227479, 5.003729477179188]",unresolved,unresolved
C028,75dc1dae09c3b0e07633013ccfa63850a097c5a0d2e92652d9a973394e9c5da9,branch_reference_h1024_minus_attention_d1024,direct28,R&B参考 h1024 − attention d1024,2.0577349995207053,"[-1.3255321060197036, 5.441002105061115]",0.9164250995031047,"[-2.4129363463793534, 4.245786545385563]",-1.1413099000176006,"[-5.867964120829084, 3.585344320793883]",unresolved,unresolved
C029,7b3f7266a492c7e1cc04e3eccfc9a6c232d7ef585df561a797dacf9d00fe2ca4,branch_mmtm_hidden256_augmentation_radon_minus_continue,augmentation4,mmtm hidden256 增强训练 R&B − 宿主继续训练,2.1176981289826786,"[-1.1265967977578022, 5.361993055723159]",1.9717827616157422,"[-1.3674433243451922, 5.311008847576677]",-0.14591536736693644,"[-4.7702443128781296, 4.478413578144257]",unresolved,unresolved
C030,6fc5f9a0240875213715caa8c4b8c0f60b662aa93fe1e90f6fcbfd995cd3176c,branch_mmtm_hidden256_augmentation_radon_minus_linear_resample,augmentation4,mmtm hidden256 增强训练 R&B − 普通通信,2.082574527244315,"[-1.046297217115998, 5.211446271604628]",2.013098893658019,"[-1.1701017916967813, 5.19629957901282]",-0.06947563358629605,"[-4.508301007285027, 4.369349740112435]",unresolved,unresolved
C031,a477bedc86d525ebeb08a23c13aec3ba18689beaad3457d59b9df797af969d48,branch_attention_d256_augmentation_radon_minus_continue,augmentation4,attention d256 增强训练 R&B − 宿主继续训练,1.6440014502937608,"[-1.0977127311970127, 4.385715631784534]",1.9525482558488525,"[-0.8844594456015131, 4.789555957299218]",0.30854680555509173,"[-3.6243379320813545, 4.241431543191538]",unresolved,unresolved
C032,9421346d4a923af1eed3c9305d67395e7ced62ae43a07a201bc11099974d9dd2,branch_attention_d256_augmentation_radon_minus_linear_resample,augmentation4,attention d256 增强训练 R&B − 普通通信,0.8844994293663797,"[-1.4163066366447166, 3.185305495377476]",1.2976530438503282,"[-1.0732672015851885, 3.668573289285845]",0.4131536144839485,"[-2.891779073484098, 3.718086302451995]",unresolved,unresolved
C033,40ab5cb6b95d86192f2cf9a063d880fbe02040458fcab3af84a9a206babd5907,svd_geometry,mechanism31,SVD 几何增益,3.2519969667229134,"[-0.2705797389496638, 6.774573672395491]",1.4647360017733866,"[-2.1771314316238324, 5.106603435170605]",-1.7872609649495268,"[-6.819557264187997, 3.245035334288944]",unresolved,unresolved
C034,062bdfc03818d07039e59b4c6657637d6220645dcffcf5f56c89d60db5dc0429,qr_geometry,mechanism31,QR 几何增益,2.0407696707332525,"[-0.9227064158196288, 5.004245757286133]",1.4335004852738908,"[-1.4273975536602075, 4.294398524207989]",-0.6072691854593617,"[-4.720584559476345, 3.506046188557621]",unresolved,unresolved
C035,306a783891515ba89fccd5702d904390dc9c04fdb2c5a8ebf2406e6c8bbbfff4,basis_geometry_interaction,mechanism31,SVD与QR几何增益之差,1.2112272959896613,"[-1.2032920611114242, 3.6257466530907467]",0.03123551649949796,"[-2.7016221547826955, 2.7640931877816914]",-1.1799917794901633,"[-4.786543178896354, 2.4265596199160266]",unresolved,unresolved
C036,8d03dffc386612e817fa1153a4d17c1236c9d290016c7d6e3f6c2911e21251ff,svd_oct_to_cfp_contribution,mechanism31,SVD：双向−删除OCT→CFP（CFP F1）,4.135044643885834,"[0.03943227225819701, 8.230657015513472]",2.0615599528131288,"[-2.7316156171366526, 6.85473552276291]",-2.0734846910727054,"[-8.35457838359753, 4.207609001452119]",unresolved,unresolved
C037,191a86c8e67ded137596a20e8ba5d43d471116b508a382bf18aea210af7abe7c,svd_cfp_to_oct_contribution,mechanism31,SVD：双向−删除CFP→OCT（OCT F1）,4.463524714913681,"[-2.204256213125885, 11.131305642953247]",1.822034356273103,"[-5.322888431554176, 8.966957144100382]",-2.641490358640578,"[-12.361442413169762, 7.078461695888606]",unresolved,unresolved
C038,73c2ffea28d055b40ed8ffdfcd49561d4c368ed54eb91dc1b76715f0104772dc,qr_oct_to_cfp_contribution,mechanism31,QR：双向−删除OCT→CFP（CFP F1）,2.9990860630381757,"[-0.14211765708679858, 6.1402897831631496]",0.4704332195832679,"[-2.5323048331007496, 3.4731712722672854]",-2.528652843454908,"[-6.880634189204758, 1.8233285022949426]",unresolved,unresolved
C039,20ccf4a95fedb78db4961149c25023dcf8dce1d47e123a4cc2bb0b8e29119741,qr_cfp_to_oct_contribution,mechanism31,QR：双向−删除CFP→OCT（OCT F1）,3.1778000068091323,"[-2.27103010677917, 8.626630120397435]",2.254677207590472,"[-3.1297369028602757, 7.63909131804122]",-0.9231227992186604,"[-8.545299106601624, 6.699053508164303]",unresolved,unresolved
C040,22892a2cceabbd795382a503da01999f1789aa6b6f365913e400729925ec570d,svd_rho1_16_minus_mmtm_r4,mechanism31,SVD ρ=1/16 − MMTM hidden256 (reduction4),3.81372126878815,"[-0.6186137727009795, 8.246056310277279]",2.912919770138954,"[-1.7422044009599729, 7.568043941237881]",-0.9008014986491961,"[-7.314313778100555, 5.512710780802163]",unresolved,unresolved
C041,bd5ad6357c5a600b095ca901bd24da3f4aaa43ea76e5719246079aa321e9ed6d,svd_rho1_16_minus_mmtm_r8,mechanism31,SVD ρ=1/16 − MMTM hidden128 (reduction8),3.81372126878815,"[-0.6186137727009795, 8.246056310277279]",2.912919770138954,"[-1.7422044009599729, 7.568043941237881]",-0.9008014986491961,"[-7.314313778100555, 5.512710780802163]",unresolved,unresolved
C042,6a3051f27f31f80e294f40a681293add878aa290c6bf80c19600bac5c20488cc,svd_rho1_16_minus_attention_d128,mechanism31,SVD ρ=1/16 − attention d128,3.3687407372209623,"[-0.7576669175600825, 7.495148392002007]",2.6618827812585693,"[-1.6341750657233307, 6.957940628240469]",-0.7068579559623931,"[-6.620414790995075, 5.206698879070289]",unresolved,unresolved
C043,0fa8e9a5b53b10f73da8260e3973706272ea0cfdae686898c1976fa9503492a2,svd_rho1_16_minus_attention_d256,mechanism31,SVD ρ=1/16 − attention d256,2.9697024289440286,"[-0.6920260975867802, 6.631430955474837]",1.7429260750745694,"[-2.371303476004697, 5.857155626153836]",-1.2267763538694592,"[-6.717791595066082, 4.2642388873271635]",unresolved,unresolved
C044,42a929bb546dbee405ab2c9648064b6c055cabfd6b4bd27fb2612239a7d9f5df,svd_rho1_8_minus_mmtm_r4,mechanism31,SVD ρ=1/8 − MMTM hidden256 (reduction4),4.446973881893648,"[-0.9464259101656598, 9.840373673952955]",3.3008698894944555,"[-2.2117892875239393, 8.81352906651285]",-1.1461039923991923,"[-8.84122027943582, 6.549012294637436]",unresolved,unresolved
C045,6c3f33c209898a4ce6b13b7c8b1cacdab5214524f6da3c23b76ad3227c096ece,svd_rho1_8_minus_mmtm_r8,mechanism31,SVD ρ=1/8 − MMTM hidden128 (reduction8),4.446973881893648,"[-0.9464259101656598, 9.840373673952955]",3.3008698894944555,"[-2.2117892875239393, 8.81352906651285]",-1.1461039923991923,"[-8.84122027943582, 6.549012294637436]",unresolved,unresolved
C046,c5f061db98e83c638b7287946e8368192b4853b1efb44450c18855c98e7f46ea,svd_rho1_8_minus_attention_d128,mechanism31,SVD ρ=1/8 − attention d128,4.00199335032646,"[-1.14408530600475, 9.14807200665767]",3.0498329006140708,"[-2.049252573439036, 8.148918374667177]",-0.9521604497123892,"[-8.137311264913215, 6.232990365488436]",unresolved,unresolved
C047,d9ab9690d229da99d4bfdb63635623786c8a7574f57971ab97dcba2613fa6fd2,svd_rho1_8_minus_attention_d256,mechanism31,SVD ρ=1/8 − attention d256,3.602955042049526,"[-1.1397991896118818, 8.345709273710934]",2.130876194430064,"[-2.732755622944052, 6.99450801180418]",-1.4720788476194624,"[-8.23334513801838, 5.289187442779456]",unresolved,unresolved
C048,8b0d66d8de7928753cb3ec4c09b344a39b604c1d6fb8f8856418cdeb24efb211,svd_rho1_4_minus_mmtm_r4,mechanism31,SVD ρ=1/4 − MMTM hidden256 (reduction4),4.321944690605459,"[-1.2519407447830737, 9.895830125993992]",1.3039131060875153,"[-4.485135803930375, 7.092962016105406]",-3.018031584517944,"[-11.016101071311812, 4.980037902275924]",unresolved,unresolved
C049,3d0f6db1b1aa5e59e3756ce38dfd65189e555f1e69900e232c9493b44972e269,svd_rho1_4_minus_mmtm_r8,mechanism31,SVD ρ=1/4 − MMTM hidden128 (reduction8),4.321944690605459,"[-1.2519407447830737, 9.895830125993992]",1.3039131060875153,"[-4.485135803930375, 7.092962016105406]",-3.018031584517944,"[-11.016101071311812, 4.980037902275924]",unresolved,unresolved
C050,f8a98cecb2be4a0d418a5b074b5f3f206e434f24fd10cd999a0dfaf52bfd7628,svd_rho1_4_minus_attention_d128,mechanism31,SVD ρ=1/4 − attention d128,3.8769641590382626,"[-1.5499607985869126, 9.303889116663438]",1.0528761172071288,"[-4.356280784458812, 6.462033018873069]",-2.824088041831134,"[-10.408112639498064, 4.7599365558357976]",unresolved,unresolved
C051,1d376d5794e844c68853911c8bca29a72ae08e0d37296cd534844b09a66b4ffa,svd_rho1_4_minus_attention_d256,mechanism31,SVD ρ=1/4 − attention d256,3.47792585076132,"[-1.5503984004170723, 8.506250101939713]",0.13391941102312366,"[-5.052782491225669, 5.320621313271916]",-3.3440064397381963,"[-10.535820388094894, 3.8478075086185006]",unresolved,unresolved
C052,714b26090c6544bf2f49164e304d0787d93b8758aacf0cada929353fea188c2d,qr_rho1_16_minus_mmtm_r4,mechanism31,QR ρ=1/16 − MMTM hidden256 (reduction4),0.4491777700574602,"[-1.354433432291177, 2.2527889724060977]",0.927135751368029,"[-0.9966188732399848, 2.850890375976043]",0.47795798131056877,"[-2.159406317833417, 3.1153222804545546]",unresolved,unresolved
C053,d2acb86f2f255c81730364f93d46b361fe487b7c42f56afa2022173323c90cbc,qr_rho1_16_minus_mmtm_r8,mechanism31,QR ρ=1/16 − MMTM hidden128 (reduction8),0.4491777700574602,"[-1.354433432291177, 2.2527889724060977]",0.927135751368029,"[-0.9966188732399848, 2.850890375976043]",0.47795798131056877,"[-2.159406317833417, 3.1153222804545546]",unresolved,unresolved
C054,3c467eda26d727d5d662411c7872ffa2643648b8fdee2e986de848215f454c92,qr_rho1_16_minus_attention_d128,mechanism31,QR ρ=1/16 − attention d128,0.004197238490263544,"[-1.7333950171613375, 1.7417894941418646]",0.6760987624876424,"[-1.1822819316088433, 2.534479456584128]",0.6719015239973789,"[-1.862165719886971, 3.205968767881729]",unresolved,unresolved
C055,7af880c9cd65cd997ba894fc75201300cf99f598eabe9aff2eb6e8ccf57e2e76,qr_rho1_16_minus_attention_d256,mechanism31,QR ρ=1/16 − attention d256,-0.3948410697866791,"[-3.017129557423825, 2.227447417850467]",-0.2428579436963627,"[-2.8922155981558646, 2.406499710763139]",0.1519831260903164,"[-3.5549408988443174, 3.85890715102495]",unresolved,unresolved
C056,6b408d90ec6b9e7227d6a9d702a2524f2f59b6a2db78fdc551b2d1f90840cafb,qr_rho1_8_minus_mmtm_r4,mechanism31,QR ρ=1/8 − MMTM hidden256 (reduction4),2.9953919100530086,"[-1.9836072983442108, 7.974391118450228]",1.9518613405771745,"[-2.534259993162846, 6.437982674317195]",-1.0435305694758341,"[-7.7350968672105065, 5.648035728258838]",unresolved,unresolved
C057,5265c7a35a504771e475e2bf965b51156976fb7e6ad63fdb47a0eb916d57ac3f,qr_rho1_8_minus_mmtm_r8,mechanism31,QR ρ=1/8 − MMTM hidden128 (reduction8),2.9953919100530086,"[-1.9836072983442108, 7.974391118450228]",1.9518613405771745,"[-2.534259993162846, 6.437982674317195]",-1.0435305694758341,"[-7.7350968672105065, 5.648035728258838]",unresolved,unresolved
C058,3b91101f96f5292e0670b15cfec31ca6b5a85e26b9c62d31cca23effde5670b6,qr_rho1_8_minus_attention_d128,mechanism31,QR ρ=1/8 − attention d128,2.550411378485812,"[-2.192421275949876, 7.2932440329215]",1.700824351696788,"[-2.4918763047049257, 5.893525008098502]",-0.849587026789024,"[-7.145874868228449, 5.446700814650401]",unresolved,unresolved
C059,0f8eb7640c56e88688429c1ab999a1ea78dd4afef814c947fb374b85b6156ba4,qr_rho1_8_minus_attention_d256,mechanism31,QR ρ=1/8 − attention d256,2.1513730702088694,"[-2.101490732217078, 6.404236872634817]",0.7818676455127829,"[-3.351886910848709, 4.915622201874275]",-1.3695054246960865,"[-7.269176972320545, 4.530166122928372]",unresolved,unresolved
C060,69820dca570d6fcbcc4da02d306c06137ffd56425d8b26016cae1dc7691bbdd1,qr_rho1_4_minus_mmtm_r4,mechanism31,QR ρ=1/4 − MMTM hidden256 (reduction4),4.444477474009911,"[-0.9934107117516717, 9.882365659771494]",2.7416079329842873,"[-2.70945755190756, 8.192673417876135]",-1.702869541025624,"[-9.371467606178953, 5.965728524127706]",unresolved,unresolved
C061,695f8b7b1a725e5c237d7dae4201dc167b9f695817ddb540dfc56961ccee82f0,qr_rho1_4_minus_mmtm_r8,mechanism31,QR ρ=1/4 − MMTM hidden128 (reduction8),4.444477474009911,"[-0.9934107117516717, 9.882365659771494]",2.7416079329842873,"[-2.70945755190756, 8.192673417876135]",-1.702869541025624,"[-9.371467606178953, 5.965728524127706]",unresolved,unresolved
C062,191b4c2b3c05a605854dd0702415bed315f13ef43c0878593d438ad63b77068a,qr_rho1_4_minus_attention_d128,mechanism31,QR ρ=1/4 − attention d128,3.9994969424427147,"[-1.3504006269753264, 9.349394511860755]",2.490570944103901,"[-2.5578607910211177, 7.539002679228919]",-1.508925998338814,"[-8.788802099161543, 5.7709501024839165]",unresolved,unresolved
C063,57443d96bb3bd95644f27592f03e6c8d07b37a8eb5da04f6e6a992a9d66df71d,qr_rho1_4_minus_attention_d256,mechanism31,QR ρ=1/4 − attention d256,3.600458634165772,"[-1.3062518643175505, 8.507169132649095]",1.5716142379198956,"[-3.4236440368757393, 6.5668725127155305]",-2.0288443962458764,"[-8.975410022796302, 4.917721230304549]",unresolved,unresolved
C064,626d6a1e12eae6bae633622513c51f0502b3f8377f2a7578d80356a362557162,qr_radon_minus_self,qr_mechanism3,QR R&B − 自身,2.6296823847067783,"[-0.8089386441412776, 6.068303413554834]",1.8735350083098359,"[-1.492765711698817, 5.239835728318489]",-0.7561473763969424,"[-5.5699174393072175, 4.057622686513333]",unresolved,unresolved
C065,89129848b72b38015f285aea0e621366e4f35445f5228b99fb6dbc08971bf480,qr_radon_minus_scrambled,qr_mechanism3,QR R&B − 空间打乱,0.18081278046259186,"[-1.6908013090226337, 2.0524268699478174]",-0.7850694012797184,"[-2.9584474859513317, 1.388308683391895]",-0.9658821817423102,"[-3.8350021190836903, 1.9032377555990698]",unresolved,unresolved
C066,b64e91deda74bd895d0d839a91710c5ee692982f2a119844b08d66f942b6f96d,basis_spatial_interaction,qr_mechanism3,两种基的空间结构增益之差,1.794285090541944,"[-0.7482878201305043, 4.3368580012143925]",0.1815896489151334,"[-2.7934184875899972, 3.156597785420264]",-1.6126954416268107,"[-5.489714679383754, 2.264323796130133]",unresolved,unresolved
C067,62a756cc23c4a02c7af91b64f4ec0e1010c9c0617f0e7a4013dbbf672f1d970e,nested_learned_channel_joint_minus_independent,joint_width3,多宽度 learned channel 联合宽度 − 独立宽度,-2.8953538158278276,"[-6.629268816999371, 0.8385611853437163]",-2.53352750105003,"[-6.460459995911036, 1.3934049938109747]",0.36182631477779736,"[-5.043250287931477, 5.766902917487072]",unresolved,unresolved
C068,9047bd57bcd5b288dabecf11b2204b815ed5a1fa421277b666155814ff4503ee,nested_svd_joint_minus_independent,joint_width3,多宽度 SVD 联合宽度 − 独立宽度,-4.194213280429103,"[-8.748341621076761, 0.35991506021855724]",-2.50590092190697,"[-7.267980157299176, 2.2561783134852362]",1.6883123585221327,"[-4.882553706790176, 8.259178423834442]",unresolved,unresolved
C069,69512b21a844996d495233532e1a2480e5befb134436206470416cc2f4b21d46,nested_qr_joint_minus_independent,joint_width3,多宽度 QR 联合宽度 − 独立宽度,-2.6296823847067783,"[-6.068303413554834, 0.8089386441412776]",-1.8735350083098359,"[-5.239835728318489, 1.492765711698817]",0.7561473763969424,"[-4.057622686513333, 5.5699174393072175]",unresolved,unresolved
C070,7a48f0b42f0d5e5a76cde51f14bd0ff6859d872d4c42f0abbb23ca163761d006,svd_ordered_minus_permuted,s_axis3,SVD 有序 − 打乱,1.0122096676918746,"[-1.1643764977444166, 3.188795833128166]",0.21037751859419762,"[-2.166190012704796, 2.5869450498931914]",-0.801832149097677,"[-3.9906416757598455, 2.3869773775644916]",unresolved,unresolved
C071,52f521cb1e881d365fde6d56893bb10be34355c6bf52d90d2af424912404e3ea,qr_ordered_minus_permuted,s_axis3,QR 有序 − 打乱,0.6945836200372013,"[-1.4422696428970845, 2.831436882971487]",-0.5277526952983052,"[-2.525474846000732, 1.4699694554041218]",-1.2223363153355065,"[-4.1252918667709055, 1.6806192360998926]",unresolved,unresolved
C072,8eaa2400d4ab91ba9b042a62e61d46709160a594d204025cbf370972c6f95232,basis_S_axis_interaction,s_axis3,两种基的S轴邻接增益之差,0.3176260476546333,"[-2.4264973415754203, 3.061749436884687]",0.7381302138924908,"[-1.89173578209243, 3.3679962098774117]",0.42050416623785747,"[-3.3503600737294006, 4.1913684062051155]",unresolved,unresolved
C073,d9f4e6192c0fe47b8801f29eb981429513fc8f00551019c1768a92f5daad6411,fixed_r16_geometry_M32_minus_M16,allocation8,固定r16 几何增益 M32 − M16,1.8011864584778312,"[-0.6699802674904207, 4.272353184446083]",1.7187370313437276,"[-0.9700917047040196, 4.407565767391475]",-0.08244942713410364,"[-3.7373541056181225, 3.5724552513499153]",unresolved,unresolved
C074,983138f414308ab29b9cca8d556ca0b99307278443efb1fea224870cddeb3c48,fixed_r16_geometry_M64_minus_M16,allocation8,固定r16 几何增益 M64 − M16,2.3532147596468906,"[-1.1129091312671173, 5.819338650560899]",1.9468967197853635,"[-1.444553387225743, 5.33834682679647]",-0.40631803986152715,"[-5.272328790233784, 4.45969271051073]",unresolved,unresolved
C075,bf685dc97b2259952879490623409295c6fefdafc4f40feb23adf0702acbd5ea,fixed_r32_geometry_M32_minus_M16,allocation8,固定r32 几何增益 M32 − M16,0.08326942068680054,"[-2.9090875330994383, 3.0756263744730394]",0.032135888799873946,"[-3.142830081742503, 3.207101859342251]",-0.0511335318869266,"[-4.399164543582901, 4.296897479809048]",unresolved,unresolved
C076,52176327716ce5e5b3b6e5ad53ae2095dc8fa98c5c14ea1bad584fc2a4be989b,fixed_r32_geometry_M64_minus_M16,allocation8,固定r32 几何增益 M64 − M16,1.668881734506467,"[-1.3803150462722757, 4.71807851528521]",-0.4091106704645684,"[-3.4563118485979007, 2.638090507668764]",-2.0779924049710354,"[-6.371704485145201, 2.21571967520313]",unresolved,unresolved
C077,7a0fdd7c2cb728dadfc884f3de643edca2031237d54de364790a1cbb372224a7,radon_rank32_minus_rank16,allocation8,R&B r32 − r16,1.1405462119932819,"[-1.1007384710879025, 3.381830895074466]",1.0591474239711782,"[-0.9787612441415099, 3.097056092083866]",-0.08139878802210365,"[-3.1147081442908404, 2.951910568246633]",unresolved,unresolved
C078,e9b94175b9fd052085c751d965118db5e0fa58fdf03edde59f48ce3afdf11bb1,linear_resample_rank32_minus_rank16,allocation8,普通通信 r32 − r16,0.11881008767113332,"[-0.5409813385207104, 0.778601513862977]",0.05454579797615766,"[-0.5792683837422457, 0.688359979694561]",-0.06426428969497566,"[-0.9769978613059266, 0.8484692819159753]",supports_practical_similarity,supports_practical_similarity
C079,74e398afc680dcb383e01d98123f571dcc38e22a78e80f92baa49438b8187cc5,geometry_rank_interaction,allocation8,几何增益 rank交互,1.0217361243221492,"[-1.1964528310105518, 3.23992507965485]",1.0046016259950359,"[-1.0996926092538688, 3.1088958612439406]",-0.017134498327113334,"[-3.0729952306195014, 3.0387262339652747]",unresolved,unresolved
C080,4d4173c40e206f10e090575028627c8617d3085d67e3e282b64923f120440fb3,M64_M16_by_rank_interaction,allocation8,M64 M16 随 rank交互,-0.6843330251404289,"[-5.2612314095762045, 3.8925653592953466]",-2.3560073902499443,"[-6.764267875950729, 2.0522530954508404]",-1.6716743651095154,"[-8.027556021649149, 4.684207291430118]",unresolved,unresolved
C081,debfc7fe812e588259df70151af7a15d0b8c488664119b60f24bc9a5cae51ca9,frozen_svd_radon_minus_linear_resample,frozen9,冻结 SVD R&B − 普通通信,0.819766280745247,"[-1.6117362266609407, 3.251268788151435]",1.5553335763973513,"[-1.3714683284234068, 4.482135481218109]",0.7355672956521042,"[-3.035756097119355, 4.506890688423564]",unresolved,unresolved
C082,c1b0811d48dc3e956dbe01b4d3f82d3822bb4fc14c8a2efb483734faa12a43bb,frozen_svd_radon_minus_self,frozen9,冻结 SVD R&B − 自身,1.0111188532426416,"[-1.406997991485397, 3.42923569797068]",1.7933667193522433,"[-0.9980645547237224, 4.584797993428209]",0.7822478661096017,"[-2.88359663765023, 4.448092369869434]",unresolved,unresolved
C083,07038a561440ce05e5415ca4fc9622752a282100e08cf673fcdb8beef5f44860,frozen_svd_radon_minus_parent,frozen9,冻结 SVD R&B − 父模型,1.066953355843033,"[-1.5683992077651494, 3.7023059194512156]",2.1105659626940163,"[-1.0062460151778345, 5.227377940565868]",1.0436126068509832,"[-3.0000009640231973, 5.087226177725164]",unresolved,unresolved
C084,f184cbf16a767204668ec712dc41606ec5b3370c49bd6173a67dc4ea0e22fd78,frozen_qr_radon_minus_linear_resample,frozen9,冻结 QR R&B − 普通通信,0.17911239599789264,"[-1.496600461381423, 1.8548252533772083]",0.8557218970694969,"[-0.9273640431430523, 2.6388078372820463]",0.6766095010716042,"[-1.7867543340899776, 3.139973336233186]",unresolved,unresolved
C085,5f485d0e6832289eb120f110ce07b0e38a2ff34e28213ac2ee3aa6b0d3b414c8,frozen_qr_radon_minus_self,frozen9,冻结 QR R&B − 自身,0.5095032270844388,"[-1.0989877883071748, 2.1179942424760525]",0.9071904991254636,"[-0.7927861189920071, 2.607167117242934]",0.3976872720410247,"[-1.9554511359908977, 2.750825680072947]",unresolved,unresolved
C086,1b04cc815e840fe5315324bdfce73f82c9238ee65e07a29dfa050419c6df9c18,frozen_qr_radon_minus_parent,frozen9,冻结 QR R&B − 父模型,0.5421361478333395,"[-1.223471942199436, 2.307744237866115]",0.911869013414849,"[-0.8530918996298671, 2.676829926459565]",0.36973286558150953,"[-2.1374120172382507, 2.8768777484012698]",unresolved,unresolved
C087,a0e11ccbf9f7440c01ca54cb120a39c68188f63ac91cad190d47495f68868c3d,frozen_basis_geometry_interaction,frozen9,冻结 SVD与QR几何增益之差,0.6406538847473562,"[-1.6665210636737933, 2.9478288331685056]",0.6996116793278575,"[-2.028738456991433, 3.427961815647148]",0.05895779458050132,"[-3.5076507905930154, 3.625566379754018]",unresolved,unresolved
C088,4fce58480c6d7f0e4f4c401c64699c97148da383d7a889f2ad87de2904483e5e,svd_full_minus_frozen_geometry,frozen9,SVD 全参数 − 冻结 几何增益,2.4322306859776672,"[-1.577856561569682, 6.4423179335250165]",-0.0905975746239629,"[-4.491340684125708, 4.310145534877783]",-2.52282826060163,"[-8.441106232172002, 3.3954497109687423]",unresolved,unresolved
C089,b4d01c48ddd86aaba9cc34577f9eb5a65dcac96ef7059c6db90104043514cbfb,qr_full_minus_frozen_geometry,frozen9,QR 全参数 − 冻结 几何增益,1.8616572747353621,"[-1.4533875374635272, 5.1767020869342515]",0.5777785882043944,"[-2.8741403027470844, 4.029697479155873]",-1.2838786865309677,"[-6.057469449740425, 3.4897120766784893]",unresolved,unresolved
C090,1aa9780f8db285545723533d9c9382782be729563dccd8ef5d9b2e04a65662b6,radon_stage2_presence,depth22,R&B stage2 出现的边际效应,0.1518250934099279,"[-1.157772376991168, 1.4614225638110239]",0.9367278029466186,"[-0.5120389512793382, 2.385494557172575]",0.7849027095366907,"[-1.152996571014405, 2.7228019900877865]",unresolved,unresolved
C091,cb648e8a353820ff1e3803663719d7bb0567fcb129970c45bc08ad5f630e7394,radon_stage3_presence,depth22,R&B stage3 出现的边际效应,1.1828663727754116,"[-0.6906185214371339, 3.0563512669879573]",1.402376076165021,"[-0.4561179253546024, 3.260870077684644]",0.2195097033896094,"[-2.4188753285977302, 2.8578947353769486]",unresolved,unresolved
C092,d0f1098c3c504feeacee77a56dbee4390b0c10bd013a47a65c5e1bb4d5db0bf6,radon_stage4_presence,depth22,R&B stage4 出现的边际效应,-0.5209107531980108,"[-2.995798383261255, 1.9539768768652332]",-0.8863813777263865,"[-3.39047905493761, 1.6177162994848373]",-0.36547062452837564,"[-3.8654367600055792, 3.1344955109488284]",unresolved,unresolved
C093,e16d5cea1cb76125a6d378a4e56f36b100cd2b113243bee7bf870cb8bdd58137,radon_count2_minus_count1,depth22,R&B 双桥 − 单桥,0.12141296462188023,"[-1.9285238616228229, 2.171349790866583]",0.18219092294137718,"[-1.9224243249736606, 2.2868061708564147]",0.06077795831949695,"[-2.850162421689867, 2.971718338328861]",unresolved,unresolved
C094,8173f0ec0d090e295538a21bfa2f045e7367df26d1f7706823205e958988cd4e,radon_count3_minus_count2,depth22,R&B 三桥 − 双桥,-0.5549643313381036,"[-2.9227606525178187, 1.8128319898416114]",0.558461810435122,"[-1.7708607552827322, 2.8877843761529762]",1.1134261417732256,"[-2.1800007316135193, 4.406853015159971]",unresolved,unresolved
C095,6abd312dc7c62cbba1e7a086ded9fa540133f127619e9b0475df1186d5d7ad8f,radon_count2_minus_single_rank23,depth22,R&B 双桥 − 单桥r23,-1.3811507686728761,"[-4.480610278680864, 1.7183087413351112]",-1.5612405693116584,"[-4.811869867960652, 1.689388729337336]",-0.18008980063878233,"[-4.663018150207436, 4.302838548929871]",unresolved,unresolved
C096,d9252c80eb1eb8c7362e85390d0c937408dfc6513d08d714924df6465a842623,radon_count3_minus_single_rank28,depth22,R&B 三桥 − 单桥r28,-3.254068835759332,"[-7.9139630488499515, 1.4058253773312872]",-1.8591841664196638,"[-6.459233561594393, 2.740865228755066]",1.3948846693396684,"[-5.1187504596884335, 7.90851979836777]",unresolved,unresolved
C097,6af9e780f9b87b1c6e43e0099a5df7e41bf2d65bc0d33f4879b1b5e64f87a705,linear_resample_stage2_presence,depth22,普通通信 stage2 出现的边际效应,-0.12140429310014422,"[-1.226038204615545, 0.9832296184152565]",-0.1765236585897927,"[-1.2711473646011882, 0.9181000474216028]",-0.055119365489648464,"[-1.6003481942858366, 1.4901094633065397]",unresolved,unresolved
C098,6798b91246393a3a79b3dc9a61895e521d2193699e9eb53547bcec5da55bb280,linear_resample_stage3_presence,depth22,普通通信 stage3 出现的边际效应,-0.016648862736494685,"[-0.9738897574009046, 0.9405920319279152]",0.3256582336477767,"[-0.8046618698564407, 1.455978337151994]",0.34230709638427137,"[-1.1324123955806626, 1.8170265883492054]",supports_practical_similarity,unresolved
C099,6d7ed5de36e275f1af03c07a4445bc0bb554c5ab475707d9d987d4f423b3b03f,linear_resample_stage4_presence,depth22,普通通信 stage4 出现的边际效应,1.8762045569381134,"[-2.3760086495268804, 6.128417763403107]",0.9295473646005563,"[-3.1329907228299803, 4.992085452031093]",-0.9466571923375571,"[-6.798349819338501, 4.905035434663386]",unresolved,unresolved
C100,861de1c46f1e3be57557b9b470d0fccab0535d32b90a4b0b65bf01dea936cbab,linear_resample_count2_minus_count1,depth22,普通通信 双桥 − 单桥,0.49450931845449997,"[-1.469082369079237, 2.4581010059882367]",0.2640678521274189,"[-1.8227829387172247, 2.3509186429720623]",-0.23044146632708107,"[-3.09808415314835, 2.6372012204941884]",unresolved,unresolved
C101,8e53c2bb2fc23ca45b6239b429555daed027e23deb07db3d98060794cbbb2292,linear_resample_count3_minus_count2,depth22,普通通信 三桥 − 双桥,0.6070134174229072,"[-1.5346553635213849, 2.748682198367199]",0.4716683367628649,"[-1.7882451161338322, 2.731581789659562]",-0.13534508066004225,"[-3.242690042412271, 2.9719998810921866]",unresolved,unresolved
C102,def9da1903978f4c378ceb581b3c6b40b3634975c689d7b6ca28f9844f8b0d1d,linear_resample_count2_minus_single_rank23,depth22,普通通信 双桥 − 单桥r23,1.1222973125916669,"[-1.985746943893755, 4.230341569077089]",0.13240633411616254,"[-2.9618239165922553, 3.226636584824581]",-0.9898909784755043,"[-5.367392121295286, 3.387610164344278]",unresolved,unresolved
C103,ebb418f17d23f67afc200041a92b8c6000ddb17b3cb12b9a58c0bf8c51e2d1ba,linear_resample_count3_minus_single_rank28,depth22,普通通信 三桥 − 单桥r28,1.4504854393260889,"[-2.4474170809431244, 5.348387959595302]",0.5865059419009571,"[-3.2454541675276243, 4.418466051329538]",-0.8639794974251318,"[-6.29847213774021, 4.570513142889946]",unresolved,unresolved
C104,77f4643ce7f4fd40eeac66488a3cc81e646e9094a57883b976658b51fae4a4cc,geometry_count1,depth22,几何增益 单桥,0.6756762056073977,"[-0.6079468239378278, 1.9592992351526233]",0.5756811336687815,"[-0.7605379799799046, 1.9119002473174675]",-0.09999507193861623,"[-1.9559959373134157, 1.7560057934361832]",unresolved,unresolved
C105,efcfaa1d3a69679ad40275bb12687312395b65880118c3c02e062f1e5b927026,geometry_count2,depth22,几何增益 双桥,0.302579851774772,"[-1.7438943533341036, 2.3490540568836478]",0.49380420448275,"[-1.5222462995257995, 2.509854708491299]",0.191224352707978,"[-2.684684436132271, 3.067133141548227]",unresolved,unresolved
C106,85edb466d3d29c99c170cba5aa162fac1cbeeb12469449cd456c74ec71a834aa,geometry_count3,depth22,几何增益 三桥,-0.8593978969862253,"[-3.8261269135735385, 2.107331119601088]",0.5805976781550166,"[-2.5110454577382435, 3.6722408140482767]",1.4399955751412419,"[-2.782581309405254, 5.662572459687738]",unresolved,unresolved
C107,680b8410741e3f21db6ca1ccab003a81872429c2bbd2ac6dce2fe75fe5370d96,geometry_count2_minus_count1,depth22,几何增益 双桥 − 单桥,-0.3730963538326255,"[-2.4458143242265606, 1.6996216165613094]",-0.08187692918603218,"[-2.2308307449266476, 2.0670768865545837]",0.29121942464659334,"[-2.7088341206153568, 3.2912729699085435]",unresolved,unresolved
C108,12133e9a9e2bdbf4e4811c94d66f2aafc296bcac926be0d1d0ea261ddaca1e0d,geometry_count3_minus_count2,depth22,几何增益 三桥 − 双桥,-1.1619777487609984,"[-4.452996381844451, 2.129040884322454]",0.08679347367226686,"[-3.16658531317582, 3.3401722605203537]",1.2487712224332652,"[-3.348682563551404, 5.846225008417934]",unresolved,unresolved
C109,09c4f9b788c0aa4461e37d22eb8f097f5bca72d9fa2a7ac4e6b73a91d2650519,geometry_stage2_presence,depth22,几何增益 stage2 出现的边际效应,0.2732293865100641,"[-1.5036539103146114, 2.0501126833347394]",1.1132514615364113,"[-0.7811403703911532, 3.0076432934639756]",0.8400220750263472,"[-1.7589248499506378, 3.438969000003332]",unresolved,unresolved
C110,79d5f11071e7d2e31928432d29c93de4bac8e504babfa4eeb1275893aaf9158b,geometry_stage3_presence,depth22,几何增益 stage3 出现的边际效应,1.199515235511907,"[-0.8654205449029224, 3.2644510159267366]",1.0767178425172528,"[-0.9710525927816835, 3.124488277816189]",-0.1227973929946542,"[-3.019934981618527, 2.774340195629219]",unresolved,unresolved
C111,6b5c66f6f9910edf7e2269d07786eea334752046dbfc3f8970f39c0945c271dc,geometry_stage4_presence,depth22,几何增益 stage4 出现的边际效应,-2.397115310136107,"[-5.743597663293081, 0.9493670430208674]",-1.8159287423269228,"[-4.954563361328707, 1.3227058766748614]",0.5811865678091841,"[-3.983216244166825, 5.145589379785194]",unresolved,unresolved
C112,184d0e3afe1bc8475bcbcad61a900e8f8fb90b46bd045f3c3853e0a6735297cb,frozen_radon_minus_linear_resample,frozen2,冻结 R&B − 普通通信,1.4827297303812017,"[-2.3143148729079757, 5.279774333670379]",2.0616042112391977,"[-2.4334466541778053, 6.556655076656201]",0.578874480857996,"[-5.271322004966077, 6.429070966682069]",unresolved,unresolved
C113,ea03c79c96d6bba318f582de2dcf5e571a88adda7f36199842adb5b833ec3c2e,frozen_radon_minus_parent,frozen2,冻结 R&B − 父模型,1.4827297303812017,"[-2.3143148729079757, 5.279774333670379]",2.0616042112391977,"[-2.4334466541778053, 6.556655076656201]",0.578874480857996,"[-5.271322004966077, 6.429070966682069]",unresolved,unresolved
C114,6dc7efe05e1eb3aa77dd0d173a319c80eacc172ef0d14ea81333fff501debab9,mmtm_hidden256_radon_both_on_minus_host_only,component8,mmtm hidden256 R&B 两路开 − 仅宿主,19.46201837362276,"[14.55321344950054, 24.370823297744984]",14.126182725593553,"[8.878116930837443, 19.374248520349663]",-5.335835648029208,"[-12.53016858707533, 1.8584972910169135]",supports_substantive_improvement,supports_substantive_improvement
C115,cb3b74637bc1e785c818a1f595910926df250bb5e2305f62a4d448ebc9101ca9,mmtm_hidden256_radon_both_on_minus_new_only,component8,mmtm hidden256 R&B 两路开 − 仅新增,-0.10197422801871525,"[-1.1337047109129863, 0.9297562548755558]",-0.4174774688477978,"[-1.489929846623182, 0.6549749089275865]",-0.31550324082908254,"[-1.7894620114193578, 1.1584555297611927]",unresolved,unresolved
C116,0f31b7ba4a62298886a6a1a52ffb199a5711b1d169023ca7522c5971052e4594,mmtm_hidden256_linear_resample_both_on_minus_host_only,component8,mmtm hidden256 普通通信 两路开 − 仅宿主,0.5487723299482887,"[-0.05174792952742868, 1.149292589424006]",0.28122171520398087,"[-0.3553540247798672, 0.917797455187829]",-0.26755061474430786,"[-1.1454572133750136, 0.610355983886398]",unresolved,supports_practical_similarity
C117,70c38d7442eb92d60b27cd1a2d7b4bd4c621aea9fa71b59c7a0ed89be7843a4b,mmtm_hidden256_linear_resample_both_on_minus_new_only,component8,mmtm hidden256 普通通信 两路开 − 仅新增,-3.552713678800501e-15,,0.003038388158570271,"[-0.13474254460507992, 0.14081932092222046]",0.0030383881585738237,"[-0.1341275513423986, 0.14020432765954624]",undefined_zero_variance,supports_practical_similarity
C118,95a9929f7c160b64902a425714b2ccdc13344fe6f3ebbf3f6db7dcc908bbd6b7,attention_d256_radon_both_on_minus_host_only,component8,attention d256 R&B 两路开 − 仅宿主,20.466996796312863,"[15.824529960419472, 25.109463632206253]",14.14046630860208,"[8.958620759366822, 19.32231185783734]",-6.326530487710782,"[-13.292709564634633, 0.6396485892130688]",supports_substantive_improvement,supports_substantive_improvement
C119,5d85e924734f36a3780ee8353f48780468e03c74349e30c31b645d5d414f0401,attention_d256_radon_both_on_minus_new_only,component8,attention d256 R&B 两路开 − 仅新增,5.698701366799272,"[3.4264800969338594, 7.9709226366646835]",3.601879480294668,"[1.1438391136222754, 6.059919846967061]",-2.0968218865046038,"[-5.446083897861173, 1.2524401248519652]",supports_substantive_improvement,supports_substantive_improvement
C120,f29da0d7ae571ea49dca75881afde18b5ac3157a562aa3a567cffae8d2b46fa2,attention_d256_linear_resample_both_on_minus_host_only,component8,attention d256 普通通信 两路开 − 仅宿主,0.6326595750816049,"[-0.6969502347254017, 1.9622693848886115]",-0.5975629788842598,"[-1.8594946544469355, 0.6643686966784159]",-1.2302225539658647,"[-3.0693246199210913, 0.6088795119893617]",unresolved,unresolved
C121,dd82875ffd7e55333b5119a22e2a0ff32ffaca6170759bab958914a995528139,attention_d256_linear_resample_both_on_minus_new_only,component8,attention d256 普通通信 两路开 − 仅新增,4.105864891941538,"[1.7878774578318115, 6.423852326051264]",1.1175965455146546,"[-1.096491012554846, 3.331684103584155]",-2.9882683464268833,"[-6.172382081843191, 0.19584538898942405]",supports_substantive_improvement,unresolved
