subset,rho,mechanism,branch,centered_minus_uncentered_pp,ci95_low,ci95_high
3416,1/16,svd_radon,cfp,-2.041859714073335,-6.0769866937356705,1.8438670369395318
3416,1/16,svd_radon,oct,-1.3385339536476804,-5.779955470238569,3.24770014171636
3416,1/16,svd_radon,mean,-1.6901968338605078,-4.915193660958535,1.4777597157007887
3416,1/16,svd_self,cfp,0.0,0.0,0.0
3416,1/16,svd_self,oct,0.0,0.0,0.0
3416,1/16,svd_self,mean,0.0,0.0,0.0
3416,1/16,svd_scrambled,cfp,1.1588090953407182,-2.9045886992768826,5.340872739496602
3416,1/16,svd_scrambled,oct,2.3918325039561816,-1.9301064478673888,6.554211248892557
3416,1/16,svd_scrambled,mean,1.77532079964845,-1.2724823007085642,4.775708414478218
3416,1/16,svd_resample,cfp,0.0,0.0,0.0
3416,1/16,svd_resample,oct,0.0,0.0,0.0
3416,1/16,svd_resample,mean,0.0,0.0,0.0
3416,1/8,svd_radon,cfp,2.317161770714249,-1.5828370796912679,6.140219481661086
3416,1/8,svd_radon,oct,2.0276055759153255,-1.6882164840303873,5.745223510689677
3416,1/8,svd_radon,mean,2.172383673314787,-0.6230251142764112,5.112270481169492
3416,1/8,svd_self,cfp,0.0,0.0,0.0
3416,1/8,svd_self,oct,0.0,0.0,0.0
3416,1/8,svd_self,mean,0.0,0.0,0.0
3416,1/8,svd_scrambled,cfp,2.698845907766434,-1.3486256941781583,6.76526502493721
3416,1/8,svd_scrambled,oct,-0.03663671265197177,-4.735160850463717,4.729961867987052
3416,1/8,svd_scrambled,mean,1.331104597557231,-2.0690886398007304,4.6833104253907525
3416,1/8,svd_resample,cfp,-2.698660782691309,-6.760354334006334,1.3523797760508212
3416,1/8,svd_resample,oct,-0.3278272391193937,-5.097453217699361,4.40195511214332
3416,1/8,svd_resample,mean,-1.5132440109053513,-4.738298644665074,1.7403400319936806
3416,1/4,svd_radon,cfp,0.6165946316941562,-4.079794376005394,5.109804840452462
3416,1/4,svd_radon,oct,3.9679411526994834,-0.8466439127889979,8.794095191654888
3416,1/4,svd_radon,mean,2.29226789219682,-1.9079681368810422,6.322562584968878
3416,1/4,svd_self,cfp,0.0,0.0,0.0
3416,1/4,svd_self,oct,0.0,0.0,0.0
3416,1/4,svd_self,mean,0.0,0.0,0.0
3416,1/4,svd_scrambled,cfp,5.112464303282671,0.9344549364826008,9.518569447921916
3416,1/4,svd_scrambled,oct,0.08082266998591381,-4.422585825480968,4.476468583013685
3416,1/4,svd_scrambled,mean,2.5966434866342922,-1.023164577344573,6.232025798254425
3416,1/4,svd_resample,cfp,0.3750260308048259,-3.475180366241816,4.357340715928407
3416,1/4,svd_resample,oct,1.6312530443103102,-2.9947186119426914,6.3421133307746365
3416,1/4,svd_resample,mean,1.003139537557568,-2.0764005633568097,4.152528326200183
3417,1/16,svd_radon,cfp,0.5553060614734817,-3.7859709523443015,5.023645300095033
3417,1/16,svd_radon,oct,-1.695809890131239,-5.971655566594475,2.519413815773888
3417,1/16,svd_radon,mean,-0.5702519143288787,-3.8894158465707074,2.8387489395729792
3417,1/16,svd_self,cfp,0.0,0.0,0.0
3417,1/16,svd_self,oct,0.0,0.0,0.0
3417,1/16,svd_self,mean,0.0,0.0,0.0
3417,1/16,svd_scrambled,cfp,-3.3608240303239723,-7.77069885756327,0.8842144831335454
3417,1/16,svd_scrambled,oct,4.06905192472673,-0.04104701560104784,8.199137002091778
3417,1/16,svd_scrambled,mean,0.3541139472013788,-2.698706758258092,3.425249885685299
3417,1/16,svd_resample,cfp,0.0,0.0,0.0
3417,1/16,svd_resample,oct,0.0,0.0,0.0
3417,1/16,svd_resample,mean,0.0,0.0,0.0
3417,1/8,svd_radon,cfp,-0.9651748489598821,-4.401043496146332,2.387644699783065
3417,1/8,svd_radon,oct,0.6846673892475508,-2.9743893702288324,4.354078345275099
3417,1/8,svd_radon,mean,-0.1402537298561657,-2.8794379544617366,2.516583077064642
3417,1/8,svd_self,cfp,0.0,0.0,0.0
3417,1/8,svd_self,oct,0.0,0.0,0.0
3417,1/8,svd_self,mean,0.0,0.0,0.0
3417,1/8,svd_scrambled,cfp,2.0271195726612845,-1.768437995700871,6.074603743509752
3417,1/8,svd_scrambled,oct,0.6469686768414751,-3.7131320442946403,5.020628198059753
3417,1/8,svd_scrambled,mean,1.3370441247513798,-2.1367693233115075,4.875159389685892
3417,1/8,svd_resample,cfp,0.5880592938987017,-3.4422397659866917,4.675042810814123
3417,1/8,svd_resample,oct,-0.16260466577621147,-4.903355700111784,4.565028360053993
3417,1/8,svd_resample,mean,0.21272731406124512,-2.9566055958183597,3.3373570491233755
3417,1/4,svd_radon,cfp,-2.142986997501073,-7.047783832548758,2.6829646931311064
3417,1/4,svd_radon,oct,1.0002548477403117,-3.4000366465803635,5.422170138693807
3417,1/4,svd_radon,mean,-0.5713660748803806,-4.8103189395197195,3.6148903423431826
3417,1/4,svd_self,cfp,0.0,0.0,0.0
3417,1/4,svd_self,oct,0.0,0.0,0.0
3417,1/4,svd_self,mean,0.0,0.0,0.0
3417,1/4,svd_scrambled,cfp,0.741198998379744,-4.00796189978981,5.4880042172566785
3417,1/4,svd_scrambled,oct,-5.168079574968154,-11.089705064896254,0.6637443292066575
3417,1/4,svd_scrambled,mean,-2.213440288294205,-6.726352518784329,2.318764824617734
3417,1/4,svd_resample,cfp,1.8019119136393535,-2.0930263408374516,5.703966461703993
3417,1/4,svd_resample,oct,-0.8530568935617211,-5.6645360563938745,3.9890903611278365
3417,1/4,svd_resample,mean,0.4744275100388162,-2.6790369084330345,3.6770059351083657
3418,1/16,svd_radon,cfp,-0.3638078222390151,-4.545532750171159,3.9069200076507133
3418,1/16,svd_radon,oct,-0.7086283499306845,-4.869869792638401,3.418116029076087
3418,1/16,svd_radon,mean,-0.5362180860848498,-3.728996987505876,2.742464959843091
3418,1/16,svd_self,cfp,0.0,0.0,0.0
3418,1/16,svd_self,oct,0.0,0.0,0.0
3418,1/16,svd_self,mean,0.0,0.0,0.0
3418,1/16,svd_scrambled,cfp,3.1008070485277095,-0.6602185768066737,6.903481929083233
3418,1/16,svd_scrambled,oct,-0.07865815849196212,-4.9610449542452235,4.754832554371983
3418,1/16,svd_scrambled,mean,1.5110744450178737,-1.8276899000124451,4.769845616553557
3418,1/16,svd_resample,cfp,-0.9593990353121473,-5.065264258243829,3.182099728209651
3418,1/16,svd_resample,oct,0.013085159455095141,-4.271927636104871,4.27063435012845
3418,1/16,svd_resample,mean,-0.4731569379285261,-3.414211015944632,2.543059720587213
3418,1/8,svd_radon,cfp,-0.27482325908807503,-5.645167050225359,4.892225053267799
3418,1/8,svd_radon,oct,-2.6327320948962285,-8.13041252071869,2.75243698043929
3418,1/8,svd_radon,mean,-1.4537776769921518,-5.8352873993630645,2.856545394113316
3418,1/8,svd_self,cfp,0.0,0.0,0.0
3418,1/8,svd_self,oct,0.0,0.0,0.0
3418,1/8,svd_self,mean,0.0,0.0,0.0
3418,1/8,svd_scrambled,cfp,-0.17245743317485518,-4.764774675640671,4.413747287409598
3418,1/8,svd_scrambled,oct,-1.3960921707400487,-5.578649213887603,2.731785894679152
3418,1/8,svd_scrambled,mean,-0.7842748019574519,-3.983146379904354,2.493315050439506
3418,1/8,svd_resample,cfp,0.0,-4.788189493721184,4.799237453464525
3418,1/8,svd_resample,oct,-1.1949444077882676,-6.096619071299545,3.5192855693740817
3418,1/8,svd_resample,mean,-0.5974722038941338,-3.77238767266516,2.4825013116628876
3418,1/4,svd_radon,cfp,-0.33258305570131874,-4.924702207124397,4.292350655826095
3418,1/4,svd_radon,oct,-0.9708577267854124,-6.111033787927044,4.223032293392656
3418,1/4,svd_radon,mean,-0.6517203912433656,-5.203026515760819,3.907474242961845
3418,1/4,svd_self,cfp,0.0,0.0,0.0
3418,1/4,svd_self,oct,0.0,0.0,0.0
3418,1/4,svd_self,mean,0.0,0.0,0.0
3418,1/4,svd_scrambled,cfp,1.9769723995076038,-2.1247852560556892,6.327910000535225
3418,1/4,svd_scrambled,oct,0.9444907991984053,-2.720647080028831,4.631685654762756
3418,1/4,svd_scrambled,mean,1.4607315993530046,-1.7095924351485055,4.62828708206466
3418,1/4,svd_resample,cfp,-2.012189064656056,-6.140577666534399,2.052635836600323
3418,1/4,svd_resample,oct,-1.506405305120495,-6.71160905778065,3.64462175134018
3418,1/4,svd_resample,mean,-1.7592971848882755,-5.270581174081761,1.7297523466102374
all3,1/16,svd_radon,cfp,-0.6167871582796229,-2.901312792231549,1.7300866516771582
all3,1/16,svd_radon,oct,-1.2476573979032013,-3.7410300767246434,1.3347535336433565
all3,1/16,svd_radon,mean,-0.9322222780914121,-2.778932038339466,1.005605801834842
all3,1/16,svd_self,cfp,0.0,0.0,0.0
all3,1/16,svd_self,oct,0.0,0.0,0.0
all3,1/16,svd_self,mean,0.0,0.0,0.0
all3,1/16,svd_scrambled,cfp,0.2995973711814851,-2.1100014402077423,2.627530273322732
all3,1/16,svd_scrambled,oct,2.127408756730316,-0.38413618455049936,4.550006180662836
all3,1/16,svd_scrambled,mean,1.2135030639559008,-0.5966463313942062,2.9905603478006606
all3,1/16,svd_resample,cfp,-0.31979967843738244,-1.6884214194146097,1.060699909403217
all3,1/16,svd_resample,oct,0.004361719818365048,-1.4239758787016237,1.42354478337615
all3,1/16,svd_resample,mean,-0.15771897930950868,-1.1380703386482107,0.8476865735290712
all3,1/8,svd_radon,cfp,0.3590545542220972,-2.0938540226314686,2.874069464161062
all3,1/8,svd_radon,oct,0.026513623422215932,-2.583388179342682,2.602931786482799
all3,1/8,svd_radon,mean,0.19278408882215659,-1.7896087366668252,2.2273500739764422
all3,1/8,svd_self,cfp,0.0,0.0,0.0
all3,1/8,svd_self,oct,0.0,0.0,0.0
all3,1/8,svd_self,mean,0.0,0.0,0.0
all3,1/8,svd_scrambled,cfp,1.5178360157509543,-0.9501307652548722,4.0069469113345235
all3,1/8,svd_scrambled,oct,-0.2619200688501818,-2.7975741324457677,2.273315048894121
all3,1/8,svd_scrambled,mean,0.6279579734503863,-1.3514348683462658,2.556885950212554
all3,1/8,svd_resample,cfp,-0.7035338295975357,-3.3646239761934664,1.8934499584554545
all3,1/8,svd_resample,oct,-0.5617921042279577,-3.2503301612105586,2.098907660634592
all3,1/8,svd_resample,mean,-0.6326629669127467,-2.525773945426811,1.2348711404439183
all3,1/4,svd_radon,cfp,-0.6196584738360784,-3.3540962441795164,2.1488365882750027
all3,1/4,svd_radon,oct,1.3324460912181277,-1.4103964731101746,4.028655787628402
all3,1/4,svd_radon,mean,0.3563938086910246,-2.1823850756623093,2.821854561971508
all3,1/4,svd_self,cfp,0.0,0.0,0.0
all3,1/4,svd_self,oct,0.0,0.0,0.0
all3,1/4,svd_self,mean,0.0,0.0,0.0
all3,1/4,svd_scrambled,cfp,2.6102119003900066,0.0028854352367389475,5.297206432397805
all3,1/4,svd_scrambled,oct,-1.3809220352612783,-4.251753988187904,1.4688027239998143
all3,1/4,svd_scrambled,mean,0.614644932564364,-1.6473171680294743,2.9002351128498116
all3,1/4,svd_resample,cfp,0.05491629326270786,-2.2613980853710656,2.4174335139778504
all3,1/4,svd_resample,oct,-0.24273638479063533,-3.0597366936163892,2.644461718758757
all3,1/4,svd_resample,mean,-0.09391004576396374,-1.9918514900876638,1.8792750842944028
