subset,rho,contrast,branch,difference_pp,ci95_low,ci95_high
3416,1/16,channel_svd_radon__minus__svd_radon,cfp,-2.1535461866002414,-6.657671436658186,2.2970676800672862
3416,1/16,channel_svd_radon__minus__svd_radon,oct,-2.1200914813442995,-7.164072414894865,2.9506696904963157
3416,1/16,channel_svd_radon__minus__svd_radon,mean,-2.1368188339722707,-5.7431072878219,1.4411120255388052
3416,1/16,channel_svd_radon__minus__centered_svd_radon,cfp,-0.11168647252690622,-5.109409045508256,4.783048453512935
3416,1/16,channel_svd_radon__minus__centered_svd_radon,oct,-0.7815575276966191,-6.173245724428305,4.702481910446588
3416,1/16,channel_svd_radon__minus__centered_svd_radon,mean,-0.4466220001117627,-4.430510781723278,3.4539975236399503
3416,1/16,channel_svd_self__minus__svd_self,cfp,0.0,0.0,0.0
3416,1/16,channel_svd_self__minus__svd_self,oct,0.0,0.0,0.0
3416,1/16,channel_svd_self__minus__svd_self,mean,0.0,0.0,0.0
3416,1/16,channel_svd_self__minus__centered_svd_self,cfp,0.0,0.0,0.0
3416,1/16,channel_svd_self__minus__centered_svd_self,oct,0.0,0.0,0.0
3416,1/16,channel_svd_self__minus__centered_svd_self,mean,0.0,0.0,0.0
3416,1/16,channel_svd_scrambled__minus__svd_scrambled,cfp,0.05258637894851592,-4.4264332684781,4.5639691661135755
3416,1/16,channel_svd_scrambled__minus__svd_scrambled,oct,-0.19041339008547542,-4.794022674400238,4.467193081775161
3416,1/16,channel_svd_scrambled__minus__svd_scrambled,mean,-0.06891350556847975,-3.5684704769523656,3.390975769242903
3416,1/16,channel_svd_scrambled__minus__centered_svd_scrambled,cfp,-1.1062227163922023,-5.72272687937653,3.3797796139228877
3416,1/16,channel_svd_scrambled__minus__centered_svd_scrambled,oct,-2.582245894041657,-6.748582070803997,1.710684635895697
3416,1/16,channel_svd_scrambled__minus__centered_svd_scrambled,mean,-1.8442343052169297,-4.876072982224781,1.2130553931021038
3416,1/16,channel_svd_resample__minus__svd_resample,cfp,0.0,0.0,0.0
3416,1/16,channel_svd_resample__minus__svd_resample,oct,0.0,0.0,0.0
3416,1/16,channel_svd_resample__minus__svd_resample,mean,0.0,0.0,0.0
3416,1/16,channel_svd_resample__minus__centered_svd_resample,cfp,0.0,0.0,0.0
3416,1/16,channel_svd_resample__minus__centered_svd_resample,oct,0.0,0.0,0.0
3416,1/16,channel_svd_resample__minus__centered_svd_resample,mean,0.0,0.0,0.0
3416,1/16,channel_svd_radon__minus__no_bridge,cfp,0.5284419212532865,-4.544101860143802,5.377693646253139
3416,1/16,channel_svd_radon__minus__no_bridge,oct,1.9586958577404001,-2.715799979762993,6.728980791821333
3416,1/16,channel_svd_radon__minus__no_bridge,mean,1.2435688894968433,-2.286385074416471,4.750680581059368
3416,1/16,channel_svd_radon__minus__learned,cfp,-2.8025057333544545,-7.5970003242505815,1.9490493641984357
3416,1/16,channel_svd_radon__minus__learned,oct,-3.089000850733692,-8.740769023703878,2.547420380045646
3416,1/16,channel_svd_radon__minus__learned,mean,-2.945753292044073,-6.875072003290556,1.0240715700465604
3416,1/16,channel_svd_radon__minus__qr_radon,cfp,0.5284419212532865,-4.544101860143802,5.377693646253139
3416,1/16,channel_svd_radon__minus__qr_radon,oct,1.9586958577404001,-2.715799979762993,6.728980791821333
3416,1/16,channel_svd_radon__minus__qr_radon,mean,1.2435688894968433,-2.286385074416471,4.750680581059368
3416,1/16,channel_svd_radon__minus__channel_svd_self,cfp,0.5284419212532865,-4.544101860143802,5.377693646253139
3416,1/16,channel_svd_radon__minus__channel_svd_self,oct,1.9586958577404001,-2.715799979762993,6.728980791821333
3416,1/16,channel_svd_radon__minus__channel_svd_self,mean,1.2435688894968433,-2.286385074416471,4.750680581059368
3416,1/16,channel_svd_radon__minus__channel_svd_scrambled,cfp,-0.731360915730761,-5.372660342347345,3.7284273487710027
3416,1/16,channel_svd_radon__minus__channel_svd_scrambled,oct,1.5787984552235068,-2.3817837197922698,5.620816514745745
3416,1/16,channel_svd_radon__minus__channel_svd_scrambled,mean,0.4237187697463729,-2.7219377629640755,3.548753994580669
3416,1/16,channel_svd_radon__minus__channel_svd_resample,cfp,0.5284419212532865,-4.544101860143802,5.377693646253139
3416,1/16,channel_svd_radon__minus__channel_svd_resample,oct,1.9586958577404001,-2.715799979762993,6.728980791821333
3416,1/16,channel_svd_radon__minus__channel_svd_resample,mean,1.2435688894968433,-2.286385074416471,4.750680581059368
3416,1/8,channel_svd_radon__minus__svd_radon,cfp,-1.371324904623339,-5.39759521705102,2.692672807601279
3416,1/8,channel_svd_radon__minus__svd_radon,oct,-3.0323444312895242,-7.898146464854644,1.758535713837771
3416,1/8,channel_svd_radon__minus__svd_radon,mean,-2.2018346679564313,-5.757120650251819,1.3376329322672253
3416,1/8,channel_svd_radon__minus__centered_svd_radon,cfp,-3.688486675337588,-7.986295221915156,0.46548276948735773
3416,1/8,channel_svd_radon__minus__centered_svd_radon,oct,-5.05995000720485,-9.804137223245819,-0.3404630934549635
3416,1/8,channel_svd_radon__minus__centered_svd_radon,mean,-4.374218341271218,-7.8592609368204975,-0.9575848413521804
3416,1/8,channel_svd_self__minus__svd_self,cfp,0.0,0.0,0.0
3416,1/8,channel_svd_self__minus__svd_self,oct,0.0,0.0,0.0
3416,1/8,channel_svd_self__minus__svd_self,mean,0.0,0.0,0.0
3416,1/8,channel_svd_self__minus__centered_svd_self,cfp,0.0,0.0,0.0
3416,1/8,channel_svd_self__minus__centered_svd_self,oct,0.0,0.0,0.0
3416,1/8,channel_svd_self__minus__centered_svd_self,mean,0.0,0.0,0.0
3416,1/8,channel_svd_scrambled__minus__svd_scrambled,cfp,3.368163249458467,-0.7127359168345149,7.54740973499235
3416,1/8,channel_svd_scrambled__minus__svd_scrambled,oct,-1.4416203335590794,-6.373578107748693,3.367684706644331
3416,1/8,channel_svd_scrambled__minus__svd_scrambled,mean,0.9632714579496937,-2.5013344973536373,4.429981291238733
3416,1/8,channel_svd_scrambled__minus__centered_svd_scrambled,cfp,0.6693173416920328,-3.715935118477491,5.08693931075784
3416,1/8,channel_svd_scrambled__minus__centered_svd_scrambled,oct,-1.4049836209071076,-6.5996766311541775,3.8283848726993885
3416,1/8,channel_svd_scrambled__minus__centered_svd_scrambled,mean,-0.3678331396075374,-4.095083101251331,3.3280171492705657
3416,1/8,channel_svd_resample__minus__svd_resample,cfp,-2.698660782691309,-6.760354334006334,1.3523797760508212
3416,1/8,channel_svd_resample__minus__svd_resample,oct,-0.3278272391193937,-5.097453217699361,4.40195511214332
3416,1/8,channel_svd_resample__minus__svd_resample,mean,-1.5132440109053513,-4.738298644665074,1.7403400319936806
3416,1/8,channel_svd_resample__minus__centered_svd_resample,cfp,0.0,0.0,0.0
3416,1/8,channel_svd_resample__minus__centered_svd_resample,oct,0.0,0.0,0.0
3416,1/8,channel_svd_resample__minus__centered_svd_resample,mean,0.0,0.0,0.0
3416,1/8,channel_svd_radon__minus__no_bridge,cfp,4.034327289140071,-0.9594880529320466,9.116219058087912
3416,1/8,channel_svd_radon__minus__no_bridge,oct,3.1077897685671596,-2.6438123946326377,9.004470147896006
3416,1/8,channel_svd_radon__minus__no_bridge,mean,3.571058528853616,-0.4232578206649029,7.617854042692149
3416,1/8,channel_svd_radon__minus__learned,cfp,1.283681961313543,-2.991020847459217,5.619556861420676
3416,1/8,channel_svd_radon__minus__learned,oct,-2.2891914468278207,-7.1044138086294035,2.4187864750477974
3416,1/8,channel_svd_radon__minus__learned,mean,-0.5027547427571388,-4.179479196682095,3.2329477893624383
3416,1/8,channel_svd_radon__minus__qr_radon,cfp,-0.2851423822129995,-4.119942319469418,3.606016788247368
3416,1/8,channel_svd_radon__minus__qr_radon,oct,-1.0103552135010796,-5.402804688641501,3.3871065203024555
3416,1/8,channel_svd_radon__minus__qr_radon,mean,-0.6477487978570395,-3.7625045202660403,2.541490384334152
3416,1/8,channel_svd_radon__minus__channel_svd_self,cfp,4.034327289140071,-0.9594880529320466,9.116219058087912
3416,1/8,channel_svd_radon__minus__channel_svd_self,oct,3.1077897685671596,-2.6438123946326377,9.004470147896006
3416,1/8,channel_svd_radon__minus__channel_svd_self,mean,3.571058528853616,-0.4232578206649029,7.617854042692149
3416,1/8,channel_svd_radon__minus__channel_svd_scrambled,cfp,-0.6852490087592478,-4.9663645693775935,3.5166023235216266
3416,1/8,channel_svd_radon__minus__channel_svd_scrambled,oct,0.4706227630415394,-4.422057390892087,5.390124978031331
3416,1/8,channel_svd_radon__minus__channel_svd_scrambled,mean,-0.10731312285885419,-3.6680166205657545,3.3922857481922337
3416,1/8,channel_svd_radon__minus__channel_svd_resample,cfp,4.034327289140071,-0.9594880529320466,9.116219058087912
3416,1/8,channel_svd_radon__minus__channel_svd_resample,oct,3.1077897685671596,-2.6438123946326377,9.004470147896006
3416,1/8,channel_svd_radon__minus__channel_svd_resample,mean,3.571058528853616,-0.4232578206649029,7.617854042692149
3416,1/4,channel_svd_radon__minus__svd_radon,cfp,-1.7052579661781642,-6.384626893898922,2.733916886329197
3416,1/4,channel_svd_radon__minus__svd_radon,oct,3.059970623093722,-1.408696540061483,7.467014360427237
3416,1/4,channel_svd_radon__minus__svd_radon,mean,0.6773563284577788,-3.3623917265945753,4.617064045270214
3416,1/4,channel_svd_radon__minus__centered_svd_radon,cfp,-2.3218525978723203,-6.687019372305921,1.96087147153995
3416,1/4,channel_svd_radon__minus__centered_svd_radon,oct,-0.9079705296057616,-4.995762820704639,3.1701362614233086
3416,1/4,channel_svd_radon__minus__centered_svd_radon,mean,-1.614911563739041,-5.219288304420278,1.9842201841823681
3416,1/4,channel_svd_self__minus__svd_self,cfp,0.0,0.0,0.0
3416,1/4,channel_svd_self__minus__svd_self,oct,0.0,0.0,0.0
3416,1/4,channel_svd_self__minus__svd_self,mean,0.0,0.0,0.0
3416,1/4,channel_svd_self__minus__centered_svd_self,cfp,0.0,0.0,0.0
3416,1/4,channel_svd_self__minus__centered_svd_self,oct,0.0,0.0,0.0
3416,1/4,channel_svd_self__minus__centered_svd_self,mean,0.0,0.0,0.0
3416,1/4,channel_svd_scrambled__minus__svd_scrambled,cfp,-0.30506029063177564,-4.41808622930475,3.870414009349109
3416,1/4,channel_svd_scrambled__minus__svd_scrambled,oct,-0.35091555526247653,-5.199619156437855,4.522213219907487
3416,1/4,channel_svd_scrambled__minus__svd_scrambled,mean,-0.3279879229471261,-3.985466057881447,3.3272879829278477
3416,1/4,channel_svd_scrambled__minus__centered_svd_scrambled,cfp,-5.417524593914447,-10.051776693107836,-1.001587726932531
3416,1/4,channel_svd_scrambled__minus__centered_svd_scrambled,oct,-0.43173822524839034,-5.595808572623396,4.664864090407102
3416,1/4,channel_svd_scrambled__minus__centered_svd_scrambled,mean,-2.9246314095814183,-7.037021990482965,1.079146108822687
3416,1/4,channel_svd_resample__minus__svd_resample,cfp,0.3847539787862231,-3.5118789759635316,4.331067179186837
3416,1/4,channel_svd_resample__minus__svd_resample,oct,1.71058781118254,-2.3889122733947286,5.752392470106578
3416,1/4,channel_svd_resample__minus__svd_resample,mean,1.0476708949843816,-1.794830198518924,3.972371840429381
3416,1/4,channel_svd_resample__minus__centered_svd_resample,cfp,0.0097279479813972,-4.024784877742283,4.048317052737993
3416,1/4,channel_svd_resample__minus__centered_svd_resample,oct,0.07933476687222996,-4.629463944200827,4.761503365498633
3416,1/4,channel_svd_resample__minus__centered_svd_resample,mean,0.04453135742681358,-2.910031002861156,3.0085253831069645
3416,1/4,channel_svd_radon__minus__no_bridge,cfp,4.377334693595703,-0.9777042361411772,9.799772137266984
3416,1/4,channel_svd_radon__minus__no_bridge,oct,7.484369061210727,1.3595422696158783,13.829477254657514
3416,1/4,channel_svd_radon__minus__no_bridge,mean,5.930851877403215,1.7113122833844043,10.15574236496684
3416,1/4,channel_svd_radon__minus__learned,cfp,1.3631054220572758,-2.996040455199251,5.663374060514301
3416,1/4,channel_svd_radon__minus__learned,oct,2.4162078024162037,-1.8060163420154096,6.523243525370429
3416,1/4,channel_svd_radon__minus__learned,mean,1.8896566122367398,-2.0149272775835345,5.694272551010927
3416,1/4,channel_svd_radon__minus__qr_radon,cfp,-0.9839769632070228,-5.080910214164902,3.007475997950728
3416,1/4,channel_svd_radon__minus__qr_radon,oct,0.3427757522610819,-3.063464581551588,3.765566429738196
3416,1/4,channel_svd_radon__minus__qr_radon,mean,-0.3206006054729704,-3.4509945998333498,2.7501274751049696
3416,1/4,channel_svd_radon__minus__channel_svd_self,cfp,4.377334693595703,-0.9777042361411772,9.799772137266984
3416,1/4,channel_svd_radon__minus__channel_svd_self,oct,7.484369061210727,1.3595422696158783,13.829477254657514
3416,1/4,channel_svd_radon__minus__channel_svd_self,mean,5.930851877403215,1.7113122833844043,10.15574236496684
3416,1/4,channel_svd_radon__minus__channel_svd_scrambled,cfp,3.0956719960421264,-1.00448499237951,7.137887896260403
3416,1/4,channel_svd_radon__minus__channel_svd_scrambled,oct,2.4598995188864103,-1.755620179758807,6.682203252094135
3416,1/4,channel_svd_radon__minus__channel_svd_scrambled,mean,2.7777857574642684,-0.6785011511585061,6.163475576702984
3416,1/4,channel_svd_radon__minus__channel_svd_resample,cfp,1.6856186377607774,-3.0348327892978837,6.409008934812453
3416,1/4,channel_svd_radon__minus__channel_svd_resample,oct,4.717714256868022,-1.1355054321132783,10.787714860734338
3416,1/4,channel_svd_radon__minus__channel_svd_resample,mean,3.2016664473143996,-0.4583064623390667,6.99715635999968
3417,1/16,channel_svd_radon__minus__svd_radon,cfp,-2.4004363369086623,-7.475874943591504,2.690446393828291
3417,1/16,channel_svd_radon__minus__svd_radon,oct,-5.224726233756217,-10.694466221676285,0.38434628982320806
3417,1/16,channel_svd_radon__minus__svd_radon,mean,-3.8125812853324392,-7.572784591712596,0.05654556728894902
3417,1/16,channel_svd_radon__minus__centered_svd_radon,cfp,-2.955742398382144,-7.408886543758482,1.4169415990641407
3417,1/16,channel_svd_radon__minus__centered_svd_radon,oct,-3.528916343624977,-8.856149508119264,1.9263742158201196
3417,1/16,channel_svd_radon__minus__centered_svd_radon,mean,-3.2423293710035606,-6.807245424640754,0.34616634822330233
3417,1/16,channel_svd_self__minus__svd_self,cfp,0.0,0.0,0.0
3417,1/16,channel_svd_self__minus__svd_self,oct,0.0,0.0,0.0
3417,1/16,channel_svd_self__minus__svd_self,mean,0.0,0.0,0.0
3417,1/16,channel_svd_self__minus__centered_svd_self,cfp,0.0,0.0,0.0
3417,1/16,channel_svd_self__minus__centered_svd_self,oct,0.0,0.0,0.0
3417,1/16,channel_svd_self__minus__centered_svd_self,mean,0.0,0.0,0.0
3417,1/16,channel_svd_scrambled__minus__svd_scrambled,cfp,-4.039808438222536,-8.764746372629217,0.6757667139413289
3417,1/16,channel_svd_scrambled__minus__svd_scrambled,oct,0.6890385734765636,-4.047879445029809,5.33610613197208
3417,1/16,channel_svd_scrambled__minus__svd_scrambled,mean,-1.6753849323729864,-5.14466169263794,1.7413250102051148
3417,1/16,channel_svd_scrambled__minus__centered_svd_scrambled,cfp,-0.6789844078985641,-5.405659906691877,4.042833418998231
3417,1/16,channel_svd_scrambled__minus__centered_svd_scrambled,oct,-3.380013351250166,-7.8241588410151195,1.031852133710181
3417,1/16,channel_svd_scrambled__minus__centered_svd_scrambled,mean,-2.029498879574365,-5.389877501005016,1.3472850433183687
3417,1/16,channel_svd_resample__minus__svd_resample,cfp,0.0,0.0,0.0
3417,1/16,channel_svd_resample__minus__svd_resample,oct,0.0,0.0,0.0
3417,1/16,channel_svd_resample__minus__svd_resample,mean,0.0,0.0,0.0
3417,1/16,channel_svd_resample__minus__centered_svd_resample,cfp,0.0,0.0,0.0
3417,1/16,channel_svd_resample__minus__centered_svd_resample,oct,0.0,0.0,0.0
3417,1/16,channel_svd_resample__minus__centered_svd_resample,mean,0.0,0.0,0.0
3417,1/16,channel_svd_radon__minus__no_bridge,cfp,1.9428898828609542,-2.017727199194571,5.880422482981488
3417,1/16,channel_svd_radon__minus__no_bridge,oct,-0.8487805014628425,-6.045108460628643,4.436910038381091
3417,1/16,channel_svd_radon__minus__no_bridge,mean,0.5470546906990559,-2.723020498116233,3.8539438669011177
3417,1/16,channel_svd_radon__minus__learned,cfp,-1.1013642631887088,-5.491316697666937,3.4833562343398206
3417,1/16,channel_svd_radon__minus__learned,oct,-2.426682558691995,-8.124087622869359,3.394395455867515
3417,1/16,channel_svd_radon__minus__learned,mean,-1.7640234109403519,-5.54698625608286,2.100692795823846
3417,1/16,channel_svd_radon__minus__qr_radon,cfp,1.9428898828609542,-2.017727199194571,5.880422482981488
3417,1/16,channel_svd_radon__minus__qr_radon,oct,-0.8487805014628425,-6.045108460628643,4.436910038381091
3417,1/16,channel_svd_radon__minus__qr_radon,mean,0.5470546906990559,-2.723020498116233,3.8539438669011177
3417,1/16,channel_svd_radon__minus__channel_svd_self,cfp,1.9428898828609542,-2.017727199194571,5.880422482981488
3417,1/16,channel_svd_radon__minus__channel_svd_self,oct,-0.8487805014628425,-6.045108460628643,4.436910038381091
3417,1/16,channel_svd_radon__minus__channel_svd_self,mean,0.5470546906990559,-2.723020498116233,3.8539438669011177
3417,1/16,channel_svd_radon__minus__channel_svd_scrambled,cfp,1.9428898828609542,-2.017727199194571,5.880422482981488
3417,1/16,channel_svd_radon__minus__channel_svd_scrambled,oct,-0.8487805014628425,-6.045108460628643,4.436910038381091
3417,1/16,channel_svd_radon__minus__channel_svd_scrambled,mean,0.5470546906990559,-2.723020498116233,3.8539438669011177
3417,1/16,channel_svd_radon__minus__channel_svd_resample,cfp,1.9428898828609542,-2.017727199194571,5.880422482981488
3417,1/16,channel_svd_radon__minus__channel_svd_resample,oct,-0.8487805014628425,-6.045108460628643,4.436910038381091
3417,1/16,channel_svd_radon__minus__channel_svd_resample,mean,0.5470546906990559,-2.723020498116233,3.8539438669011177
3417,1/8,channel_svd_radon__minus__svd_radon,cfp,-2.3603993427759207,-6.442988544023652,1.7077286869743575
3417,1/8,channel_svd_radon__minus__svd_radon,oct,0.3195102581857956,-4.298372882751072,4.908140700157611
3417,1/8,channel_svd_radon__minus__svd_radon,mean,-1.0204445422950625,-4.4489260684585075,2.3284970497426327
3417,1/8,channel_svd_radon__minus__centered_svd_radon,cfp,-1.3952244938160385,-5.7790415359006655,2.907349236837607
3417,1/8,channel_svd_radon__minus__centered_svd_radon,oct,-0.3651571310617552,-5.702870895366409,4.741968455319566
3417,1/8,channel_svd_radon__minus__centered_svd_radon,mean,-0.8801908124388969,-4.621980721043468,2.7396619263699855
3417,1/8,channel_svd_self__minus__svd_self,cfp,0.0,0.0,0.0
3417,1/8,channel_svd_self__minus__svd_self,oct,0.0,0.0,0.0
3417,1/8,channel_svd_self__minus__svd_self,mean,0.0,0.0,0.0
3417,1/8,channel_svd_self__minus__centered_svd_self,cfp,0.0,0.0,0.0
3417,1/8,channel_svd_self__minus__centered_svd_self,oct,0.0,0.0,0.0
3417,1/8,channel_svd_self__minus__centered_svd_self,mean,0.0,0.0,0.0
3417,1/8,channel_svd_scrambled__minus__svd_scrambled,cfp,0.0,-4.461546663210734,4.563509691636593
3417,1/8,channel_svd_scrambled__minus__svd_scrambled,oct,-4.064005195303222,-10.471567674087055,2.2382833382066964
3417,1/8,channel_svd_scrambled__minus__svd_scrambled,mean,-2.032002597651611,-6.269371190838768,2.197689183712635
3417,1/8,channel_svd_scrambled__minus__centered_svd_scrambled,cfp,-2.0271195726612845,-6.488502865534669,2.4610016454549832
3417,1/8,channel_svd_scrambled__minus__centered_svd_scrambled,oct,-4.710973872144697,-10.271716860477923,0.8310057184010853
3417,1/8,channel_svd_scrambled__minus__centered_svd_scrambled,mean,-3.3690467224029907,-6.861353701145633,0.17558978304614842
3417,1/8,channel_svd_resample__minus__svd_resample,cfp,0.0,0.0,0.0
3417,1/8,channel_svd_resample__minus__svd_resample,oct,0.0,0.0,0.0
3417,1/8,channel_svd_resample__minus__svd_resample,mean,0.0,0.0,0.0
3417,1/8,channel_svd_resample__minus__centered_svd_resample,cfp,-0.5880592938987017,-4.6750428108141255,3.4422397659866917
3417,1/8,channel_svd_resample__minus__centered_svd_resample,oct,0.16260466577621147,-4.565028360053994,4.903355700111783
3417,1/8,channel_svd_resample__minus__centered_svd_resample,mean,-0.21272731406124512,-3.337357049123376,2.9566055958183592
3417,1/8,channel_svd_radon__minus__no_bridge,cfp,3.624889726685243,-0.39401088445561916,7.758363946793133
3417,1/8,channel_svd_radon__minus__no_bridge,oct,4.019402225933167,-1.6322258201456101,9.676674847090805
3417,1/8,channel_svd_radon__minus__no_bridge,mean,3.822145976309205,0.2668172836908742,7.362344688993808
3417,1/8,channel_svd_radon__minus__learned,cfp,1.594538543691093,-2.774234576107306,6.02147506309072
3417,1/8,channel_svd_radon__minus__learned,oct,2.3757660885160625,-2.744507912920516,7.540976166717889
3417,1/8,channel_svd_radon__minus__learned,mean,1.9851523161035778,-1.8208508966920791,5.849663256728604
3417,1/8,channel_svd_radon__minus__qr_radon,cfp,-1.5974829767933185,-5.95880938386081,2.7333103729854797
3417,1/8,channel_svd_radon__minus__qr_radon,oct,4.735134146898856,-0.027326351205183,9.700159937440354
3417,1/8,channel_svd_radon__minus__qr_radon,mean,1.5688255850527688,-1.9853499148972003,5.118440589341203
3417,1/8,channel_svd_radon__minus__channel_svd_self,cfp,3.624889726685243,-0.39401088445561916,7.758363946793133
3417,1/8,channel_svd_radon__minus__channel_svd_self,oct,4.019402225933167,-1.6322258201456101,9.676674847090805
3417,1/8,channel_svd_radon__minus__channel_svd_self,mean,3.822145976309205,0.2668172836908742,7.362344688993808
3417,1/8,channel_svd_radon__minus__channel_svd_scrambled,cfp,1.9335602077692249,-2.464512377640789,6.271243980305346
3417,1/8,channel_svd_radon__minus__channel_svd_scrambled,oct,4.365922546074019,-0.8182298376877031,9.579469655169476
3417,1/8,channel_svd_radon__minus__channel_svd_scrambled,mean,3.149741376921622,-0.2990632935722079,6.546276949274827
3417,1/8,channel_svd_radon__minus__channel_svd_resample,cfp,3.624889726685243,-0.39401088445561916,7.758363946793133
3417,1/8,channel_svd_radon__minus__channel_svd_resample,oct,4.019402225933167,-1.6322258201456101,9.676674847090805
3417,1/8,channel_svd_radon__minus__channel_svd_resample,mean,3.822145976309205,0.2668172836908742,7.362344688993808
3417,1/4,channel_svd_radon__minus__svd_radon,cfp,-1.337754109821221,-5.8136283882846325,3.0724967029370087
3417,1/4,channel_svd_radon__minus__svd_radon,oct,-1.028253924189515,-5.626820494034283,3.4500273867598685
3417,1/4,channel_svd_radon__minus__svd_radon,mean,-1.183004017005368,-5.247084353260029,2.7910170351203742
3417,1/4,channel_svd_radon__minus__centered_svd_radon,cfp,0.805232887679852,-4.664000994384078,6.2004749788248485
3417,1/4,channel_svd_radon__minus__centered_svd_radon,oct,-2.0285087719298267,-7.2012658964550225,3.091755034989901
3417,1/4,channel_svd_radon__minus__centered_svd_radon,mean,-0.6116379421249873,-5.388621907743891,4.176800069256437
3417,1/4,channel_svd_self__minus__svd_self,cfp,0.0,0.0,0.0
3417,1/4,channel_svd_self__minus__svd_self,oct,0.0,0.0,0.0
3417,1/4,channel_svd_self__minus__svd_self,mean,0.0,0.0,0.0
3417,1/4,channel_svd_self__minus__centered_svd_self,cfp,0.0,0.0,0.0
3417,1/4,channel_svd_self__minus__centered_svd_self,oct,0.0,0.0,0.0
3417,1/4,channel_svd_self__minus__centered_svd_self,mean,0.0,0.0,0.0
3417,1/4,channel_svd_scrambled__minus__svd_scrambled,cfp,0.9575197650194767,-3.3059316306564286,5.092666218081635
3417,1/4,channel_svd_scrambled__minus__svd_scrambled,oct,-2.3020242452469697,-7.136794462069113,2.689933775793252
3417,1/4,channel_svd_scrambled__minus__svd_scrambled,mean,-0.6722522401137465,-4.590993905238603,3.293348025866458
3417,1/4,channel_svd_scrambled__minus__centered_svd_scrambled,cfp,0.21632076663973265,-4.517231075987274,4.970376002428335
3417,1/4,channel_svd_scrambled__minus__centered_svd_scrambled,oct,2.8660553297211844,-2.886835349686952,8.68387089229717
3417,1/4,channel_svd_scrambled__minus__centered_svd_scrambled,mean,1.5411880481804585,-2.913233772142946,6.027557151169726
3417,1/4,channel_svd_resample__minus__svd_resample,cfp,-1.5348608782634332,-6.001122687358602,2.901244438336184
3417,1/4,channel_svd_resample__minus__svd_resample,oct,0.16260466577621147,-4.330899103625738,4.782950791239339
3417,1/4,channel_svd_resample__minus__svd_resample,mean,-0.6861281062436109,-3.9947664968726158,2.6158687958397384
3417,1/4,channel_svd_resample__minus__centered_svd_resample,cfp,-3.3367727919027868,-7.805258761621406,1.0963039597472537
3417,1/4,channel_svd_resample__minus__centered_svd_resample,oct,1.0156615593379326,-3.9945716313231685,5.941097185721402
3417,1/4,channel_svd_resample__minus__centered_svd_resample,mean,-1.160555616282427,-4.658165206728136,2.3576938420089286
3417,1/4,channel_svd_radon__minus__no_bridge,cfp,4.730215622039324,-0.5639591045684655,9.908836375258089
3417,1/4,channel_svd_radon__minus__no_bridge,oct,3.3563054328054065,-3.0218523732603155,9.732010173511032
3417,1/4,channel_svd_radon__minus__no_bridge,mean,4.043260527422365,-0.41464130272138344,8.41342208396026
3417,1/4,channel_svd_radon__minus__learned,cfp,-0.3282895871310032,-4.729952418355388,3.9785238961678924
3417,1/4,channel_svd_radon__minus__learned,oct,-2.388229605000347,-6.564418943617083,1.6277246241531884
3417,1/4,channel_svd_radon__minus__learned,mean,-1.3582595960656751,-5.340233262950904,2.3820002321555913
3417,1/4,channel_svd_radon__minus__qr_radon,cfp,0.01435341927078504,-3.9706290356335376,3.9788546152364748
3417,1/4,channel_svd_radon__minus__qr_radon,oct,-0.69358327325163,-5.089782514986685,3.600711656725946
3417,1/4,channel_svd_radon__minus__qr_radon,mean,-0.3396149269904225,-3.9034410459380773,3.1233152980212453
3417,1/4,channel_svd_radon__minus__channel_svd_self,cfp,4.730215622039324,-0.5639591045684655,9.908836375258089
3417,1/4,channel_svd_radon__minus__channel_svd_self,oct,3.3563054328054065,-3.0218523732603155,9.732010173511032
3417,1/4,channel_svd_radon__minus__channel_svd_self,mean,4.043260527422365,-0.41464130272138344,8.41342208396026
3417,1/4,channel_svd_radon__minus__channel_svd_scrambled,cfp,-0.5517094078905993,-4.811993837504428,3.563520805764866
3417,1/4,channel_svd_radon__minus__channel_svd_scrambled,oct,2.3733564218422987,-2.1463330676338366,6.698293478129037
3417,1/4,channel_svd_radon__minus__channel_svd_scrambled,mean,0.9108235069758497,-3.036762801699932,4.670487293588127
3417,1/4,channel_svd_radon__minus__channel_svd_resample,cfp,4.730215622039324,-0.5639591045684655,9.908836375258089
3417,1/4,channel_svd_radon__minus__channel_svd_resample,oct,3.3563054328054065,-3.0218523732603155,9.732010173511032
3417,1/4,channel_svd_radon__minus__channel_svd_resample,mean,4.043260527422365,-0.41464130272138344,8.41342208396026
3418,1/16,channel_svd_radon__minus__svd_radon,cfp,-2.0299708417018114,-6.271314390696152,2.2663521227264125
3418,1/16,channel_svd_radon__minus__svd_radon,oct,-0.32181822733015064,-5.406954812404944,4.84639203434117
3418,1/16,channel_svd_radon__minus__svd_radon,mean,-1.175894534515981,-4.63882469971189,2.4061131596249896
3418,1/16,channel_svd_radon__minus__centered_svd_radon,cfp,-1.6661630194627963,-5.368815170845593,1.9345996964830865
3418,1/16,channel_svd_radon__minus__centered_svd_radon,oct,0.3868101226005338,-4.731734709632926,5.740942501750786
3418,1/16,channel_svd_radon__minus__centered_svd_radon,mean,-0.6396764484311313,-3.6795157611995566,2.4581402908484216
3418,1/16,channel_svd_self__minus__svd_self,cfp,0.0,0.0,0.0
3418,1/16,channel_svd_self__minus__svd_self,oct,0.0,0.0,0.0
3418,1/16,channel_svd_self__minus__svd_self,mean,0.0,0.0,0.0
3418,1/16,channel_svd_self__minus__centered_svd_self,cfp,0.0,0.0,0.0
3418,1/16,channel_svd_self__minus__centered_svd_self,oct,0.0,0.0,0.0
3418,1/16,channel_svd_self__minus__centered_svd_self,mean,0.0,0.0,0.0
3418,1/16,channel_svd_scrambled__minus__svd_scrambled,cfp,0.06555396823166859,-4.611807062815771,4.719879460180684
3418,1/16,channel_svd_scrambled__minus__svd_scrambled,oct,-1.7659769546050752,-8.258952650587394,4.626319938789486
3418,1/16,channel_svd_scrambled__minus__svd_scrambled,mean,-0.8502114931867033,-4.827737163603326,2.9955081826995347
3418,1/16,channel_svd_scrambled__minus__centered_svd_scrambled,cfp,-3.035253080296041,-7.493088485162142,1.6103555275382593
3418,1/16,channel_svd_scrambled__minus__centered_svd_scrambled,oct,-1.687318796113113,-7.41504371825089,4.001495480143881
3418,1/16,channel_svd_scrambled__minus__centered_svd_scrambled,mean,-2.3612859382045768,-5.906082914864476,1.2508772771285528
3418,1/16,channel_svd_resample__minus__svd_resample,cfp,-0.9593990353121473,-5.065264258243829,3.182099728209651
3418,1/16,channel_svd_resample__minus__svd_resample,oct,0.013085159455095141,-4.271927636104871,4.27063435012845
3418,1/16,channel_svd_resample__minus__svd_resample,mean,-0.4731569379285261,-3.414211015944632,2.543059720587213
3418,1/16,channel_svd_resample__minus__centered_svd_resample,cfp,0.0,0.0,0.0
3418,1/16,channel_svd_resample__minus__centered_svd_resample,oct,0.0,0.0,0.0
3418,1/16,channel_svd_resample__minus__centered_svd_resample,mean,0.0,0.0,0.0
3418,1/16,channel_svd_radon__minus__no_bridge,cfp,1.0078558200220633,-2.983142920769787,5.059945929073089
3418,1/16,channel_svd_radon__minus__no_bridge,oct,4.042635324673693,-1.3365922145425293,9.739406029033063
3418,1/16,channel_svd_radon__minus__no_bridge,mean,2.5252455723478784,-0.612764110093418,5.852633628958213
3418,1/16,channel_svd_radon__minus__learned,cfp,-1.5912585525260092,-5.608964133241598,2.510531381616767
3418,1/16,channel_svd_radon__minus__learned,oct,0.13259276975645662,-4.826355809109882,5.214139305772187
3418,1/16,channel_svd_radon__minus__learned,mean,-0.7293328913847763,-4.163435014543886,2.790552673977772
3418,1/16,channel_svd_radon__minus__qr_radon,cfp,1.3515981735159777,-1.959253153393609,4.715560758439534
3418,1/16,channel_svd_radon__minus__qr_radon,oct,1.0038263508350576,-3.368856189056339,5.431646400439184
3418,1/16,channel_svd_radon__minus__qr_radon,mean,1.1777122621755176,-1.6652351279983186,4.075998362662793
3418,1/16,channel_svd_radon__minus__channel_svd_self,cfp,1.0078558200220633,-2.983142920769787,5.059945929073089
3418,1/16,channel_svd_radon__minus__channel_svd_self,oct,4.042635324673693,-1.3365922145425293,9.739406029033063
3418,1/16,channel_svd_radon__minus__channel_svd_self,mean,2.5252455723478784,-0.612764110093418,5.852633628958213
3418,1/16,channel_svd_radon__minus__channel_svd_scrambled,cfp,1.0078558200220633,-2.983142920769787,5.059945929073089
3418,1/16,channel_svd_radon__minus__channel_svd_scrambled,oct,4.042635324673693,-1.3365922145425293,9.739406029033063
3418,1/16,channel_svd_radon__minus__channel_svd_scrambled,mean,2.5252455723478784,-0.612764110093418,5.852633628958213
3418,1/16,channel_svd_radon__minus__channel_svd_resample,cfp,1.0078558200220633,-2.983142920769787,5.059945929073089
3418,1/16,channel_svd_radon__minus__channel_svd_resample,oct,4.042635324673693,-1.3365922145425293,9.739406029033063
3418,1/16,channel_svd_radon__minus__channel_svd_resample,mean,2.5252455723478784,-0.612764110093418,5.852633628958213
3418,1/8,channel_svd_radon__minus__svd_radon,cfp,-1.5439244548504538,-5.938533470179042,2.858024834655026
3418,1/8,channel_svd_radon__minus__svd_radon,oct,0.48621685702737727,-4.534972470673817,5.4679596431494115
3418,1/8,channel_svd_radon__minus__svd_radon,mean,-0.5288537989115383,-4.537301773666816,3.435308712939055
3418,1/8,channel_svd_radon__minus__centered_svd_radon,cfp,-1.2691011957623788,-6.974757155537732,4.522642535112616
3418,1/8,channel_svd_radon__minus__centered_svd_radon,oct,3.1189489519236058,-2.3631471025367503,8.811384403432893
3418,1/8,channel_svd_radon__minus__centered_svd_radon,mean,0.9249238780806135,-3.2247488902174695,5.132732553451619
3418,1/8,channel_svd_self__minus__svd_self,cfp,0.0,0.0,0.0
3418,1/8,channel_svd_self__minus__svd_self,oct,0.0,0.0,0.0
3418,1/8,channel_svd_self__minus__svd_self,mean,0.0,0.0,0.0
3418,1/8,channel_svd_self__minus__centered_svd_self,cfp,0.0,0.0,0.0
3418,1/8,channel_svd_self__minus__centered_svd_self,oct,0.0,0.0,0.0
3418,1/8,channel_svd_self__minus__centered_svd_self,mean,0.0,0.0,0.0
3418,1/8,channel_svd_scrambled__minus__svd_scrambled,cfp,2.366958913851791,-2.3773382147809805,7.0853794161792045
3418,1/8,channel_svd_scrambled__minus__svd_scrambled,oct,-1.6403458643185709,-7.015410844151246,3.6660890018083934
3418,1/8,channel_svd_scrambled__minus__svd_scrambled,mean,0.3633065247666101,-3.378737586941124,3.947444990368361
3418,1/8,channel_svd_scrambled__minus__centered_svd_scrambled,cfp,2.539416347026646,-1.9089759182190553,6.908662088891345
3418,1/8,channel_svd_scrambled__minus__centered_svd_scrambled,oct,-0.24425369357852222,-5.543138954123057,5.035457263174974
3418,1/8,channel_svd_scrambled__minus__centered_svd_scrambled,mean,1.147581326724062,-2.4502865004329517,4.6889362831834935
3418,1/8,channel_svd_resample__minus__svd_resample,cfp,2.659641792919143,-1.5765081208080542,7.0215945646297975
3418,1/8,channel_svd_resample__minus__svd_resample,oct,-1.2080295672433627,-6.071088974062194,3.704367945684338
3418,1/8,channel_svd_resample__minus__svd_resample,mean,0.7258061128378901,-2.5195218865318463,4.063790260019873
3418,1/8,channel_svd_resample__minus__centered_svd_resample,cfp,2.659641792919143,-1.4059811937162892,6.739012184644674
3418,1/8,channel_svd_resample__minus__centered_svd_resample,oct,-0.013085159455095141,-4.563347465118833,4.695553991379378
3418,1/8,channel_svd_resample__minus__centered_svd_resample,mean,1.323278316732024,-1.7100678358523118,4.359594416617039
3418,1/8,channel_svd_radon__minus__no_bridge,cfp,0.6756833875477986,-3.9148514531825382,5.373518824210718
3418,1/8,channel_svd_radon__minus__no_bridge,oct,3.717484875162369,-2.7038630882108428,10.110442342038144
3418,1/8,channel_svd_radon__minus__no_bridge,mean,2.196584131355084,-1.8013203383397347,6.112180821455432
3418,1/8,channel_svd_radon__minus__learned,cfp,0.6756833875477986,-3.9148514531825382,5.373518824210718
3418,1/8,channel_svd_radon__minus__learned,oct,3.717484875162369,-2.7038630882108428,10.110442342038144
3418,1/8,channel_svd_radon__minus__learned,mean,2.196584131355084,-1.8013203383397347,6.112180821455432
3418,1/8,channel_svd_radon__minus__qr_radon,cfp,-1.1211446187010532,-4.616468834363401,2.4346729235981157
3418,1/8,channel_svd_radon__minus__qr_radon,oct,0.48621685702737727,-3.8982800555333235,4.920812121347031
3418,1/8,channel_svd_radon__minus__qr_radon,mean,-0.31746388083683796,-3.333519404155124,2.6949501797387057
3418,1/8,channel_svd_radon__minus__channel_svd_self,cfp,0.6756833875477986,-3.9148514531825382,5.373518824210718
3418,1/8,channel_svd_radon__minus__channel_svd_self,oct,3.717484875162369,-2.7038630882108428,10.110442342038144
3418,1/8,channel_svd_radon__minus__channel_svd_self,mean,2.196584131355084,-1.8013203383397347,6.112180821455432
3418,1/8,channel_svd_radon__minus__channel_svd_scrambled,cfp,-1.0124145210353541,-5.128263428760207,3.3478755469924124
3418,1/8,channel_svd_radon__minus__channel_svd_scrambled,oct,1.354420990186489,-3.6234594860095464,6.348682980800498
3418,1/8,channel_svd_radon__minus__channel_svd_scrambled,mean,0.17100323457556743,-3.217335527967181,3.5430791411229006
3418,1/8,channel_svd_radon__minus__channel_svd_resample,cfp,-1.9839584053713444,-6.293352267520579,2.3788155778823747
3418,1/8,channel_svd_radon__minus__channel_svd_resample,oct,3.730570034617464,-2.4511198213693777,9.79830792097893
3418,1/8,channel_svd_radon__minus__channel_svd_resample,mean,0.8733058146230599,-3.1888904451548314,4.787464485840004
3418,1/4,channel_svd_radon__minus__svd_radon,cfp,0.6633749377557341,-3.098881771186325,4.537407273831937
3418,1/4,channel_svd_radon__minus__svd_radon,oct,-1.2786945975158281,-5.699985734030836,3.0889415580150485
3418,1/4,channel_svd_radon__minus__svd_radon,mean,-0.30765982988004703,-3.9339762204115662,3.3824074592625273
3418,1/4,channel_svd_radon__minus__centered_svd_radon,cfp,0.9959579934570528,-3.550297495550328,5.6628212340643955
3418,1/4,channel_svd_radon__minus__centered_svd_radon,oct,-0.30783687073041577,-4.561021359603003,4.058939958331224
3418,1/4,channel_svd_radon__minus__centered_svd_radon,mean,0.34406056136331853,-3.531163791607961,4.431785740200061
3418,1/4,channel_svd_self__minus__svd_self,cfp,-3.1234705119981276,-8.108957265721717,1.6792608055610097
3418,1/4,channel_svd_self__minus__svd_self,oct,5.066044240426926,-0.3562004088050174,10.489432732971022
3418,1/4,channel_svd_self__minus__svd_self,mean,0.971286864214399,-2.5008515440924497,4.465096278764527
3418,1/4,channel_svd_self__minus__centered_svd_self,cfp,-3.1234705119981276,-8.108957265721717,1.6792608055610097
3418,1/4,channel_svd_self__minus__centered_svd_self,oct,5.066044240426926,-0.3562004088050174,10.489432732971022
3418,1/4,channel_svd_self__minus__centered_svd_self,mean,0.971286864214399,-2.5008515440924497,4.465096278764527
3418,1/4,channel_svd_scrambled__minus__svd_scrambled,cfp,1.0131549114599903,-3.1668332179949514,5.373179467973789
3418,1/4,channel_svd_scrambled__minus__svd_scrambled,oct,0.9827379168021122,-3.4106257478710154,5.428397284593997
3418,1/4,channel_svd_scrambled__minus__svd_scrambled,mean,0.9979464141310512,-2.3497493042805813,4.237024136842901
3418,1/4,channel_svd_scrambled__minus__centered_svd_scrambled,cfp,-0.9638174880476136,-5.242720405643341,3.2876955382263637
3418,1/4,channel_svd_scrambled__minus__centered_svd_scrambled,oct,0.038247117603706915,-4.393640129907431,4.5342863191766805
3418,1/4,channel_svd_scrambled__minus__centered_svd_scrambled,mean,-0.46278518522195333,-3.9331712166451553,2.984513012679393
3418,1/4,channel_svd_resample__minus__svd_resample,cfp,-0.9529991051914544,-5.189903965717406,3.3823005122416046
3418,1/4,channel_svd_resample__minus__svd_resample,oct,-1.7247896583525768,-6.456985532993762,3.0874347208668356
3418,1/4,channel_svd_resample__minus__svd_resample,mean,-1.3388943817720156,-4.658631249821972,2.0424959501423396
3418,1/4,channel_svd_resample__minus__centered_svd_resample,cfp,1.0591899594646015,-3.353885819926805,5.5427515932741995
3418,1/4,channel_svd_resample__minus__centered_svd_resample,oct,-0.21838435323208172,-5.056394075711051,4.651188256984643
3418,1/4,channel_svd_resample__minus__centered_svd_resample,mean,0.4204028031162599,-2.9323367116485564,3.7939820423094752
3418,1/4,channel_svd_radon__minus__no_bridge,cfp,3.005415248685439,-1.629733012441736,7.745638276167534
3418,1/4,channel_svd_radon__minus__no_bridge,oct,1.3514130484408526,-5.724192824527917,8.255331996162104
3418,1/4,channel_svd_radon__minus__no_bridge,mean,2.178414148563146,-2.078790871790622,6.414469661006951
3418,1/4,channel_svd_radon__minus__learned,cfp,3.005415248685439,-1.629733012441736,7.745638276167534
3418,1/4,channel_svd_radon__minus__learned,oct,1.3514130484408526,-5.724192824527917,8.255331996162104
3418,1/4,channel_svd_radon__minus__learned,mean,2.178414148563146,-2.078790871790622,6.414469661006951
3418,1/4,channel_svd_radon__minus__qr_radon,cfp,1.3217603419053758,-2.109255585080174,4.768569922830242
3418,1/4,channel_svd_radon__minus__qr_radon,oct,-2.363141014260539,-6.022568307114454,1.0821898346888181
3418,1/4,channel_svd_radon__minus__qr_radon,mean,-0.5206903361775816,-3.380193218167915,2.3509388156737483
3418,1/4,channel_svd_radon__minus__channel_svd_self,cfp,6.128885760683566,1.3517335786828681,11.116682163242658
3418,1/4,channel_svd_radon__minus__channel_svd_self,oct,-3.714631191986073,-10.48290408509319,2.939690324508681
3418,1/4,channel_svd_radon__minus__channel_svd_self,mean,1.2071272843487468,-3.305204099973634,5.577653419502856
3418,1/4,channel_svd_radon__minus__channel_svd_scrambled,cfp,0.30268169849426707,-3.7888899273077676,4.381496796220142
3418,1/4,channel_svd_radon__minus__channel_svd_scrambled,oct,-2.322053364992016,-6.570150809494531,1.9054368827338026
3418,1/4,channel_svd_radon__minus__channel_svd_scrambled,mean,-1.0096858332488745,-4.386845581368573,2.3975367366226665
3418,1/4,channel_svd_radon__minus__channel_svd_resample,cfp,1.9930238643227183,-2.669757695881108,6.669953321796641
3418,1/4,channel_svd_radon__minus__channel_svd_resample,oct,-2.0152688622113724,-8.08118193512615,3.6958640311244038
3418,1/4,channel_svd_radon__minus__channel_svd_resample,mean,-0.011122498944327042,-4.179175794525013,4.056533158536744
all3,1/16,channel_svd_radon__minus__svd_radon,cfp,-2.1946511217369054,-4.721625826415137,0.300447665511222
all3,1/16,channel_svd_radon__minus__svd_radon,oct,-2.555545314143555,-5.894341753636721,0.9297011791935351
all3,1/16,channel_svd_radon__minus__svd_radon,mean,-2.3750982179402302,-4.573432125044401,-0.10753178760054517
all3,1/16,channel_svd_radon__minus__centered_svd_radon,cfp,-1.5778639634572822,-4.124609163403934,0.900096957793357
all3,1/16,channel_svd_radon__minus__centered_svd_radon,oct,-1.3078879162403543,-4.880202078133918,2.3268292917681332
all3,1/16,channel_svd_radon__minus__centered_svd_radon,mean,-1.4428759398488182,-3.70648853643585,0.7973352066294185
all3,1/16,channel_svd_self__minus__svd_self,cfp,0.0,0.0,0.0
all3,1/16,channel_svd_self__minus__svd_self,oct,0.0,0.0,0.0
all3,1/16,channel_svd_self__minus__svd_self,mean,0.0,0.0,0.0
all3,1/16,channel_svd_self__minus__centered_svd_self,cfp,0.0,0.0,0.0
all3,1/16,channel_svd_self__minus__centered_svd_self,oct,0.0,0.0,0.0
all3,1/16,channel_svd_self__minus__centered_svd_self,mean,0.0,0.0,0.0
all3,1/16,channel_svd_scrambled__minus__svd_scrambled,cfp,-1.3072226970141174,-3.9849491370343437,1.3446338952092527
all3,1/16,channel_svd_scrambled__minus__svd_scrambled,oct,-0.4224505904046623,-3.910407309676093,2.9557085430241266
all3,1/16,channel_svd_scrambled__minus__svd_scrambled,mean,-0.8648366437093898,-2.9673475834870366,1.2821443398572994
all3,1/16,channel_svd_scrambled__minus__centered_svd_scrambled,cfp,-1.6068200681956024,-4.358510040469892,1.1334694775030432
all3,1/16,channel_svd_scrambled__minus__centered_svd_scrambled,oct,-2.549859347134979,-5.75929344647763,0.7306781627870726
all3,1/16,channel_svd_scrambled__minus__centered_svd_scrambled,mean,-2.078339707665291,-4.197570680980609,0.05125426307083671
all3,1/16,channel_svd_resample__minus__svd_resample,cfp,-0.31979967843738244,-1.6884214194146097,1.060699909403217
all3,1/16,channel_svd_resample__minus__svd_resample,oct,0.004361719818365048,-1.4239758787016237,1.42354478337615
all3,1/16,channel_svd_resample__minus__svd_resample,mean,-0.15771897930950868,-1.1380703386482107,0.8476865735290712
all3,1/16,channel_svd_resample__minus__centered_svd_resample,cfp,0.0,0.0,0.0
all3,1/16,channel_svd_resample__minus__centered_svd_resample,oct,0.0,0.0,0.0
all3,1/16,channel_svd_resample__minus__centered_svd_resample,mean,0.0,0.0,0.0
all3,1/16,channel_svd_radon__minus__no_bridge,cfp,1.1597292080454347,-1.4235919090048625,3.696257359819568
all3,1/16,channel_svd_radon__minus__no_bridge,oct,1.717516893650417,-1.5467640787646872,5.017905882770981
all3,1/16,channel_svd_radon__minus__no_bridge,mean,1.4386230508479259,-0.4826933881612129,3.3852566869524816
all3,1/16,channel_svd_radon__minus__learned,cfp,-1.8317095163563908,-4.42084784599727,0.8474408812679376
all3,1/16,channel_svd_radon__minus__learned,oct,-1.79436354655641,-5.326878079385597,1.7114553075798657
all3,1/16,channel_svd_radon__minus__learned,mean,-1.8130365314564003,-4.1291033823866075,0.6166415936280193
all3,1/16,channel_svd_radon__minus__qr_radon,cfp,1.2743099925434063,-1.2786189844572446,3.806261115401593
all3,1/16,channel_svd_radon__minus__qr_radon,oct,0.7045805690375384,-2.2681076339130453,3.667828946486662
all3,1/16,channel_svd_radon__minus__qr_radon,mean,0.9894452807904723,-0.9872356124364912,2.961669337308853
all3,1/16,channel_svd_radon__minus__channel_svd_self,cfp,1.1597292080454347,-1.4235919090048625,3.696257359819568
all3,1/16,channel_svd_radon__minus__channel_svd_self,oct,1.717516893650417,-1.5467640787646872,5.017905882770981
all3,1/16,channel_svd_radon__minus__channel_svd_self,mean,1.4386230508479259,-0.4826933881612129,3.3852566869524816
all3,1/16,channel_svd_radon__minus__channel_svd_scrambled,cfp,0.7397949290507522,-1.8311189121863123,3.306079192495506
all3,1/16,channel_svd_radon__minus__channel_svd_scrambled,oct,1.5908844261447859,-1.2363915941558161,4.4740498689334895
all3,1/16,channel_svd_radon__minus__channel_svd_scrambled,mean,1.165339677597769,-0.6658188976329635,3.020565433225196
all3,1/16,channel_svd_radon__minus__channel_svd_resample,cfp,1.1597292080454347,-1.4235919090048625,3.696257359819568
all3,1/16,channel_svd_radon__minus__channel_svd_resample,oct,1.717516893650417,-1.5467640787646872,5.017905882770981
all3,1/16,channel_svd_radon__minus__channel_svd_resample,mean,1.4386230508479259,-0.4826933881612129,3.3852566869524816
all3,1/8,channel_svd_radon__minus__svd_radon,cfp,-1.7585495674165712,-4.221407745512277,0.7874684075432674
all3,1/8,channel_svd_radon__minus__svd_radon,oct,-0.7422057720254505,-3.680593616881412,2.1101466552748374
all3,1/8,channel_svd_radon__minus__svd_radon,mean,-1.250377669721011,-3.4132918461149617,0.8661078891832805
all3,1/8,channel_svd_radon__minus__centered_svd_radon,cfp,-2.117604121638668,-5.1741613122799235,0.9448272616501087
all3,1/8,channel_svd_radon__minus__centered_svd_radon,oct,-0.7687193954476663,-3.6948554618563687,2.1270057271424085
all3,1/8,channel_svd_radon__minus__centered_svd_radon,mean,-1.4431617585431673,-3.654521793820041,0.7473994719612347
all3,1/8,channel_svd_self__minus__svd_self,cfp,0.0,0.0,0.0
all3,1/8,channel_svd_self__minus__svd_self,oct,0.0,0.0,0.0
all3,1/8,channel_svd_self__minus__svd_self,mean,0.0,0.0,0.0
all3,1/8,channel_svd_self__minus__centered_svd_self,cfp,0.0,0.0,0.0
all3,1/8,channel_svd_self__minus__centered_svd_self,oct,0.0,0.0,0.0
all3,1/8,channel_svd_self__minus__centered_svd_self,mean,0.0,0.0,0.0
all3,1/8,channel_svd_scrambled__minus__svd_scrambled,cfp,1.9117073877700859,-0.8454925200077706,4.6761263602991505
all3,1/8,channel_svd_scrambled__minus__svd_scrambled,oct,-2.381990464393624,-6.061136832335685,1.2135474146532153
all3,1/8,channel_svd_scrambled__minus__svd_scrambled,mean,-0.23514153831176912,-2.6337867465977833,2.129049410582056
all3,1/8,channel_svd_scrambled__minus__centered_svd_scrambled,cfp,0.3938713720191315,-2.1837294251895063,2.9256784383629055
all3,1/8,channel_svd_scrambled__minus__centered_svd_scrambled,oct,-2.1200703955434426,-5.430497461739575,1.1363285896131674
all3,1/8,channel_svd_scrambled__minus__centered_svd_scrambled,mean,-0.8630995117621554,-2.983727222093893,1.2122924377859685
all3,1/8,channel_svd_resample__minus__svd_resample,cfp,-0.013006329924055334,-2.1975785759459585,2.130666602590323
all3,1/8,channel_svd_resample__minus__svd_resample,oct,-0.5119522687875855,-2.9848021242964133,1.9467973975109913
all3,1/8,channel_svd_resample__minus__svd_resample,mean,-0.2624792993558204,-1.974780402047081,1.463031851635013
all3,1/8,channel_svd_resample__minus__centered_svd_resample,cfp,0.6905274996734805,-1.2452953752894145,2.60192047655942
all3,1/8,channel_svd_resample__minus__centered_svd_resample,oct,0.049839835440372106,-2.023128497838702,2.114716200162795
all3,1/8,channel_svd_resample__minus__centered_svd_resample,mean,0.3701836675569263,-1.0687948054614624,1.8088440466349922
all3,1/8,channel_svd_radon__minus__no_bridge,cfp,2.7783001344577047,-0.023625177800136357,5.549577414504063
all3,1/8,channel_svd_radon__minus__no_bridge,oct,3.614892289887565,-0.7143653604765243,7.979033680285721
all3,1/8,channel_svd_radon__minus__no_bridge,mean,3.1965962121726346,0.6602476959308583,5.747126995219629
all3,1/8,channel_svd_radon__minus__learned,cfp,1.1846346308508116,-1.4363738670296113,3.808116556313126
all3,1/8,channel_svd_radon__minus__learned,oct,1.2680198389502038,-1.5939259334934552,4.117581448997997
all3,1/8,channel_svd_radon__minus__learned,mean,1.2263272349005077,-0.9324326752786157,3.3834989199619283
all3,1/8,channel_svd_radon__minus__qr_radon,cfp,-1.0012566592357905,-3.381191111568903,1.3299857356538007
all3,1/8,channel_svd_radon__minus__qr_radon,oct,1.4036652634750513,-1.2841224332875216,4.221824549291166
all3,1/8,channel_svd_radon__minus__qr_radon,mean,0.20120430211963042,-1.824240176183084,2.2229158232432
all3,1/8,channel_svd_radon__minus__channel_svd_self,cfp,2.7783001344577047,-0.023625177800136357,5.549577414504063
all3,1/8,channel_svd_radon__minus__channel_svd_self,oct,3.614892289887565,-0.7143653604765243,7.979033680285721
all3,1/8,channel_svd_radon__minus__channel_svd_self,mean,3.1965962121726346,0.6602476959308583,5.747126995219629
all3,1/8,channel_svd_radon__minus__channel_svd_scrambled,cfp,0.07863222599154099,-2.379310357142472,2.4801134617741982
all3,1/8,channel_svd_radon__minus__channel_svd_scrambled,oct,2.0636554331006822,-1.0225498725238187,5.152439141847113
all3,1/8,channel_svd_radon__minus__channel_svd_scrambled,mean,1.0711438295461118,-0.9969474148242747,3.1189259159894354
all3,1/8,channel_svd_radon__minus__channel_svd_resample,cfp,1.8917528701513235,-0.862582476679936,4.6497413223760855
all3,1/8,channel_svd_radon__minus__channel_svd_resample,oct,3.61925400970593,-0.6903096687026113,7.91148702946578
all3,1/8,channel_svd_radon__minus__channel_svd_resample,mean,2.755503439928627,0.18200893809705354,5.30133052240817
all3,1/4,channel_svd_radon__minus__svd_radon,cfp,-0.7932123794145504,-3.530461667161269,1.9498800002340635
all3,1/4,channel_svd_radon__minus__svd_radon,oct,0.2510073671294596,-2.731111076081696,3.1936567813954984
all3,1/4,channel_svd_radon__minus__svd_radon,mean,-0.2711025061425454,-2.8576213580559133,2.312787281233132
all3,1/4,channel_svd_radon__minus__centered_svd_radon,cfp,-0.17355390557847183,-3.2232265985620545,2.9374538937836956
all3,1/4,channel_svd_radon__minus__centered_svd_radon,oct,-1.081438724088668,-3.8785598630695035,1.6891408569212736
all3,1/4,channel_svd_radon__minus__centered_svd_radon,mean,-0.6274963148335699,-3.2227356085893937,2.0443898574754007
all3,1/4,channel_svd_self__minus__svd_self,cfp,-1.0411568373327094,-2.7029857552405723,0.55975360185367
all3,1/4,channel_svd_self__minus__svd_self,oct,1.6886814134756418,-0.11873346960167247,3.4964775776570067
all3,1/4,channel_svd_self__minus__svd_self,mean,0.32376228807146623,-0.83361718136415,1.4883654262548425
all3,1/4,channel_svd_self__minus__centered_svd_self,cfp,-1.0411568373327094,-2.7029857552405723,0.55975360185367
all3,1/4,channel_svd_self__minus__centered_svd_self,oct,1.6886814134756418,-0.11873346960167247,3.4964775776570067
all3,1/4,channel_svd_self__minus__centered_svd_self,mean,0.32376228807146623,-0.83361718136415,1.4883654262548425
all3,1/4,channel_svd_scrambled__minus__svd_scrambled,cfp,0.5552047952825638,-2.036348183028554,3.1825543213050795
all3,1/4,channel_svd_scrambled__minus__svd_scrambled,oct,-0.556733961235778,-3.555860842890833,2.420519017452955
all3,1/4,channel_svd_scrambled__minus__svd_scrambled,mean,-0.0007645829766071092,-2.2791147102965508,2.2141011080592814
all3,1/4,channel_svd_scrambled__minus__centered_svd_scrambled,cfp,-2.0550071051074426,-4.87726227568018,0.6602340792002807
all3,1/4,channel_svd_scrambled__minus__centered_svd_scrambled,oct,0.8241880740255003,-2.2213761721196037,3.8600082068654507
all3,1/4,channel_svd_scrambled__minus__centered_svd_scrambled,mean,-0.6154095155409711,-2.9889862202351662,1.7430330788930959
all3,1/4,channel_svd_resample__minus__svd_resample,cfp,-0.7010353348895548,-3.2112638071512496,1.8584569994987619
all3,1/4,channel_svd_resample__minus__svd_resample,oct,0.049467606202058256,-2.6862833612813595,2.8006995408878943
all3,1/4,channel_svd_resample__minus__svd_resample,mean,-0.3257838643437483,-2.301107748400102,1.6293216541657403
all3,1/4,channel_svd_resample__minus__centered_svd_resample,cfp,-0.7559516281522627,-3.3437963930813845,1.8424484992253525
all3,1/4,channel_svd_resample__minus__centered_svd_resample,oct,0.29220399099269356,-2.7118452511232167,3.2201123754745598
all3,1/4,channel_svd_resample__minus__centered_svd_resample,mean,-0.23187381857978456,-2.150743200079761,1.6819348757384611
all3,1/4,channel_svd_radon__minus__no_bridge,cfp,4.037655188106823,0.5384825429769692,7.56845699705644
all3,1/4,channel_svd_radon__minus__no_bridge,oct,4.064029180818995,-1.2271298888617197,9.32864921165905
all3,1/4,channel_svd_radon__minus__no_bridge,mean,4.050842184462909,0.8151359653598742,7.244299841750267
all3,1/4,channel_svd_radon__minus__learned,cfp,1.346743694537237,-1.3100602594274586,3.9664506614303594
all3,1/4,channel_svd_radon__minus__learned,oct,0.4597970819522364,-2.604410445635014,3.4911750215037514
all3,1/4,channel_svd_radon__minus__learned,mean,0.9032703882447368,-1.509892650897273,3.2488567312584262
all3,1/4,channel_svd_radon__minus__qr_radon,cfp,0.11737893265637937,-2.3461462572136114,2.491057473763524
all3,1/4,channel_svd_radon__minus__qr_radon,oct,-0.9046495117503625,-3.366229708325747,1.4636162090568157
all3,1/4,channel_svd_radon__minus__qr_radon,mean,-0.39363528954699156,-2.537230796775327,1.662051234743563
all3,1/4,channel_svd_radon__minus__channel_svd_self,cfp,5.078812025439531,1.615977574436523,8.589579466573534
all3,1/4,channel_svd_radon__minus__channel_svd_self,oct,2.375347767343354,-2.642084099633267,7.408645170484851
all3,1/4,channel_svd_radon__minus__channel_svd_self,mean,3.727079896391442,0.576389479239709,6.847294025190346
all3,1/4,channel_svd_radon__minus__channel_svd_scrambled,cfp,0.9488814288819314,-1.4805278830651338,3.30510619057022
all3,1/4,channel_svd_radon__minus__channel_svd_scrambled,oct,0.8370675252455643,-1.8386021907746697,3.449240557931938
all3,1/4,channel_svd_radon__minus__channel_svd_scrambled,mean,0.8929744770637478,-1.259077335847309,2.9581178974921745
all3,1/4,channel_svd_radon__minus__channel_svd_resample,cfp,2.80295270804094,-0.49494624077225785,6.124945895234286
all3,1/4,channel_svd_radon__minus__channel_svd_resample,oct,2.0195836091540187,-2.584786882406237,6.617438388768784
all3,1/4,channel_svd_radon__minus__channel_svd_resample,mean,2.4112681585974793,-0.5958048866430312,5.393901639197389
