seed_subset,rho,control,branch,svd_minus_control_pp,ci95_low_pp,ci95_high_pp
3416,1/16,no_bridge,cfp,2.681988107853528,-1.9410083254917634,7.414315610029276
3416,1/16,no_bridge,oct,4.0787873390847,-0.9515772227283028,9.330738361213903
3416,1/16,no_bridge,mean,3.3803877234691138,-0.2907507014717954,7.108335433903059
3416,1/16,learned,cfp,-0.6489595467542131,-4.789867931282446,3.5098860825973586
3416,1/16,learned,oct,-0.9689093693893924,-5.8178789971476474,3.8436489787534653
3416,1/16,learned,mean,-0.8089344580718028,-4.2368345929928255,2.667949023021786
3416,1/16,svd_self,cfp,2.681988107853528,-1.9410083254917634,7.414315610029276
3416,1/16,svd_self,oct,4.0787873390847,-0.9515772227283028,9.330738361213903
3416,1/16,svd_self,mean,3.3803877234691138,-0.2907507014717954,7.108335433903059
3416,1/16,svd_scrambled,cfp,1.4747716498179964,-2.301376337713827,5.358121851893128
3416,1/16,svd_scrambled,oct,3.508476546482331,-0.6873176065008618,7.870609067284291
3416,1/16,svd_scrambled,mean,2.4916240981501634,-0.4696379145434225,5.566293377146894
3416,1/16,svd_resample,cfp,2.681988107853528,-1.9410083254917634,7.414315610029276
3416,1/16,svd_resample,oct,4.0787873390847,-0.9515772227283028,9.330738361213903
3416,1/16,svd_resample,mean,3.3803877234691138,-0.2907507014717954,7.108335433903059
3416,1/16,qr_radon,cfp,2.681988107853528,-1.9410083254917634,7.414315610029276
3416,1/16,qr_radon,oct,4.0787873390847,-0.9515772227283028,9.330738361213903
3416,1/16,qr_radon,mean,3.3803877234691138,-0.2907507014717954,7.108335433903059
3416,1/8,no_bridge,cfp,5.4056521937634106,0.5096965328890876,10.2083920414829
3416,1/8,no_bridge,oct,6.140134199856684,-0.32219154103369035,12.639324848385321
3416,1/8,no_bridge,mean,5.772893196810047,1.6352355263724083,9.904555937014253
3416,1/8,learned,cfp,2.655006865936882,-1.5562760110374574,6.843455916371602
3416,1/8,learned,oct,0.7431529844617035,-3.8821852103086125,5.402477512576607
3416,1/8,learned,mean,1.6990799251992927,-1.9665998721118243,5.408350303903827
3416,1/8,svd_self,cfp,5.4056521937634106,0.5096965328890876,10.2083920414829
3416,1/8,svd_self,oct,6.140134199856684,-0.32219154103369035,12.639324848385321
3416,1/8,svd_self,mean,5.772893196810047,1.6352355263724083,9.904555937014253
3416,1/8,svd_scrambled,cfp,4.054239145322558,0.0,8.117956940639653
3416,1/8,svd_scrambled,oct,2.0613468607719843,-2.0586481904675513,6.3184564337791835
3416,1/8,svd_scrambled,mean,3.057793003047271,-0.194085284458028,6.308894865022199
3416,1/8,svd_resample,cfp,2.7069914110721016,-1.6806225658525031,7.0394653924846065
3416,1/8,svd_resample,oct,5.81230696073729,-0.3677444930482777,12.217311238734526
3416,1/8,svd_resample,mean,4.259649185904696,0.13015543128197965,8.39424365266085
3416,1/8,qr_radon,cfp,1.0861825224103394,-3.0369371052020533,5.272319803162441
3416,1/8,qr_radon,oct,2.0219892177884446,-2.3885913031922987,6.699907470103564
3416,1/8,qr_radon,mean,1.554085870099392,-1.801430447017892,5.0724406533761215
3416,1/4,no_bridge,cfp,6.082592659773867,0.2852095211614523,11.890137764327939
3416,1/4,no_bridge,oct,4.424398438117006,-1.97935265330612,11.025136945648562
3416,1/4,no_bridge,mean,5.253495548945436,0.576795555204464,9.979615562346119
3416,1/4,learned,cfp,3.06836338823544,-1.6842397104363045,7.866453835730673
3416,1/4,learned,oct,-0.6437628206775181,-5.6741146905726,4.350250615959103
3416,1/4,learned,mean,1.212300283778961,-3.328022673366451,5.81082048761395
3416,1/4,svd_self,cfp,6.082592659773867,0.2852095211614523,11.890137764327939
3416,1/4,svd_self,oct,4.424398438117006,-1.97935265330612,11.025136945648562
3416,1/4,svd_self,mean,5.253495548945436,0.576795555204464,9.979615562346119
3416,1/4,svd_scrambled,cfp,4.495869671588515,-0.08352474486102622,9.279410460557331
3416,1/4,svd_scrambled,oct,-0.950986659469788,-5.446358636728855,3.4916671873203886
3416,1/4,svd_scrambled,mean,1.7724415060593635,-2.148678499565084,5.81738761340452
3416,1/4,svd_resample,cfp,3.7756305827251646,-1.3670600544705074,8.998660636540142
3416,1/4,svd_resample,oct,3.3683314449568402,-2.240774834192049,8.983691826685845
3416,1/4,svd_resample,mean,3.571981013841002,-0.5522546873087073,7.866038575964293
3416,1/4,qr_radon,cfp,0.7212810029711414,-3.5127847499807596,4.991150460497883
3416,1/4,qr_radon,oct,-2.71719487083264,-7.154328205103111,1.836813808877636
3416,1/4,qr_radon,mean,-0.9979569339307492,-4.915270392096634,3.0027163048125325
3417,1/16,no_bridge,cfp,4.343326219769617,-0.6590981203326914,9.373005103706964
3417,1/16,no_bridge,oct,4.375945732293374,-0.691922419557231,9.51414757288802
3417,1/16,no_bridge,mean,4.359635976031495,0.573088521615193,8.087249171770464
3417,1/16,learned,cfp,1.2990720737199535,-2.7956126588889534,5.40178227578164
3417,1/16,learned,oct,2.7980436750642212,-2.3451363960708522,8.031792077364129
3417,1/16,learned,mean,2.0485578743920874,-1.4789254534174023,5.592839385207594
3417,1/16,svd_self,cfp,4.343326219769617,-0.6590981203326914,9.373005103706964
3417,1/16,svd_self,oct,4.375945732293374,-0.691922419557231,9.51414757288802
3417,1/16,svd_self,mean,4.359635976031495,0.573088521615193,8.087249171770464
3417,1/16,svd_scrambled,cfp,0.3035177815470802,-4.046951620467211,4.692465593790602
3417,1/16,svd_scrambled,oct,5.064984305769937,0.09046919103176218,9.807518312830872
3417,1/16,svd_scrambled,mean,2.6842510436585085,-0.710372657491832,6.079011298940475
3417,1/16,svd_resample,cfp,4.343326219769617,-0.6590981203326914,9.373005103706964
3417,1/16,svd_resample,oct,4.375945732293374,-0.691922419557231,9.51414757288802
3417,1/16,svd_resample,mean,4.359635976031495,0.573088521615193,8.087249171770464
3417,1/16,qr_radon,cfp,4.343326219769617,-0.6590981203326914,9.373005103706964
3417,1/16,qr_radon,oct,4.375945732293374,-0.691922419557231,9.51414757288802
3417,1/16,qr_radon,mean,4.359635976031495,0.573088521615193,8.087249171770464
3417,1/8,no_bridge,cfp,5.985289069461164,1.0583168519854773,10.93138734421533
3417,1/8,no_bridge,oct,3.6998919677473707,-2.553039892218876,9.907488030158017
3417,1/8,no_bridge,mean,4.8425905186042675,0.6179679980700381,9.055566715930324
3417,1/8,learned,cfp,3.9549378864670137,-0.48737648167695263,8.52683174736257
3417,1/8,learned,oct,2.056255830330267,-3.072877003402526,7.227330169967917
3417,1/8,learned,mean,3.0055968583986403,-1.0900443945957108,7.246733204449794
3417,1/8,svd_self,cfp,5.985289069461164,1.0583168519854773,10.93138734421533
3417,1/8,svd_self,oct,3.6998919677473707,-2.553039892218876,9.907488030158017
3417,1/8,svd_self,mean,4.8425905186042675,0.6179679980700381,9.055566715930324
3417,1/8,svd_scrambled,cfp,4.2939595505451456,0.2957777526672479,8.54361800325583
3417,1/8,svd_scrambled,oct,-0.017592907414998304,-4.045144042906802,4.020098192421091
3417,1/8,svd_scrambled,mean,2.138183321565074,-1.1550842824301413,5.521683407982108
3417,1/8,svd_resample,cfp,5.985289069461164,1.0583168519854773,10.93138734421533
3417,1/8,svd_resample,oct,3.6998919677473707,-2.553039892218876,9.907488030158017
3417,1/8,svd_resample,mean,4.8425905186042675,0.6179679980700381,9.055566715930324
3417,1/8,qr_radon,cfp,0.7629163659826022,-3.0724475375730074,4.64722425257672
3417,1/8,qr_radon,oct,4.4156238887130606,-0.3360947157929569,9.25382013026582
3417,1/8,qr_radon,mean,2.5892701273478314,-0.7755826509355531,5.878949186399761
3417,1/4,no_bridge,cfp,6.067969731860545,0.27618921614699354,11.813060762829496
3417,1/4,no_bridge,oct,4.384559356994922,-1.7049329148460426,10.491762013200916
3417,1/4,no_bridge,mean,5.226264544427734,0.7276148055729464,9.649497704822364
3417,1/4,learned,cfp,1.0094645226902177,-3.3041634301319727,5.210108319520539
3417,1/4,learned,oct,-1.359975680810832,-5.735716144343912,3.0154890566557864
3417,1/4,learned,mean,-0.1752555790603072,-4.084786951407017,3.8019871923712896
3417,1/4,svd_self,cfp,6.067969731860545,0.27618921614699354,11.813060762829496
3417,1/4,svd_self,oct,4.384559356994922,-1.7049329148460426,10.491762013200916
3417,1/4,svd_self,mean,5.226264544427734,0.7276148055729464,9.649497704822364
3417,1/4,svd_scrambled,cfp,1.7435644669500983,-2.301508059522372,5.758191813726491
3417,1/4,svd_scrambled,oct,1.099586100784844,-3.3537193707977107,5.626343476444565
3417,1/4,svd_scrambled,mean,1.4215752838674711,-2.2752072875424965,5.140347276624927
3417,1/4,svd_resample,cfp,4.533108853597112,-0.3592031141051324,9.419118699419215
3417,1/4,svd_resample,oct,4.547164022771133,-1.0453584711507893,10.218822996753312
3417,1/4,svd_resample,mean,4.540136438184122,0.40684074772341916,8.636921384799619
3417,1/4,qr_radon,cfp,1.352107529092006,-3.0351431660463604,5.745555175858719
3417,1/4,qr_radon,oct,0.33467065093788495,-4.3817222885996,5.076690317500339
3417,1/4,qr_radon,mean,0.8433890900149454,-3.066757560035647,4.731622996023897
3418,1/16,no_bridge,cfp,3.0378266617238747,-1.6233783249105733,7.6741792636453585
3418,1/16,no_bridge,oct,4.3644535520038445,-2.0312533427887693,10.850511034455725
3418,1/16,no_bridge,mean,3.7011401068638596,-0.2393584774420572,7.837546240344237
3418,1/16,learned,cfp,0.4387122891758022,-3.76416621997489,4.648946304360585
3418,1/16,learned,oct,0.45441099708660726,-4.222965272190262,5.079841326147358
3418,1/16,learned,mean,0.4465616431312047,-2.968903024826419,3.971911646025919
3418,1/16,svd_self,cfp,3.0378266617238747,-1.6233783249105733,7.6741792636453585
3418,1/16,svd_self,oct,4.3644535520038445,-2.0312533427887693,10.850511034455725
3418,1/16,svd_self,mean,3.7011401068638596,-0.2393584774420572,7.837546240344237
3418,1/16,svd_scrambled,cfp,3.1033806299555433,-1.2658431540988022,7.606059289205206
3418,1/16,svd_scrambled,oct,2.598476597398769,-2.3004074336223845,7.485840114511511
3418,1/16,svd_scrambled,mean,2.850928613677156,-0.7406760201159992,6.385449567023708
3418,1/16,svd_resample,cfp,2.0784276264117274,-1.7108079050344882,5.885327141599597
3418,1/16,svd_resample,oct,4.377538711458939,-1.750199246738833,10.504928475641972
3418,1/16,svd_resample,mean,3.2279831689353333,-0.5419421685629361,7.026058063075615
3418,1/16,qr_radon,cfp,3.381569015217789,-0.8936358374827742,7.648747156315084
3418,1/16,qr_radon,oct,1.3256445781652082,-4.039698126367754,6.698672165714403
3418,1/16,qr_radon,mean,2.3536067966914986,-1.3516588338081117,6.050878428959565
3418,1/8,no_bridge,cfp,2.2196078423982524,-2.8686063010691063,7.292704338589129
3418,1/8,no_bridge,oct,3.2312680181349918,-3.5113757722148224,10.248277406448189
3418,1/8,no_bridge,mean,2.7254379302666223,-1.5478453052953791,7.170540383191739
3418,1/8,learned,cfp,2.2196078423982524,-2.8686063010691063,7.292704338589129
3418,1/8,learned,oct,3.2312680181349918,-3.5113757722148224,10.248277406448189
3418,1/8,learned,mean,2.7254379302666223,-1.5478453052953791,7.170540383191739
3418,1/8,svd_self,cfp,2.2196078423982524,-2.8686063010691063,7.292704338589129
3418,1/8,svd_self,oct,3.2312680181349918,-3.5113757722148224,10.248277406448189
3418,1/8,svd_self,mean,2.7254379302666223,-1.5478453052953791,7.170540383191739
3418,1/8,svd_scrambled,cfp,2.8984688476668907,-1.4203267154060346,7.259655599730711
3418,1/8,svd_scrambled,oct,-0.7721417311594592,-5.0695584434597665,3.6923340156805873
3418,1/8,svd_scrambled,mean,1.0631635582537158,-2.340477555376212,4.615337486917319
3418,1/8,svd_resample,cfp,2.2196078423982524,-2.196672304523188,6.645634461851907
3418,1/8,svd_resample,oct,2.036323610346724,-4.362304753512017,8.62401640991466
3418,1/8,svd_resample,mean,2.127965726372488,-2.1040960018160293,6.391465980615514
3418,1/8,qr_radon,cfp,0.4227798361494006,-3.68689835830844,4.601502565677743
3418,1/8,qr_radon,oct,0.0,-4.069102187306617,4.096850447055304
3418,1/8,qr_radon,mean,0.2113899180747003,-3.080381817858631,3.5425635615845246
3418,1/4,no_bridge,cfp,2.342040310929705,-2.8011324958816415,7.605387259705861
3418,1/4,no_bridge,oct,2.630107645956681,-4.2501770326066906,9.494231849610198
3418,1/4,no_bridge,mean,2.486073978443193,-2.035266216248419,7.054995004053928
3418,1/4,learned,cfp,2.342040310929705,-2.8011324958816415,7.605387259705861
3418,1/4,learned,oct,2.630107645956681,-4.2501770326066906,9.494231849610198
3418,1/4,learned,mean,2.486073978443193,-2.035266216248419,7.054995004053928
3418,1/4,svd_self,cfp,2.342040310929705,-2.8011324958816415,7.605387259705861
3418,1/4,svd_self,oct,2.630107645956681,-4.2501770326066906,9.494231849610198
3418,1/4,svd_self,mean,2.486073978443193,-2.035266216248419,7.054995004053928
3418,1/4,svd_scrambled,cfp,0.6524616721985232,-3.1429532879288673,4.389606934116603
3418,1/4,svd_scrambled,oct,-0.060620850674075744,-4.174403855702184,4.137220432139409
3418,1/4,svd_scrambled,mean,0.29592041076222375,-2.8891073671312495,3.4676475244651934
3418,1/4,svd_resample,cfp,0.3766498213755298,-3.8979704831772195,4.731673898150257
3418,1/4,svd_resample,oct,-2.461363923048121,-7.9334429192393365,3.1459758608558603
3418,1/4,svd_resample,mean,-1.0423570508362956,-5.110272910951663,3.0095401572500156
3418,1/4,qr_radon,cfp,0.6583854041496418,-3.126758905698241,4.3890410915612375
3418,1/4,qr_radon,oct,-1.084446416744711,-5.078564804002896,2.9286981312955285
3418,1/4,qr_radon,mean,-0.21303050629753462,-3.5059295655402085,3.0767285818635446
all3,1/16,no_bridge,cfp,3.3543803297823396,0.37766063545334744,6.3501114681452
all3,1/16,no_bridge,oct,4.273062207793973,0.2238962456249158,8.393742662957036
all3,1/16,no_bridge,mean,3.8137212687881563,1.2879933535735608,6.431168478083757
all3,1/16,learned,cfp,0.36294160538051423,-2.2462214485605236,3.0063859654901828
all3,1/16,learned,oct,0.7611817675871453,-2.1832920391460706,3.7197313890440156
all3,1/16,learned,mean,0.5620616864838297,-1.638862509242235,2.7446491241454267
all3,1/16,svd_self,cfp,3.3543803297823396,0.37766063545334744,6.3501114681452
all3,1/16,svd_self,oct,4.273062207793973,0.2238962456249158,8.393742662957036
all3,1/16,svd_self,mean,3.8137212687881563,1.2879933535735608,6.431168478083757
all3,1/16,svd_scrambled,cfp,1.6272233537735399,-0.7059236788119017,3.995191913906705
all3,1/16,svd_scrambled,oct,3.723979149883679,0.8937944619316228,6.464906138159302
all3,1/16,svd_scrambled,mean,2.67560125182861,0.7558122780705624,4.6523453865303175
all3,1/16,svd_resample,cfp,3.0345806513449576,0.23770954102473124,5.8529620668775495
all3,1/16,svd_resample,oct,4.277423927612337,0.32214340757845356,8.312438944406626
all3,1/16,svd_resample,mean,3.6560022894786472,1.1594603815941933,6.202485916475037
all3,1/16,qr_radon,cfp,3.468961114280311,0.6872652591265958,6.361034058676325
all3,1/16,qr_radon,oct,3.260125883181094,-0.328430451060173,6.863951917743899
all3,1/16,qr_radon,mean,3.364543498730703,0.9600179033187028,5.7902550816154665
all3,1/8,no_bridge,cfp,4.536849701874276,1.2092727259016998,7.867953318600092
all3,1/8,no_bridge,oct,4.357098061913015,-0.7997953658810965,9.56596953562904
all3,1/8,no_bridge,mean,4.446973881893646,1.4003784494538147,7.631638539021532
all3,1/8,learned,cfp,2.943184198267383,0.25643940184398695,5.654123411007482
all3,1/8,learned,oct,2.0102256109756538,-1.1618295941947043,5.361995426791175
all3,1/8,learned,mean,2.4767049046215184,0.05830630347880582,4.946235660677229
all3,1/8,svd_self,cfp,4.536849701874276,1.2092727259016998,7.867953318600092
all3,1/8,svd_self,oct,4.357098061913015,-0.7997953658810965,9.56596953562904
all3,1/8,svd_self,mean,4.446973881893646,1.4003784494538147,7.631638539021532
all3,1/8,svd_scrambled,cfp,3.748889181178198,1.331476494234411,6.201578621733119
all3,1/8,svd_scrambled,oct,0.4238707407325089,-2.200069412284668,3.1507065024027927
all3,1/8,svd_scrambled,mean,2.0863799609553535,0.07399885323789883,4.100326281984835
all3,1/8,svd_resample,cfp,3.6372961076438393,0.8626987726061275,6.370371195329459
all3,1/8,svd_resample,oct,3.849507512943795,-0.9131645969571365,8.674570580628247
all3,1/8,svd_resample,mean,3.7434018102938174,0.8673229425869764,6.67588538423049
all3,1/8,qr_radon,cfp,0.7572929081807807,-1.4736447868194609,2.96697921206213
all3,1/8,qr_radon,oct,2.1458710355005017,-0.6010337217894257,4.959191415243167
all3,1/8,qr_radon,mean,1.451581971840641,-0.48031709687369656,3.4431613038366073
all3,1/4,no_bridge,cfp,4.830867567521372,0.798251441097755,8.85669433768887
all3,1/4,no_bridge,oct,3.8130218136895357,-1.1559377407988003,8.795484397825597
all3,1/4,no_bridge,mean,4.321944690605454,1.1029923057039714,7.615679352304702
all3,1/4,learned,cfp,2.1399560739517876,-0.6605779086439111,4.902873056098835
all3,1/4,learned,oct,0.20878971482277686,-2.735461739269911,3.1836553317680956
all3,1/4,learned,mean,1.1743728943872822,-1.2271586066143858,3.607313555997913
all3,1/4,svd_self,cfp,4.830867567521372,0.798251441097755,8.85669433768887
all3,1/4,svd_self,oct,3.8130218136895357,-1.1559377407988003,8.795484397825597
all3,1/4,svd_self,mean,4.321944690605454,1.1029923057039714,7.615679352304702
all3,1/4,svd_scrambled,cfp,2.2972986035790455,-0.10166859845048531,4.785430290384168
all3,1/4,svd_scrambled,oct,0.029326196880326744,-2.5966344372003367,2.6395597492044733
all3,1/4,svd_scrambled,mean,1.163312400229686,-1.0088630847920583,3.3561753911127097
all3,1/4,svd_resample,cfp,2.895129752565935,-0.24458438969766041,6.059811005838387
all3,1/4,svd_resample,oct,1.8180438482266175,-2.068713407898947,5.721997219716157
all3,1/4,svd_resample,mean,2.3565868003962764,-0.270698728720022,5.004534828015688
all3,1/4,qr_radon,cfp,0.9105913120709297,-1.6310845600170079,3.4518083587520434
all3,1/4,qr_radon,oct,-1.1556568788798218,-3.8264596108620554,1.488802904121544
all3,1/4,qr_radon,mean,-0.12253278340444611,-2.4243732509682245,2.138171271480613
