seed,method,rho,channel_rank,h,cfp_f1_percent,oct_f1_percent,mean_f1_percent,cfp_gain_vs_baseline_pp,oct_gain_vs_baseline_pp,mean_gain_vs_baseline_pp,best_epoch,stop_epoch,total_parameters,bridge_stored,bridge_effective,gpu_minutes,peak_process_mib,directory,summary_sha256
3416,No bridge,shared baseline,,,66.8903803131991,65.13545347467608,66.01291689393759,0.0,0.0,0.0,0,8,44338564,0,0,3.8408633138333244,7796,/data/mengh/RadonBridge/runs/2026_09_04_23_54_10/seed3416_bb6e-05_independent,b3544768148715f522c2d3a35989d94cb42d5b79e3f48e0e72d70115c738a215
3416,Learned CM,1/16,,512,70.22132796780684,70.18315018315018,70.2022390754785,3.3309476546077406,5.047696708474092,4.189322181540916,11,17,64261508,19922944,19922944,8.435505578183378,8232,/data/mengh/RadonBridge/runs/2026_09_04_23_54_10/seed3416_bb6e-05_rho1_16,a1ca244ec093bb9d4719fffcabbdb7f4ab305d1cafef79124d2088ac0749f308
3416,SVD / Radon,1/16,16,512,69.57236842105263,69.21424081376078,69.3933046174067,2.6819881078535275,4.078787339084698,3.380387723469113,9,15,47484292,3145728,3145728,4.510786068383277,7906,/data/mengh/RadonBridge/runs/2026_09_05_01_29_50/seed3416_bb6e-05_rho1_16_svd,9c1eaaf9f8554ae763056bc885b6b021e4a9febbada6d4164e3036dc3a2baa90
3416,SVD / self only,1/16,16,512,66.8903803131991,65.13545347467608,66.01291689393759,0.0,0.0,0.0,0,8,47484292,3145728,1572864,2.424391758849985,7906,/data/mengh/RadonBridge/runs/2026_09_05_09_29_16/seed3416_svd_self_rho1_16,bf6b2e0042f9e7b2a51d8471a992474e06ff6166a65c60641b1825fcaf6c59f6
3416,SVD / scrambled Radon,1/16,16,512,68.09759677123463,65.70576426727845,66.90168051925654,1.207216458035532,0.5703107926023705,0.8887636253189584,7,13,47484292,3145728,3145728,3.786984322550052,7906,/data/mengh/RadonBridge/runs/2026_09_05_09_29_16/seed3416_svd_scrambled_rho1_16,7972dbc19e2dcdb73e84d028043b219bc2938af83d2414ce87a1e9b2750e1b4f
3416,SVD / linear resampling,1/16,16,512,66.8903803131991,65.13545347467608,66.01291689393759,0.0,0.0,0.0,0,8,47484292,3145728,3145728,2.318561345333243,7848,/data/mengh/RadonBridge/runs/2026_09_05_09_29_16/seed3416_svd_resample_rho1_16,6128637074ada80cfd61b6bf0edd74894144ac7f2cf28e20592da4f473eff1be
3416,Random QR / Radon,1/16,16,512,66.8903803131991,65.13545347467608,66.01291689393759,0.0,0.0,0.0,0,8,47484292,3145728,3145728,2.4024608252000084,7906,/data/mengh/RadonBridge/runs/2026_09_05_09_29_16/seed3416_qr_radon_rho1_16,727170824911c83c3e7702bb47674e718ed32c99aeecb6948a782afd4e74551e
3416,Learned CM,1/8,,1024,69.64102564102564,70.53243469007107,70.08673016554835,2.7506453278265326,5.396981215394987,4.07381327161076,16,22,90475908,46137344,46137344,19.04528377956667,8662,/data/mengh/RadonBridge/runs/2026_09_04_23_54_10/seed3416_bb6e-05_rho1_8,f56ff37adedb771932a4a36c2fc9cf13a6014371f42bdc10f99066904739b5b4
3416,SVD / Radon,1/8,32,1024,72.29603250696252,71.27558767453277,71.78581009074765,5.405652193763416,6.140134199856689,5.77289319681006,11,17,56921476,12582912,12582912,5.076886907166651,8012,/data/mengh/RadonBridge/runs/2026_09_05_01_29_50/seed3416_bb6e-05_rho1_8_svd,b3dcc277143458333d0ef8a681a89608401062d1ebe6b321df17c181fed91602
3416,SVD / self only,1/8,32,1024,66.8903803131991,65.13545347467608,66.01291689393759,0.0,0.0,0.0,0,8,56921476,12582912,6291456,2.512841679666599,8012,/data/mengh/RadonBridge/runs/2026_09_05_09_03_55/seed3416_svd_self,ef4ba83a770f55d781e9234b824f9ab0b45c563634363fef504525c898016b02
3416,SVD / scrambled Radon,1/8,32,1024,68.24179336163996,69.21424081376078,68.72801708770038,1.351413048440861,4.078787339084698,2.715100193762794,10,10,56921476,12582912,12582912,3.103486808183273,8012,/data/mengh/RadonBridge/runs/2026_09_05_09_03_55/seed3416_svd_scrambled,a7070c4e7dc72ef8511884567478f1d8af609dc14cd9bac31c2ea25eda054bbb
3416,SVD / linear resampling,1/8,32,1024,69.58904109589041,65.46328071379548,67.52616090484295,2.698660782691306,0.3278272391194008,1.5132440109053675,9,15,56921476,12582912,12582912,4.201656594916737,8154,/data/mengh/RadonBridge/runs/2026_09_05_09_03_55/seed3416_svd_resample,2d028c3e45fb2948d700204cfd943c661f9d39d8c2dfc9efa7f4a5f9f8e5fdff
3416,Random QR / Radon,1/8,32,1024,71.20984998455218,69.25359845674433,70.23172422064826,4.319469671353076,4.1181449820682445,4.2188073267106745,7,13,56921476,12582912,12582912,3.945775679433306,8012,/data/mengh/RadonBridge/runs/2026_09_05_09_03_55/seed3416_qr_radon,2f123e06bb938b717fe89c227d4d44188f146b072a82a04e80e5a8ce754fefd7
3416,Learned CM,1/4,,2048,69.90460958473753,70.20361473347062,70.05411215910408,3.014229271538426,5.068161258794532,4.041195265166493,10,16,161779076,117440512,117440512,9.177334390816698,9552,/data/mengh/RadonBridge/runs/2026_09_04_23_54_10/seed3416_bb6e-05_rho1_4,fbae6fafc8bc9dbcbbf3cf95ecda706d18b1f0e813a1247d20d4f7f2bea9734c
3416,SVD / Radon,1/4,64,2048,72.97297297297297,69.55985191279309,71.26641244288302,6.082592659773866,4.424398438117009,5.253495548945438,9,15,94670212,50331648,50331648,7.287644429133312,8144,/data/mengh/RadonBridge/runs/2026_09_05_01_29_50/seed3416_bb6e-05_rho1_4_svd,60e787a8b2c2e18fbaea94c9f5fec17a2839e157234ba84f2f0d413f5a86fbd8
3416,SVD / self only,1/4,64,2048,66.8903803131991,65.13545347467608,66.01291689393759,0.0,0.0,0.0,0,8,94670212,50331648,25165824,4.694233907333303,8144,/data/mengh/RadonBridge/runs/2026_09_05_09_29_16/seed3416_svd_self_rho1_4,b08bdd8e0a37a4d6fb93c058cf3f7df00c12af0e035e81be304f1c695c9fddaf
3416,SVD / scrambled Radon,1/4,64,2048,68.47710330138446,70.51083857226288,69.49397093682367,1.5867229881853575,5.3753850975868005,3.481054042886086,14,20,94670212,50331648,50331648,6.660009047300021,8144,/data/mengh/RadonBridge/runs/2026_09_05_09_29_16/seed3416_svd_scrambled_rho1_4,3eb00f61f13c9df6d589421fe212c06e65b4ff16cb048f85e1dab9384ba55138
3416,SVD / linear resampling,1/4,64,2048,69.19734239024781,66.19152046783626,67.69443142904203,2.306962077048709,1.0560669931601723,1.6815145351044407,11,17,94670212,50331648,50331648,8.817238620633361,8096,/data/mengh/RadonBridge/runs/2026_09_05_09_29_16/seed3416_svd_resample_rho1_4,c7297a6c84002f48f1d33f3a2c93ee6c82948350c615e98b74461113225ecad6
3416,Random QR / Radon,1/4,64,2048,72.25169197000183,72.27704678362574,72.26436937681379,5.361311656802727,7.141593308949652,6.2514524828762035,9,15,94670212,50331648,50331648,5.101679718266678,8144,/data/mengh/RadonBridge/runs/2026_09_05_09_29_16/seed3416_qr_radon_rho1_4,540d61b7a58b5cb131b786e7de7bba9cbc7be550cd502a6c89a7cd428e6b0b78
3417,No bridge,shared baseline,,,63.847637745842235,64.1875542163174,64.01759598107981,0.0,0.0,0.0,0,8,44338564,0,0,3.772641015033332,7796,/data/mengh/RadonBridge/runs/2026_09_04_23_54_10/seed3417_bb6e-05_independent,bd395d36499edcc6a5f8fcc681ecd0ce0c7187144e9b30aa5856f50a8298d059
3417,Learned CM,1/16,,512,66.8918918918919,65.76545627354655,66.32867408271923,3.044254146049667,1.5779020572291529,2.311078101639424,7,13,64261508,19922944,19922944,6.463617622883309,8232,/data/mengh/RadonBridge/runs/2026_09_04_23_54_10/seed3417_bb6e-05_rho1_16,a6e564fdf69c19bb11cf4a2ccd8514cdf553855b32efb0e8fcfca6c80b67b613
3417,SVD / Radon,1/16,16,512,68.19096396561186,68.56349994861077,68.37723195711132,4.343326219769622,4.375945732293374,4.359635976031512,16,22,47484292,3145728,3145728,9.512905391933357,7906,/data/mengh/RadonBridge/runs/2026_09_05_01_29_50/seed3417_bb6e-05_rho1_16_svd,6051b9f035db0d15905cdbbfc2758accde658f7d857a0c44773b23ac577d5722
3417,SVD / self only,1/16,16,512,63.847637745842235,64.1875542163174,64.01759598107981,0.0,0.0,0.0,0,8,47484292,3145728,1572864,4.0380878317667035,7906,/data/mengh/RadonBridge/runs/2026_09_05_09_29_16/seed3417_svd_self_rho1_16,f2b88446a6266d7fe7abcd2d77a9950bcbd6a47a35bb0a152bc1b697e3622524
3417,SVD / scrambled Radon,1/16,16,512,67.88744618406477,63.498515642840836,65.6929809134528,4.039808438222536,-0.6890385734765587,1.6753849323729924,11,17,47484292,3145728,3145728,4.871066108883315,7906,/data/mengh/RadonBridge/runs/2026_09_05_09_29_16/seed3417_svd_scrambled_rho1_16,f0073bba21834e942e6e0dda229a76e9f276e68c2045dcb73e917b3b1b4788f9
3417,SVD / linear resampling,1/16,16,512,63.847637745842235,64.1875542163174,64.01759598107981,0.0,0.0,0.0,0,8,47484292,3145728,3145728,3.7733715890333164,7848,/data/mengh/RadonBridge/runs/2026_09_05_09_29_16/seed3417_svd_resample_rho1_16,0fd179c89ff0a9e2d97e96b7f5d92354e1769b311058176187661b161600b587
3417,Random QR / Radon,1/16,16,512,63.847637745842235,64.1875542163174,64.01759598107981,0.0,0.0,0.0,0,8,47484292,3145728,3145728,2.443872224449903,7906,/data/mengh/RadonBridge/runs/2026_09_05_09_29_16/seed3417_qr_radon_rho1_16,7810d4ac00c00e4b66d0b3b83ea05a998a636ff08c517ffc4c584baa3d699b35
3417,Learned CM,1/8,,1024,65.87798892883639,65.8311903537345,65.85458964128544,2.0303511829941527,1.6436361374171042,1.8369936602056356,10,13,90475908,46137344,46137344,11.378399997916677,8662,/data/mengh/RadonBridge/runs/2026_09_04_23_54_10/seed3417_bb6e-05_rho1_8,2b0c4f17c6db9a411376ca7759581306f787fb615edd62b4e92f32b175b29aaa
3417,SVD / Radon,1/8,32,1024,69.8329268153034,67.88744618406477,68.86018649968409,5.98528906946116,3.6998919677473765,4.842590518604283,10,16,56921476,12582912,12582912,4.802406368800015,8012,/data/mengh/RadonBridge/runs/2026_09_05_01_29_50/seed3417_bb6e-05_rho1_8_svd,d9b5b5570176af3d71f29de78cd92254e701b94d5ec0a132ee5c14adfa379663
3417,SVD / self only,1/8,32,1024,63.847637745842235,64.1875542163174,64.01759598107981,0.0,0.0,0.0,0,8,56921476,12582912,6291456,4.199846944816575,8012,/data/mengh/RadonBridge/runs/2026_09_05_09_29_16/seed3417_svd_self_rho1_8,dc500382e4d38ddb93a76515c4b14f3455fce49d69cf39835f5edda94259119a
3417,SVD / scrambled Radon,1/8,32,1024,65.53896726475826,67.90503909147976,66.72200317811901,1.691329518916021,3.71748487516237,2.7044071970392025,10,16,56921476,12582912,12582912,4.802912992050066,8012,/data/mengh/RadonBridge/runs/2026_09_05_09_29_16/seed3417_svd_scrambled_rho1_8,fd8c538b9ea778ad1c1f84774bd02c562d30d6b26556c851966027b7be75d963
3417,SVD / linear resampling,1/8,32,1024,63.847637745842235,64.1875542163174,64.01759598107981,0.0,0.0,0.0,0,8,56921476,12582912,12582912,4.181638139316662,8154,/data/mengh/RadonBridge/runs/2026_09_05_09_29_16/seed3417_svd_resample_rho1_8,f5e42006328faa5d0e71f650da8dc040b7ee31969073c180965544bcc7aaabae
3417,Random QR / Radon,1/8,32,1024,69.07001044932079,63.47182229535171,66.27091637233625,5.222372703478555,-0.7157319209656876,2.2533203912564375,6,12,56921476,12582912,12582912,3.7019278436000604,8012,/data/mengh/RadonBridge/runs/2026_09_05_09_29_16/seed3417_qr_radon_rho1_8,3eba5551493b4b007e36cd599fbed7f76e4b2cf1cc24e20477b906efe73113dc
3417,Learned CM,1/4,,2048,68.90614295501256,69.93208925412316,69.41911610456785,5.05850520917032,5.744535037805761,5.401520123488041,10,16,161779076,117440512,117440512,9.200822766666654,9552,/data/mengh/RadonBridge/runs/2026_09_04_23_54_10/seed3417_bb6e-05_rho1_4,961f70db45891bbbd6f276bb1f5e5e3980f418f3840d48a138a2aebe47116e0a
3417,SVD / Radon,1/4,64,2048,69.91560747770278,68.57211357331232,69.24386052550756,6.0679697318605434,4.384559356994927,5.22626454442775,12,18,94670212,50331648,50331648,6.090430007266635,8144,/data/mengh/RadonBridge/runs/2026_09_05_01_29_50/seed3417_bb6e-05_rho1_4_svd,a60215b685cca90f1bd9b9f8524ec0eaae4f6987784341e9cabb85a35043a6fd
3417,SVD / self only,1/4,64,2048,63.847637745842235,64.1875542163174,64.01759598107981,0.0,0.0,0.0,0,8,94670212,50331648,25165824,4.783378414899926,8144,/data/mengh/RadonBridge/runs/2026_09_05_09_29_16/seed3417_svd_self_rho1_4,5b9f46e79f95c619a4b08f04f4bbfeeca05fa1a477ddcdc3433ade085779c39f
3417,SVD / scrambled Radon,1/4,64,2048,68.17204301075267,67.47252747252747,67.82228524164007,4.324405264910439,3.2849732562100797,3.8046892605602665,11,17,94670212,50331648,50331648,5.757831098933336,8144,/data/mengh/RadonBridge/runs/2026_09_05_09_29_16/seed3417_svd_scrambled_rho1_4,137610d316b6e7e2a4b9f0d5b56b8cd364ee5e31ac676d10139b2558f7ad5d67
3417,SVD / linear resampling,1/4,64,2048,65.38249862410566,64.0249495505412,64.70372408732342,1.53486087826343,-0.16260466577620036,0.6861281062436149,6,12,94670212,50331648,50331648,5.6903533193332505,8096,/data/mengh/RadonBridge/runs/2026_09_05_09_29_16/seed3417_svd_resample_rho1_4,b45e1af0a84b19f154344355138dcae0ff14d056b2d5eed2c7173a7695d39c70
3417,Random QR / Radon,1/4,64,2048,68.56349994861077,68.23744292237444,68.4004714354926,4.715862202768534,4.049888706057047,4.3828754544127975,10,16,94670212,50331648,50331648,5.4206850340833626,8144,/data/mengh/RadonBridge/runs/2026_09_05_09_29_16/seed3417_qr_radon_rho1_4,3eee59a8699d397cdb9a9f54a702c8d9daf24c14f2ea21ebe43b0c3be27fce4e
3418,No bridge,shared baseline,,,65.87798892883639,64.1875542163174,65.03277157257689,0.0,0.0,0.0,0,8,44338564,0,0,3.6541326533999383,7796,/data/mengh/RadonBridge/runs/2026_09_05_09_29_16/seed3418_no_bridge,54e8681b63f0eb7b7079d8464ce9cb44f84a481c580b3f2b050108947da08ed8
3418,Learned CM,1/16,,512,68.47710330138446,68.09759677123463,68.28735003630955,2.5991143725480725,3.91004255491724,3.2545784637326562,8,14,64261508,19922944,19922944,11.851517498883428,8232,/data/mengh/RadonBridge/runs/2026_09_05_09_29_16/seed3418_learned_rho1_16,bba390091601a5e90f112004f9285893a41a1ce83bf316278eda6e4af5f08f5b
3418,SVD / Radon,1/16,16,512,68.91581559056026,68.55200776832125,68.73391167944075,3.0378266617238694,4.364453552003852,3.7011401068638605,14,20,47484292,3145728,3145728,5.760759771666684,7906,/data/mengh/RadonBridge/runs/2026_09_05_09_29_16/seed3418_svd_radon_rho1_16,87b7c8baafe3a4d655a888c407ef71c6563936d42d13863cb6f790953ad676eb
3418,SVD / self only,1/16,16,512,65.87798892883639,64.1875542163174,65.03277157257689,0.0,0.0,0.0,0,8,47484292,3145728,1572864,2.444413590799983,7906,/data/mengh/RadonBridge/runs/2026_09_05_09_29_16/seed3418_svd_self_rho1_16,a1a9a89d476778529820a276a62b9229208b29fd18054b1e27f0e705eacff91c
3418,SVD / scrambled Radon,1/16,16,512,65.81243496060472,65.95353117092247,65.8829830657636,-0.06555396823166859,1.7659769546050796,0.8502114931867055,5,11,47484292,3145728,3145728,3.2400849894832695,7906,/data/mengh/RadonBridge/runs/2026_09_05_09_29_16/seed3418_svd_scrambled_rho1_16,ea9eef97acf4dc37725d3feb5e857769a3c0257c1491c1345f3e3c96bf35ca44
3418,SVD / linear resampling,1/16,16,512,66.83738796414853,64.1744690568623,65.50592851050541,0.9593990353121455,-0.013085159455087592,0.47315693792852187,10,14,47484292,3145728,3145728,3.8443380954500754,7848,/data/mengh/RadonBridge/runs/2026_09_05_09_29_16/seed3418_svd_resample_rho1_16,70e7ce08f8faca1ed19ae05a007fc0ab8083adbf5a3b0e871c6572faf59f8625
3418,Random QR / Radon,1/16,16,512,65.53424657534246,67.22636319015604,66.38030488274924,-0.3437423534939228,3.0388089738386412,1.3475333101723521,9,15,47484292,3145728,3145728,6.965802407066682,7906,/data/mengh/RadonBridge/runs/2026_09_05_09_29_16/seed3418_qr_radon_rho1_16,e98847bec621ff6bf504ea66e85ea3e899d2df3cab968e1d162b9b794f5dce8f
3418,Learned CM,1/8,,1024,65.87798892883639,64.1875542163174,65.03277157257689,0.0,0.0,0.0,0,8,90475908,46137344,46137344,7.0472982808500095,8662,/data/mengh/RadonBridge/runs/2026_09_05_09_29_16/seed3418_learned_rho1_8,c8c84360b1257bbed3cbd8eec772c3374e59aadbc8a843d25471cf3ea50908e0
3418,SVD / Radon,1/8,32,1024,68.09759677123463,67.41882223445239,67.75820950284351,2.219607842398247,3.2312680181349975,2.7254379302666223,14,20,56921476,12582912,12582912,5.931498056350028,8012,/data/mengh/RadonBridge/runs/2026_09_05_09_29_16/seed3418_svd_radon_rho1_8,eccf9cbf57752635af55ff8fedfe8b0d36163c319ccf060c0446e0d7663db553
3418,SVD / self only,1/8,32,1024,65.87798892883639,64.1875542163174,65.03277157257689,0.0,0.0,0.0,0,8,56921476,12582912,6291456,2.5329672947333166,8012,/data/mengh/RadonBridge/runs/2026_09_05_09_29_16/seed3418_svd_self_rho1_8,02f2844493cd80ef22ffc5ad6d675d22f3f802ead54160dbb7f5d628375bb34a
3418,SVD / scrambled Radon,1/8,32,1024,65.19912792356774,68.19096396561186,66.6950459445898,-0.6788610052686437,4.0034097492944625,1.6622743720129023,9,13,56921476,12582912,12582912,6.482395437383335,8012,/data/mengh/RadonBridge/runs/2026_09_05_09_29_16/seed3418_svd_scrambled_rho1_8,f6ee8c9b26e42e9d47fc8ce427be00fee8533a956978279910d75c06aa20f0da
3418,SVD / linear resampling,1/8,32,1024,65.87798892883639,65.38249862410566,65.63024377647102,0.0,1.1949444077882703,0.597472203894128,12,12,56921476,12582912,12582912,3.4356736782333126,8154,/data/mengh/RadonBridge/runs/2026_09_05_09_29_16/seed3418_svd_resample_rho1_8,591556504f7a681b50948fc1dd82735c07aaf508640ac38729c73c83eb521362
3418,Random QR / Radon,1/8,32,1024,67.67481693508523,67.41882223445239,67.54681958476881,1.7968280062488446,3.2312680181349975,2.514048012191921,14,20,56921476,12582912,12582912,5.9641650881165935,8012,/data/mengh/RadonBridge/runs/2026_09_05_09_29_16/seed3418_qr_radon_rho1_8,4410eae6ab749aa19d64b75e473c62b0d5dbe29075ab0c89438d18212d22686b
3418,Learned CM,1/4,,2048,65.87798892883639,64.1875542163174,65.03277157257689,0.0,0.0,0.0,0,8,161779076,117440512,117440512,5.40235707134998,9082,/data/mengh/RadonBridge/runs/2026_09_05_09_29_16/seed3418_learned_rho1_4,29a3e0025f93360538a8c74d5daed629d2a7f06d8c07baa9d2686218df696430
3418,SVD / Radon,1/4,64,2048,68.22002923976609,66.81766186227408,67.51884555102009,2.342040310929704,2.6301076459566843,2.4860739784432013,6,12,94670212,50331648,50331648,4.127163945566645,8144,/data/mengh/RadonBridge/runs/2026_09_05_09_29_16/seed3418_svd_radon_rho1_4,abffc5694d588805ede2ba0422e950d51a9d115237546f4b2898bea3dbd953ea
3418,SVD / self only,1/4,64,2048,65.87798892883639,64.1875542163174,65.03277157257689,0.0,0.0,0.0,0,8,94670212,50331648,25165824,2.8524909193166725,8144,/data/mengh/RadonBridge/runs/2026_09_05_09_29_16/seed3418_svd_self_rho1_4,68e195b9edf757afae8fb473e4b7a31cd1f6a7262ad97f292eb54f8f134e3c4c
3418,SVD / scrambled Radon,1/4,64,2048,67.56756756756756,66.87828271294816,67.22292514025787,1.6895786387311773,2.6907284966307685,2.19015356768098,9,15,94670212,50331648,50331648,8.516585956383278,8144,/data/mengh/RadonBridge/runs/2026_09_05_09_29_16/seed3418_svd_scrambled_rho1_4,5099263c724944ac7bbfafbd0547a8572fe557a967437e437bac02cd64476b14
3418,SVD / linear resampling,1/4,64,2048,67.84337941839055,69.2790257853222,68.56120260185638,1.9653904895541672,5.09147156900481,3.5284310292794885,5,11,94670212,50331648,50331648,3.522345198599942,8096,/data/mengh/RadonBridge/runs/2026_09_05_09_29_16/seed3418_svd_resample_rho1_4,37f373461fd213e5ce228a67f7d86483bda553633fe22c61c07e3618bfe4e3c3
3418,Random QR / Radon,1/4,64,2048,67.56164383561645,67.90210827901879,67.73187605731762,1.6836549067800632,3.7145540627013958,2.6991044847407295,12,18,94670212,50331648,50331648,6.07365675288335,8144,/data/mengh/RadonBridge/runs/2026_09_05_09_29_16/seed3418_qr_radon_rho1_4,4476d21839340172d87734cc332e1942d19b366da22f57023a973fc61dfb6216
3416,Centered-fit SVD / Radon,1/16,16,512,67.5305087069793,67.8757068601131,67.7031077835462,0.640128393780202,2.740253385437015,1.6901908896086155,8,14,47484292,3145728,3145728,6.714080647899997,7906,/data/mengh/RadonBridge/runs/2026_09_05_10_09_52/seed3416_centered_svd_radon_rho1_16,c482562b8fbd7cad76e7068328245ece538bf9b0a40e54f70b967ce6fb8b6bd3
3416,Centered-fit SVD / self only,1/16,16,512,66.8903803131991,65.13545347467608,66.01291689393759,0.0,0.0,0.0,0,8,47484292,3145728,1572864,2.409631160966698,7906,/data/mengh/RadonBridge/runs/2026_09_05_10_09_52/seed3416_centered_svd_self_rho1_16,c375138f573a542a8057b444fc9ec06b9f92be6a7afbcebcd2f8a97e5c484d68
3416,Centered-fit SVD / scrambled Radon,1/16,16,512,69.25640586657535,68.09759677123463,68.67700131890498,2.3660255533762466,2.9621432965585512,2.664084424967399,10,16,47484292,3145728,3145728,4.588209792150034,7906,/data/mengh/RadonBridge/runs/2026_09_05_10_09_52/seed3416_centered_svd_scrambled_rho1_16,987672e280eafbc465560b6619de206a317972b4dca797a5c7332e08975f43ef
3416,Centered-fit SVD / linear resampling,1/16,16,512,66.8903803131991,65.13545347467608,66.01291689393759,0.0,0.0,0.0,0,8,47484292,3145728,3145728,3.796995611300008,7848,/data/mengh/RadonBridge/runs/2026_09_05_10_09_52/seed3416_centered_svd_resample_rho1_16,2d72e141a5baa39e6d096ea4a2b78ebcfe41e167409b7b2d23c0f84895521ef8
3416,Centered-fit SVD / Radon,1/8,32,1024,74.61319427767677,73.30319325044809,73.95819376406243,7.722813964477666,8.167739775772006,7.945276870124843,28,28,56921476,12582912,12582912,10.377069130116675,8012,/data/mengh/RadonBridge/runs/2026_09_05_10_09_52/seed3416_centered_svd_radon_rho1_8,e72a36f1f7455fb5c8bdd1c50676346f12cb5b0fecbc4884e844de21d0149b44
3416,Centered-fit SVD / self only,1/8,32,1024,66.8903803131991,65.13545347467608,66.01291689393759,0.0,0.0,0.0,0,8,56921476,12582912,6291456,2.5151507420333172,8012,/data/mengh/RadonBridge/runs/2026_09_05_10_09_52/seed3416_centered_svd_self_rho1_8,9ff170c7c86424b7093eacadd2a67510f65f6765ba4ef617cca62d606fc2218d
3416,Centered-fit SVD / scrambled Radon,1/8,32,1024,70.94063926940639,69.17760410110881,70.0591216852576,4.050258956207287,4.042150626432729,4.046204791320008,8,14,56921476,12582912,12582912,4.235574864533313,8012,/data/mengh/RadonBridge/runs/2026_09_05_10_09_52/seed3416_centered_svd_scrambled_rho1_8,9c96cb4ed697812c438150b0f2d5bc27ff7c33e0de99cd61e9a04a484f96def9
3416,Centered-fit SVD / linear resampling,1/8,32,1024,66.8903803131991,65.13545347467608,66.01291689393759,0.0,0.0,0.0,0,8,56921476,12582912,12582912,2.3725437782166408,8154,/data/mengh/RadonBridge/runs/2026_09_05_10_09_52/seed3416_centered_svd_resample_rho1_8,a95d4e93dbfe0f7f767b0edfaf44b052fa87ced99eac8b07969a9fb4fa311186
3416,Centered-fit SVD / Radon,1/4,64,2048,73.58956760466712,73.52779306549257,73.55868033507986,6.6991872914680215,8.39233959081649,7.54576344114227,7,13,94670212,50331648,50331648,7.3904338105333105,8144,/data/mengh/RadonBridge/runs/2026_09_05_10_09_52/seed3416_centered_svd_radon_rho1_4,6303ceb707ba4e079594cf3b5a797f74056fcb10df479045b4903488ee4d92af
3416,Centered-fit SVD / self only,1/4,64,2048,66.8903803131991,65.13545347467608,66.01291689393759,0.0,0.0,0.0,0,8,94670212,50331648,25165824,2.8353524038667577,8144,/data/mengh/RadonBridge/runs/2026_09_05_10_09_52/seed3416_centered_svd_self_rho1_4,8e739094f536a6dfe8d10e1f31bd5e4b37391fdfa015cd9b681e3950803a0f17
3416,Centered-fit SVD / scrambled Radon,1/4,64,2048,73.58956760466712,70.59166124224879,72.09061442345796,6.6991872914680215,5.456207767572707,6.077697529520378,7,13,94670212,50331648,50331648,4.449710387133382,8144,/data/mengh/RadonBridge/runs/2026_09_05_10_09_52/seed3416_centered_svd_scrambled_rho1_4,3b1546ed9a24fa85e5cecb6b129af89052f441ad2357f382b211452dd5ee4903
3416,Centered-fit SVD / linear resampling,1/4,64,2048,69.57236842105263,67.82277351214657,68.6975709665996,2.6819881078535275,2.687320037470485,2.6846540726620134,5,11,94670212,50331648,50331648,3.490729038516656,8096,/data/mengh/RadonBridge/runs/2026_09_05_10_09_52/seed3416_centered_svd_resample_rho1_4,e5da44bcaa2a3c288dd5011aae90ba3717e9fa1c6117cd159d18abceb93d5b22
3417,Centered-fit SVD / Radon,1/16,16,512,68.74627002708533,66.86769005847954,67.80698004278244,4.898632281243096,2.6801358421621444,3.789384061702634,18,24,47484292,3145728,3145728,11.151922025516615,7906,/data/mengh/RadonBridge/runs/2026_09_05_10_09_52/seed3417_centered_svd_radon_rho1_16,7410f307745600a21865365bbdf0f4514a4113999ae9bfea70b32bc9fa5f79bd
3417,Centered-fit SVD / self only,1/16,16,512,63.847637745842235,64.1875542163174,64.01759598107981,0.0,0.0,0.0,0,8,47484292,3145728,1572864,2.4600950658500853,7906,/data/mengh/RadonBridge/runs/2026_09_05_10_09_52/seed3417_centered_svd_self_rho1_16,513b5385e93be48e89b826d7b0cc70ba36407496a9ffb209ce521be645d03b85
3417,Centered-fit SVD / scrambled Radon,1/16,16,512,64.5266221537408,67.56756756756756,66.04709486065418,0.6789844078985681,3.38001335125017,2.0294988795743762,11,17,47484292,3145728,3145728,4.907856960966698,7906,/data/mengh/RadonBridge/runs/2026_09_05_10_09_52/seed3417_centered_svd_scrambled_rho1_16,8f3893d36a419580b52edf0cf62e3dc670a0b201d84e527efeb92ae741f3fd16
3417,Centered-fit SVD / linear resampling,1/16,16,512,63.847637745842235,64.1875542163174,64.01759598107981,0.0,0.0,0.0,0,8,47484292,3145728,3145728,2.282424186416756,7848,/data/mengh/RadonBridge/runs/2026_09_05_10_09_52/seed3417_centered_svd_resample_rho1_16,6033c97291da8203a04a79bb7a4bbb0eed8bf2e8d4e69c0d4b2c81049c266aa4
3417,Centered-fit SVD / Radon,1/8,32,1024,68.86775196634352,68.57211357331232,68.71993276982792,5.020114220501284,4.384559356994927,4.702336788748113,9,15,56921476,12582912,12582912,7.403341196183222,8012,/data/mengh/RadonBridge/runs/2026_09_05_10_09_52/seed3417_centered_svd_radon_rho1_8,38913cf51b469c7f4bfb46ff1f3fba93f593f143bd818a4bb6092a06c8f3adfc
3417,Centered-fit SVD / self only,1/8,32,1024,63.847637745842235,64.1875542163174,64.01759598107981,0.0,0.0,0.0,0,8,56921476,12582912,6291456,2.551150178599831,8012,/data/mengh/RadonBridge/runs/2026_09_05_10_09_52/seed3417_centered_svd_self_rho1_8,5359bfc02393a3acc85f094d32154699f8618ecca3b969656d415a4e610d4b59
3417,Centered-fit SVD / scrambled Radon,1/8,32,1024,67.56608683741953,68.55200776832125,68.0590473028704,3.7184490915772983,4.364453552003852,4.041451321790589,11,17,56921476,12582912,12582912,5.082438262633514,8012,/data/mengh/RadonBridge/runs/2026_09_05_10_09_52/seed3417_centered_svd_scrambled_rho1_8,19d52bcdffcc11eacf4abd7b147e094f7b7239c0bf619ab80a9dfae117511e85
3417,Centered-fit SVD / linear resampling,1/8,32,1024,64.43569703974093,64.0249495505412,64.23032329514106,0.588059293898695,-0.16260466577620036,0.21272731406125445,6,12,56921476,12582912,12582912,4.164004927683466,8154,/data/mengh/RadonBridge/runs/2026_09_05_10_09_52/seed3417_centered_svd_resample_rho1_8,a035845958795ced6b48ae74efa2643f8113b410615f6b029d2186ecaf7a5175
3417,Centered-fit SVD / Radon,1/4,64,2048,67.77262048020171,69.57236842105263,68.67249445062717,3.9249827343594745,5.384814204735235,4.654898469547362,8,14,94670212,50331648,50331648,4.738510771250003,8144,/data/mengh/RadonBridge/runs/2026_09_05_10_09_52/seed3417_centered_svd_radon_rho1_4,0a8ebdd80e00b1cc9f198f97e73352e6bd54bb38fc371bc032dc3caf852c440c
3417,Centered-fit SVD / self only,1/4,64,2048,63.847637745842235,64.1875542163174,64.01759598107981,0.0,0.0,0.0,0,8,94670212,50331648,25165824,4.24403368818336,8144,/data/mengh/RadonBridge/runs/2026_09_05_10_09_52/seed3417_centered_svd_self_rho1_4,80b7968c78298e14d7dd710fa3b0158764f384471bb4f29b01353f17832b488c
3417,Centered-fit SVD / scrambled Radon,1/4,64,2048,68.91324200913243,62.30444789755932,65.60884495334588,5.065604263290197,-1.8831063187580739,1.5912489722660723,6,12,94670212,50331648,50331648,8.364536264283378,8144,/data/mengh/RadonBridge/runs/2026_09_05_10_09_52/seed3417_centered_svd_scrambled_rho1_4,061e6160e664a2c917c20ae9ee02149940078be925036212b81c897c01ab01f7
3417,Centered-fit SVD / linear resampling,1/4,64,2048,67.18441053774502,63.171892656979466,65.17815159736224,3.3367727919027885,-1.0156615593379286,1.160555616282437,8,14,94670212,50331648,50331648,8.852845399233532,8096,/data/mengh/RadonBridge/runs/2026_09_05_10_09_52/seed3417_centered_svd_resample_rho1_4,87433c749d4d4c5caacf356f84a470df9b9150db7605098af30695cae1614c03
3418,Centered-fit SVD / Radon,1/16,16,512,68.55200776832125,67.84337941839055,68.1976935933559,2.6740188394848587,3.65582520207316,3.1649220207790023,17,23,47484292,3145728,3145728,6.494835246083434,7906,/data/mengh/RadonBridge/runs/2026_09_05_10_09_52/seed3418_centered_svd_radon_rho1_16,cce32d2999ec529f12bd41bf89f6be7e203f2d99fab16a6f9f56f6ed0c280e2d
3418,Centered-fit SVD / self only,1/16,16,512,65.87798892883639,64.1875542163174,65.03277157257689,0.0,0.0,0.0,0,8,47484292,3145728,1572864,2.460192243666582,7906,/data/mengh/RadonBridge/runs/2026_09_05_10_09_52/seed3418_centered_svd_self_rho1_16,60d2a07e3beeb326a714fbb89a884f805b51777e0f3a15618a09bc26208ffeb8
3418,Centered-fit SVD / scrambled Radon,1/16,16,512,68.91324200913243,65.87487301243051,67.39405751078147,3.0352530802960445,1.687318796113118,2.361285938204574,13,19,47484292,3145728,3145728,5.435198546800044,7906,/data/mengh/RadonBridge/runs/2026_09_05_10_09_52/seed3418_centered_svd_scrambled_rho1_16,4c27159a086345742096445c4565a2df3d54740ba64ee385c3119af0b96158dd
3418,Centered-fit SVD / linear resampling,1/16,16,512,65.87798892883639,64.1875542163174,65.03277157257689,0.0,0.0,0.0,0,8,47484292,3145728,3145728,2.301227043183462,7848,/data/mengh/RadonBridge/runs/2026_09_05_10_09_52/seed3418_centered_svd_resample_rho1_16,ce9bc9ec6f89104805899fc9862d8057f77301528e32c739509f760772e8fdd5
3418,Centered-fit SVD / Radon,1/8,32,1024,67.82277351214657,64.78609013955617,66.30443182585137,1.944784583310181,0.5985359232387708,1.2716602532744758,3,9,56921476,12582912,12582912,2.796661298400189,8012,/data/mengh/RadonBridge/runs/2026_09_05_10_09_52/seed3418_centered_svd_radon_rho1_8,408611bbf8a5e9722526745cc62bfad16bd5925ae0ace760aa249cd1e6625302
3418,Centered-fit SVD / self only,1/8,32,1024,65.87798892883639,64.1875542163174,65.03277157257689,0.0,0.0,0.0,0,8,56921476,12582912,6291456,2.531700649449825,8012,/data/mengh/RadonBridge/runs/2026_09_05_10_09_52/seed3418_centered_svd_self_rho1_8,68713855da390ea4fd862b3f258ca4abea8d7095bd9538b57dae5d72dda434fb
3418,Centered-fit SVD / scrambled Radon,1/8,32,1024,65.02667049039289,66.7948717948718,65.91077114263234,-0.8513184384434993,2.607317578554401,0.8779995700554508,12,18,56921476,12582912,12582912,5.354208486266725,8012,/data/mengh/RadonBridge/runs/2026_09_05_10_09_52/seed3418_centered_svd_scrambled_rho1_8,8092fdaaa2ea30f7073aefe4e4bc2d9ec9053218b78bd93be0d905204172bb32
3418,Centered-fit SVD / linear resampling,1/8,32,1024,65.87798892883639,64.1875542163174,65.03277157257689,0.0,0.0,0.0,0,8,56921476,12582912,12582912,2.3364741729831926,8154,/data/mengh/RadonBridge/runs/2026_09_05_10_09_52/seed3418_centered_svd_resample_rho1_8,7bf15326e9c569ce5f5ede2c2fa3dce098f0beb015cf7fcadd070e248375289a
3418,Centered-fit SVD / Radon,1/4,64,2048,67.88744618406477,65.84680413548867,66.86712515977672,2.0094572552283836,1.6592499191712733,1.8343535871998284,7,13,94670212,50331648,50331648,4.392459773899948,8144,/data/mengh/RadonBridge/runs/2026_09_05_10_09_52/seed3418_centered_svd_radon_rho1_4,a993ec27fdedae54c284b32b247a8a4c493f9eec2bcaa8346a991b0c7b82c72d
3418,Centered-fit SVD / self only,1/4,64,2048,65.87798892883639,64.1875542163174,65.03277157257689,0.0,0.0,0.0,0,8,94670212,50331648,25165824,2.833391909666777,8144,/data/mengh/RadonBridge/runs/2026_09_05_10_09_52/seed3418_centered_svd_self_rho1_4,185de197acd48bc7d286bbaa9bde89e2bef1017cd2b78ad44e19104b364ad40f
3418,Centered-fit SVD / scrambled Radon,1/4,64,2048,69.54453996707517,67.82277351214657,68.68365673961087,3.6665510382387794,3.635219295829174,3.6508851670339766,6,12,94670212,50331648,50331648,4.112861314516825,8144,/data/mengh/RadonBridge/runs/2026_09_05_10_09_52/seed3418_centered_svd_scrambled_rho1_4,eccaa9196dd05fedfbae5afca4196ee58648e88a2ec68513efbe7427bfb4cf5a
3418,Centered-fit SVD / linear resampling,1/4,64,2048,65.8311903537345,67.77262048020171,66.80190541696811,-0.04679857510188867,3.5850662638843147,1.7691338443912201,8,14,94670212,50331648,50331648,4.299483911633433,8096,/data/mengh/RadonBridge/runs/2026_09_05_10_09_52/seed3418_centered_svd_resample_rho1_4,e84e14459079e724cd1b0b2a19f8dc9fc94d639072ed7e38ef92187e33280b18
3416,Learned channel / Radon,1/16,16,512,67.41882223445239,67.09414933241649,67.25648578343444,0.5284419212532896,1.958695857740409,1.2435688894968564,7,13,47500676,3162112,3162112,3.752620699900096,7906,/data/mengh/RadonBridge/runs/2026_09_05_13_32_31/seed3416_channel_svd_radon_rho1_16,c1b79673514109a4f743f29058f6c95c83838c60c2831bb59c0fc17ffbec4c38
3416,Learned channel / Self only,1/16,16,512,66.8903803131991,65.13545347467608,66.01291689393759,0.0,0.0,0.0,0,8,47500676,3162112,1589248,2.4260576108332317,7906,/data/mengh/RadonBridge/runs/2026_09_05_13_32_31/seed3416_channel_svd_self_rho1_16,31557a37ab0c4c2bdcdc15773b39fa7ba8523c8fa7fbc378f15d75688e4564d4
3416,Learned channel / Scrambled Radon,1/16,16,512,68.15018315018315,65.51535087719299,66.83276701368807,1.2598028369840506,0.37989740251690307,0.8198501197504839,7,13,47500676,3162112,3162112,3.773301518633525,7906,/data/mengh/RadonBridge/runs/2026_09_05_13_32_31/seed3416_channel_svd_scrambled_rho1_16,f94ff1be724764bcd232059441c69c7ba9c4e08b90e821e37f3d1d368b1054ff
3416,Learned channel / Linear resampling,1/16,16,512,66.8903803131991,65.13545347467608,66.01291689393759,0.0,0.0,0.0,0,8,47500676,3162112,3162112,2.2876774509667785,7848,/data/mengh/RadonBridge/runs/2026_09_05_13_32_31/seed3416_channel_svd_resample_rho1_16,5b34f885950077325e2fb8447101a12af97fef679356db6915afd8c38412de6c
3416,Learned channel / Radon,1/8,32,1024,70.92470760233918,68.24324324324324,69.58397542279121,4.03432728914008,3.1077897685671587,3.5710585288536265,10,16,56954244,12615680,12615680,4.723925128983198,8012,/data/mengh/RadonBridge/runs/2026_09_05_13_32_31/seed3416_channel_svd_radon_rho1_8,4b39b18528436d826401efa8f8155de14bb7c2bea7dd83d52bd3e065068eba6b
3416,Learned channel / Self only,1/8,32,1024,66.8903803131991,65.13545347467608,66.01291689393759,0.0,0.0,0.0,0,8,56954244,12615680,6324224,2.511319310983284,8012,/data/mengh/RadonBridge/runs/2026_09_05_13_32_31/seed3416_channel_svd_self_rho1_8,c39785e716e4653fc3210da05879963a83383c7235bae4fd588098fcc2c94880
3416,Learned channel / Scrambled Radon,1/8,32,1024,71.60995661109843,67.77262048020171,69.69128854565007,4.719576297899323,2.637167005525626,3.6783716517124816,10,16,56954244,12615680,12615680,4.7991429199501,8012,/data/mengh/RadonBridge/runs/2026_09_05_13_32_31/seed3416_channel_svd_scrambled_rho1_8,5aa9520ac383a75892cb6c25a494649da5d4f9d3edeb6fe05b8dcc1944787bd8
3416,Learned channel / Linear resampling,1/8,32,1024,66.8903803131991,65.13545347467608,66.01291689393759,0.0,0.0,0.0,0,8,56954244,12615680,12615680,2.3395216200832993,8154,/data/mengh/RadonBridge/runs/2026_09_05_13_32_31/seed3416_channel_svd_resample_rho1_8,7999be12edefec02df0b19c165f8dc04424169e25136d39a9f811b500bb50a4c
3416,Learned channel / Radon,1/4,64,2048,71.2677150067948,72.61982253588681,71.94376877134081,4.377334693595699,7.484369061210728,5.930851877403228,11,17,94735748,50397184,50397184,5.650043521899836,8114,/data/mengh/RadonBridge/runs/2026_09_05_13_32_31/seed3416_channel_svd_radon_rho1_4,544a6e2a43d8641eddea2046852ded75542b233db6504b7aeeedde5364649a03
3416,Learned channel / Self only,1/4,64,2048,66.8903803131991,65.13545347467608,66.01291689393759,0.0,0.0,0.0,0,8,94735748,50397184,25231360,2.9072220793333448,8114,/data/mengh/RadonBridge/runs/2026_09_05_13_32_31/seed3416_channel_svd_self_rho1_4,20b8ed197f4719d557ac20c83cef7ded5bd8e328042a459a4b22f0c614201501
3416,Learned channel / Scrambled Radon,1/4,64,2048,68.17204301075267,70.15992301700041,69.16598301387654,1.2816626975535712,5.024469542324326,3.1530661199389556,9,13,94735748,50397184,50397184,4.444868070049901,8114,/data/mengh/RadonBridge/runs/2026_09_05_13_32_31/seed3416_channel_svd_scrambled_rho1_4,78254c73bafc7a3457f83f4390bcaaed3bf898fd2ceb269ddca32a0967ea899f
3416,Learned channel / Linear resampling,1/4,64,2048,69.58209636903403,67.90210827901879,68.7421023240264,2.691716055834931,2.766654804342707,2.729185430088819,15,21,94735748,50397184,50397184,6.291488256983333,8132,/data/mengh/RadonBridge/runs/2026_09_05_13_32_31/seed3416_channel_svd_resample_rho1_4,418052fd0735d6f40133545f2b5702ec9002883cf6b653a0ad5559e6da55c25f
3417,Learned channel / Radon,1/16,16,512,65.79052762870319,63.338773714854554,64.56465067177888,1.9428898828609533,-0.8487805014628407,0.5470546906990705,6,12,47500676,3162112,3162112,3.431469576949894,7906,/data/mengh/RadonBridge/runs/2026_09_05_13_32_31/seed3417_channel_svd_radon_rho1_16,5a7ea839a48439e5346429d586f9ef4c93f4b6bd70004246fc0e7b61474eeedb
3417,Learned channel / Self only,1/16,16,512,63.847637745842235,64.1875542163174,64.01759598107981,0.0,0.0,0.0,0,8,47500676,3162112,1589248,2.3878311698332255,7906,/data/mengh/RadonBridge/runs/2026_09_05_13_32_31/seed3417_channel_svd_self_rho1_16,2d96578f42df41eda474728db157f1b148474b3ea38cd19b66bcfc3207ec054e
3417,Learned channel / Scrambled Radon,1/16,16,512,63.847637745842235,64.1875542163174,64.01759598107981,0.0,0.0,0.0,0,8,47500676,3162112,3162112,2.4073863336833408,7906,/data/mengh/RadonBridge/runs/2026_09_05_13_32_31/seed3417_channel_svd_scrambled_rho1_16,3f45fcfddcf0903140a3f5eeb2880ac19c35827e9afdad197c92a591ef17b6fc
3417,Learned channel / Linear resampling,1/16,16,512,63.847637745842235,64.1875542163174,64.01759598107981,0.0,0.0,0.0,0,8,47500676,3162112,3162112,2.281043663549887,7848,/data/mengh/RadonBridge/runs/2026_09_05_13_32_31/seed3417_channel_svd_resample_rho1_16,f47cdae04c1985f4eacd095e13840ab396a2b6a58f5040816859e7d0f900f307
3417,Learned channel / Radon,1/8,32,1024,67.47252747252747,68.20695644225057,67.83974195738902,3.6248897266852396,4.019402225933177,3.8221459763092156,6,12,56954244,12615680,12615680,3.592268588583344,8012,/data/mengh/RadonBridge/runs/2026_09_05_13_32_31/seed3417_channel_svd_radon_rho1_8,b314a782244071e26a6ffe1560f0c2ff4f2bee3bb40b33e91060cb69a8bd01e2
3417,Learned channel / Self only,1/8,32,1024,63.847637745842235,64.1875542163174,64.01759598107981,0.0,0.0,0.0,0,8,56954244,12615680,6324224,2.5126540561834796,8012,/data/mengh/RadonBridge/runs/2026_09_05_13_32_31/seed3417_channel_svd_self_rho1_8,4a9466bec31c7d9a877d1577f27ef98d797ff41657e126c60fbf37719a6466c7
3417,Learned channel / Scrambled Radon,1/8,32,1024,65.53896726475826,63.84103389617655,64.6900005804674,1.691329518916021,-0.3465203201408471,0.6724045993875905,10,16,56954244,12615680,12615680,4.75673890236673,8012,/data/mengh/RadonBridge/runs/2026_09_05_13_32_31/seed3417_channel_svd_scrambled_rho1_8,8acac51d53319c450e60a672e9fed3a254cfa2abbc93c9627670b22b05ed6860
3417,Learned channel / Linear resampling,1/8,32,1024,63.847637745842235,64.1875542163174,64.01759598107981,0.0,0.0,0.0,0,8,56954244,12615680,12615680,2.3364128988667896,8154,/data/mengh/RadonBridge/runs/2026_09_05_13_32_31/seed3417_channel_svd_resample_rho1_8,e680305ecbe0e2c28c8f46898faa4ff69db251f7020dc37d0a583a23d4e96dbb
3417,Learned channel / Radon,1/4,64,2048,68.57785336788156,67.54385964912281,68.06085650850218,4.730215622039324,3.3563054328054136,4.043260527422376,11,17,94735748,50397184,50397184,5.664019666466872,8114,/data/mengh/RadonBridge/runs/2026_09_05_13_32_31/seed3417_channel_svd_radon_rho1_4,bee9c1293ddaf1615dd3c1f24638899bcc2490ca70bf55f44592ba5ad1647fff
3417,Learned channel / Self only,1/4,64,2048,63.847637745842235,64.1875542163174,64.01759598107981,0.0,0.0,0.0,0,8,94735748,50397184,25231360,2.813266864849963,8114,/data/mengh/RadonBridge/runs/2026_09_05_13_32_31/seed3417_channel_svd_self_rho1_4,d29be2f20dfbf0bd04801c93498af7750eadc5e1419ee9041a22d61c41a3bf40
3417,Learned channel / Scrambled Radon,1/4,64,2048,69.12956277577216,65.1705032272805,67.15003300152634,5.281925029929923,0.9829490109631109,3.132437020446531,8,14,94735748,50397184,50397184,4.798704401149977,8114,/data/mengh/RadonBridge/runs/2026_09_05_13_32_31/seed3417_channel_svd_scrambled_rho1_4,5cf2e864a60c4b127b947dc33a645c5e26783f9f15372fb789ff796e3fb1f567
3417,Learned channel / Linear resampling,1/4,64,2048,63.847637745842235,64.1875542163174,64.01759598107981,0.0,0.0,0.0,0,8,94735748,50397184,50397184,2.584538459500133,8132,/data/mengh/RadonBridge/runs/2026_09_05_13_32_31/seed3417_channel_svd_resample_rho1_4,30e4fef6e812218a5b26b3c9156132c290863ec34671e5104d35b4d52cf23065
3418,Learned channel / Radon,1/16,16,512,66.88584474885845,68.23018954099109,67.55801714492478,1.0078558200220584,4.042635324673697,2.5252455723478846,12,18,47500676,3162112,3162112,5.022724879049929,7906,/data/mengh/RadonBridge/runs/2026_09_05_13_32_31/seed3418_channel_svd_radon_rho1_16,f4fa1e57a1d3373a2df1ba5b4b67182d7fb8dfe056b6630f8ede60bda6f56723
3418,Learned channel / Self only,1/16,16,512,65.87798892883639,64.1875542163174,65.03277157257689,0.0,0.0,0.0,0,8,47500676,3162112,1589248,2.387204043450038,7906,/data/mengh/RadonBridge/runs/2026_09_05_13_32_31/seed3418_channel_svd_self_rho1_16,cc1b13fe0c3783024a659b31f93439c9fe4255acd28c1a735a990d7c62f29fd1
3418,Learned channel / Scrambled Radon,1/16,16,512,65.87798892883639,64.1875542163174,65.03277157257689,0.0,0.0,0.0,0,8,47500676,3162112,3162112,2.3886045471498316,7906,/data/mengh/RadonBridge/runs/2026_09_05_13_32_31/seed3418_channel_svd_scrambled_rho1_16,1fb78486a699b677aadf720e36d06367700cda77deacfdf9163bcd6e708362cd
3418,Learned channel / Linear resampling,1/16,16,512,65.87798892883639,64.1875542163174,65.03277157257689,0.0,0.0,0.0,0,8,47500676,3162112,3162112,2.275963799633367,7848,/data/mengh/RadonBridge/runs/2026_09_05_13_32_31/seed3418_channel_svd_resample_rho1_16,29fd8b2792e0b03d26ec8758085b9e7513065b7f83d1d7126d9119cd0395129d
3418,Learned channel / Radon,1/8,32,1024,66.55367231638418,67.90503909147976,67.22935570393197,0.6756833875477923,3.71748487516237,2.196584131355081,7,13,56954244,12615680,12615680,3.8731380210498174,8012,/data/mengh/RadonBridge/runs/2026_09_05_13_32_31/seed3418_channel_svd_radon_rho1_8,a0fddc753d4476cecd8c1befd4a5451e6358ead9240d43f0844c42e06da19dad
3418,Learned channel / Self only,1/8,32,1024,65.87798892883639,64.1875542163174,65.03277157257689,0.0,0.0,0.0,0,8,56954244,12615680,6324224,2.5111051833332265,8012,/data/mengh/RadonBridge/runs/2026_09_05_13_32_31/seed3418_channel_svd_self_rho1_8,99fc74b0b62d77c16260c6a722a601081acf3beb5d25ae6f3ed0dbf578c89a8d
3418,Learned channel / Scrambled Radon,1/8,32,1024,67.56608683741953,66.55061810129328,67.05835246935641,1.6880979085831456,2.3630638849758867,2.025580896779516,10,16,56954244,12615680,12615680,4.762026556266695,8012,/data/mengh/RadonBridge/runs/2026_09_05_13_32_31/seed3418_channel_svd_scrambled_rho1_8,66c3842b4a98f34ba17fdb557906cd334a2145e9959dfc547ec506eea1cbcc3c
3418,Learned channel / Linear resampling,1/8,32,1024,68.53763072175553,64.1744690568623,66.35604988930892,2.659641792919146,-0.013085159455087592,1.3232783167320292,7,13,56954244,12615680,12615680,3.6291142660333815,8154,/data/mengh/RadonBridge/runs/2026_09_05_13_32_31/seed3418_channel_svd_resample_rho1_8,9b6f2ba497d6c09a948e38d83f3d6cf3badd870d830185d26574bcb6cacf0762
3418,Learned channel / Radon,1/4,64,2048,68.88340417752183,65.53896726475826,67.21118572114004,3.0054152486854377,1.351413048440861,2.1784141485631494,17,23,94735748,50397184,50397184,7.5392716362667365,8114,/data/mengh/RadonBridge/runs/2026_09_05_13_32_31/seed3418_channel_svd_radon_rho1_4,c74d3005135262223464e6665774cc388efc88515b4881e69c874dad373639a7
3418,Learned channel / Self only,1/4,64,2048,62.75451841683826,69.25359845674433,66.0040584367913,-3.1234705119981285,5.066044240426933,0.9712868642144059,4,10,94735748,50397184,25231360,3.485193085400048,8114,/data/mengh/RadonBridge/runs/2026_09_05_13_32_31/seed3418_channel_svd_self_rho1_4,6b274abc4d8392e8c4530da7bb54714146ed3733fa33b4dc4e4b526b26d84176
3418,Learned channel / Scrambled Radon,1/4,64,2048,68.58072247902756,67.86102062975027,68.2208715543889,2.7027335501911693,3.6734664134328767,3.188099981812016,4,10,94735748,50397184,50397184,3.4885266400165467,8114,/data/mengh/RadonBridge/runs/2026_09_05_13_32_31/seed3418_channel_svd_scrambled_rho1_4,354873b45cde0219425cd53aad8fefa9ce4af6ff08792202850d2437dbc5e8fa
3418,Learned channel / Linear resampling,1/4,64,2048,66.8903803131991,67.55423612696963,67.22230822008436,1.012391384362715,3.3666819106522325,2.1895366475074667,13,18,94735748,50397184,50397184,5.525019966983382,8132,/data/mengh/RadonBridge/runs/2026_09_05_13_32_31/seed3418_channel_svd_resample_rho1_4,95dfac50f099350ffb6018bde58249f295b6b33cb81aa3ee430e30894bcbf9f5
