id,kind,seed,mode,best_epoch,stop_epoch,seconds,cfp_f1_percent,oct_f1_percent,branch_mean_f1_percent,host,backbone_lr,host_best_epoch,state
frozen_radon_seed3416,frozen_training,3416,radon,7,13,103.06908102100715,68.20695644225057,66.17761323643676,67.19228483934367,,,,
frozen_radon_seed3417,frozen_training,3417,radon,5,11,90.4450562330021,64.1875542163174,65.02316960148285,64.60536190890012,,,,
frozen_radon_seed3418,frozen_training,3418,radon,11,17,134.97626526397653,67.18441053774502,68.24324324324324,67.71382689049413,,,,
frozen_linear_resample_seed3416,frozen_training,3416,linear_resample,0,8,61.03838032801286,66.8903803131991,65.13545347467608,66.01291689393759,,,,
frozen_linear_resample_seed3417,frozen_training,3417,linear_resample,0,8,60.94748748300481,63.847637745842235,64.1875542163174,64.01759598107981,,,,
frozen_linear_resample_seed3418,frozen_training,3418,linear_resample,0,8,67.40472826399491,65.87798892883639,64.1875542163174,65.03277157257689,,,,
parent_seed3416,frozen_parent_reference,3416,,,,,66.8903803131991,65.13545347467608,66.01291689393759,,,,
parent_seed3417,frozen_parent_reference,3417,,,,,63.847637745842235,64.1875542163174,64.01759598107981,,,,
parent_seed3418,frozen_parent_reference,3418,,,,,65.87798892883639,64.1875542163174,65.03277157257689,,,,
switch_branch_mmtm_hidden256_lr3e-05_seed3416_augment_radon_both_on,component_diagnostic,3416,radon,,,,71.28345602921874,63.17525537864521,67.22935570393197,mmtm_hidden256,3e-05,0,both_on
switch_branch_mmtm_hidden256_lr3e-05_seed3416_augment_radon_host_only,component_diagnostic,3416,radon,,,,48.89713461142033,57.78635778635779,53.341746198889055,mmtm_hidden256,3e-05,0,host_only
switch_branch_mmtm_hidden256_lr3e-05_seed3416_augment_radon_new_only,component_diagnostic,3416,radon,,,,70.8808053077099,62.822562228819365,66.85168376826464,mmtm_hidden256,3e-05,0,new_only
switch_branch_mmtm_hidden256_lr3e-05_seed3416_augment_radon_both_off,component_diagnostic,3416,radon,,,,41.60608109040242,57.767637105427625,49.68685909791502,mmtm_hidden256,3e-05,0,both_off
switch_branch_mmtm_hidden256_lr3e-05_seed3416_augment_linear_resample_both_on,component_diagnostic,3416,linear_resample,,,,66.8903803131991,65.13545347467608,66.01291689393759,mmtm_hidden256,3e-05,0,both_on
switch_branch_mmtm_hidden256_lr3e-05_seed3416_augment_linear_resample_host_only,component_diagnostic,3416,linear_resample,,,,66.8903803131991,65.13545347467608,66.01291689393759,mmtm_hidden256,3e-05,0,host_only
switch_branch_mmtm_hidden256_lr3e-05_seed3416_augment_linear_resample_new_only,component_diagnostic,3416,linear_resample,,,,66.8903803131991,65.13545347467608,66.01291689393759,mmtm_hidden256,3e-05,0,new_only
switch_branch_mmtm_hidden256_lr3e-05_seed3416_augment_linear_resample_both_off,component_diagnostic,3416,linear_resample,,,,66.8903803131991,65.13545347467608,66.01291689393759,mmtm_hidden256,3e-05,0,both_off
switch_branch_mmtm_hidden256_lr3e-05_seed3417_augment_radon_both_on,component_diagnostic,3417,radon,,,,68.20695644225057,62.47901606769673,65.34298625497365,mmtm_hidden256,3e-05,0,both_on
switch_branch_mmtm_hidden256_lr3e-05_seed3417_augment_radon_host_only,component_diagnostic,3417,radon,,,,61.02007397483023,33.33333333333333,47.17670365408178,mmtm_hidden256,3e-05,0,host_only
switch_branch_mmtm_hidden256_lr3e-05_seed3417_augment_radon_new_only,component_diagnostic,3417,radon,,,,68.57785336788156,63.12474998571347,65.85130167679752,mmtm_hidden256,3e-05,0,new_only
switch_branch_mmtm_hidden256_lr3e-05_seed3417_augment_radon_both_off,component_diagnostic,3417,radon,,,,59.34065934065934,33.33333333333333,46.336996336996336,mmtm_hidden256,3e-05,0,both_off
switch_branch_mmtm_hidden256_lr3e-05_seed3417_augment_linear_resample_both_on,component_diagnostic,3417,linear_resample,,,,63.847637745842235,64.1875542163174,64.01759598107981,mmtm_hidden256,3e-05,0,both_on
switch_branch_mmtm_hidden256_lr3e-05_seed3417_augment_linear_resample_host_only,component_diagnostic,3417,linear_resample,,,,63.847637745842235,64.1875542163174,64.01759598107981,mmtm_hidden256,3e-05,0,host_only
switch_branch_mmtm_hidden256_lr3e-05_seed3417_augment_linear_resample_new_only,component_diagnostic,3417,linear_resample,,,,63.847637745842235,64.1875542163174,64.01759598107981,mmtm_hidden256,3e-05,0,new_only
switch_branch_mmtm_hidden256_lr3e-05_seed3417_augment_linear_resample_both_off,component_diagnostic,3417,linear_resample,,,,63.847637745842235,64.1875542163174,64.01759598107981,mmtm_hidden256,3e-05,0,both_off
switch_branch_mmtm_hidden256_lr3e-05_seed3418_augment_radon_both_on,component_diagnostic,3418,radon,,,,68.91891891891892,64.70372408732344,66.81132150312118,mmtm_hidden256,3e-05,0,both_on
switch_branch_mmtm_hidden256_lr3e-05_seed3418_augment_radon_host_only,component_diagnostic,3418,radon,,,,56.62609748713291,51.64562412146847,54.13586080430069,mmtm_hidden256,3e-05,0,host_only
switch_branch_mmtm_hidden256_lr3e-05_seed3418_augment_radon_new_only,component_diagnostic,3418,radon,,,,68.22002923976609,65.46328071379548,66.84165497678079,mmtm_hidden256,3e-05,0,new_only
switch_branch_mmtm_hidden256_lr3e-05_seed3418_augment_radon_both_off,component_diagnostic,3418,radon,,,,50.37751307745635,47.165387894288145,48.77145048587225,mmtm_hidden256,3e-05,0,both_off
switch_branch_mmtm_hidden256_lr3e-05_seed3418_augment_linear_resample_both_on,component_diagnostic,3418,linear_resample,,,,65.87798892883639,64.1875542163174,65.03277157257689,mmtm_hidden256,3e-05,0,both_on
switch_branch_mmtm_hidden256_lr3e-05_seed3418_augment_linear_resample_host_only,component_diagnostic,3418,linear_resample,,,,65.87798892883639,64.1875542163174,65.03277157257689,mmtm_hidden256,3e-05,0,host_only
switch_branch_mmtm_hidden256_lr3e-05_seed3418_augment_linear_resample_new_only,component_diagnostic,3418,linear_resample,,,,65.87798892883639,64.1875542163174,65.03277157257689,mmtm_hidden256,3e-05,0,new_only
switch_branch_mmtm_hidden256_lr3e-05_seed3418_augment_linear_resample_both_off,component_diagnostic,3418,linear_resample,,,,65.87798892883639,64.1875542163174,65.03277157257689,mmtm_hidden256,3e-05,0,both_off
switch_branch_mmtm_hidden256_lr6e-05_seed3416_augment_radon_both_on,component_diagnostic,3416,radon,,,,71.10935041969525,68.86775196634352,69.98855119301939,mmtm_hidden256,6e-05,0,both_on
switch_branch_mmtm_hidden256_lr6e-05_seed3416_augment_radon_host_only,component_diagnostic,3416,radon,,,,44.872873756673606,36.26794258373206,40.57040817020283,mmtm_hidden256,6e-05,0,host_only
switch_branch_mmtm_hidden256_lr6e-05_seed3416_augment_radon_new_only,component_diagnostic,3416,radon,,,,70.83810658479585,69.54453996707517,70.1913232759355,mmtm_hidden256,6e-05,0,new_only
switch_branch_mmtm_hidden256_lr6e-05_seed3416_augment_radon_both_off,component_diagnostic,3416,radon,,,,37.6588667625314,36.26794258373206,36.963404673131734,mmtm_hidden256,6e-05,0,both_off
switch_branch_mmtm_hidden256_lr6e-05_seed3416_augment_linear_resample_both_on,component_diagnostic,3416,linear_resample,,,,66.8903803131991,65.13545347467608,66.01291689393759,mmtm_hidden256,6e-05,0,both_on
switch_branch_mmtm_hidden256_lr6e-05_seed3416_augment_linear_resample_host_only,component_diagnostic,3416,linear_resample,,,,66.8903803131991,65.13545347467608,66.01291689393759,mmtm_hidden256,6e-05,0,host_only
switch_branch_mmtm_hidden256_lr6e-05_seed3416_augment_linear_resample_new_only,component_diagnostic,3416,linear_resample,,,,66.8903803131991,65.13545347467608,66.01291689393759,mmtm_hidden256,6e-05,0,new_only
switch_branch_mmtm_hidden256_lr6e-05_seed3416_augment_linear_resample_both_off,component_diagnostic,3416,linear_resample,,,,66.8903803131991,65.13545347467608,66.01291689393759,mmtm_hidden256,6e-05,0,both_off
switch_branch_mmtm_hidden256_lr6e-05_seed3417_augment_radon_both_on,component_diagnostic,3417,radon,,,,66.48941644653333,63.511847692096964,65.00063206931515,mmtm_hidden256,6e-05,0,both_on
switch_branch_mmtm_hidden256_lr6e-05_seed3417_augment_radon_host_only,component_diagnostic,3417,radon,,,,59.30517532009516,36.79898906270426,48.052082191399705,mmtm_hidden256,6e-05,0,host_only
switch_branch_mmtm_hidden256_lr6e-05_seed3417_augment_radon_new_only,component_diagnostic,3417,radon,,,,66.38485804416405,62.810672514619895,64.59776527939198,mmtm_hidden256,6e-05,0,new_only
switch_branch_mmtm_hidden256_lr6e-05_seed3417_augment_radon_both_off,component_diagnostic,3417,radon,,,,56.03603603603604,33.924585218702866,44.98031062736945,mmtm_hidden256,6e-05,0,both_off
switch_branch_mmtm_hidden256_lr6e-05_seed3417_augment_linear_resample_both_on,component_diagnostic,3417,linear_resample,,,,63.847637745842235,64.1875542163174,64.01759598107981,mmtm_hidden256,6e-05,0,both_on
switch_branch_mmtm_hidden256_lr6e-05_seed3417_augment_linear_resample_host_only,component_diagnostic,3417,linear_resample,,,,63.847637745842235,64.1875542163174,64.01759598107981,mmtm_hidden256,6e-05,0,host_only
switch_branch_mmtm_hidden256_lr6e-05_seed3417_augment_linear_resample_new_only,component_diagnostic,3417,linear_resample,,,,63.847637745842235,64.1875542163174,64.01759598107981,mmtm_hidden256,6e-05,0,new_only
switch_branch_mmtm_hidden256_lr6e-05_seed3417_augment_linear_resample_both_off,component_diagnostic,3417,linear_resample,,,,63.847637745842235,64.1875542163174,64.01759598107981,mmtm_hidden256,6e-05,0,both_off
switch_branch_mmtm_hidden256_lr6e-05_seed3418_augment_radon_both_on,component_diagnostic,3418,radon,,,,67.56164383561645,69.35817805383022,68.45991094472333,mmtm_hidden256,6e-05,0,both_on
switch_branch_mmtm_hidden256_lr6e-05_seed3418_augment_radon_host_only,component_diagnostic,3418,radon,,,,52.2343594836147,33.33333333333333,42.78384640847402,mmtm_hidden256,6e-05,0,host_only
switch_branch_mmtm_hidden256_lr6e-05_seed3418_augment_radon_new_only,component_diagnostic,3418,radon,,,,68.58072247902756,69.64102564102564,69.11087406002659,mmtm_hidden256,6e-05,0,new_only
switch_branch_mmtm_hidden256_lr6e-05_seed3418_augment_radon_both_off,component_diagnostic,3418,radon,,,,54.53149001536099,33.33333333333333,43.93241167434716,mmtm_hidden256,6e-05,0,both_off
switch_branch_mmtm_hidden256_lr6e-05_seed3418_augment_linear_resample_both_on,component_diagnostic,3418,linear_resample,,,,66.02855437726667,64.45847198874748,65.24351318300708,mmtm_hidden256,6e-05,0,both_on
switch_branch_mmtm_hidden256_lr6e-05_seed3418_augment_linear_resample_host_only,component_diagnostic,3418,linear_resample,,,,62.528132033008255,61.37362637362638,61.950879203317314,mmtm_hidden256,6e-05,0,host_only
switch_branch_mmtm_hidden256_lr6e-05_seed3418_augment_linear_resample_new_only,component_diagnostic,3418,linear_resample,,,,66.02855437726667,64.45847198874748,65.24351318300708,mmtm_hidden256,6e-05,0,new_only
switch_branch_mmtm_hidden256_lr6e-05_seed3418_augment_linear_resample_both_off,component_diagnostic,3418,linear_resample,,,,62.13812122278941,61.69798573178971,61.91805347728956,mmtm_hidden256,6e-05,0,both_off
switch_branch_attention_d256_lr3e-05_seed3416_augment_radon_both_on,component_diagnostic,3416,radon,,,,71.8872652790333,64.1875542163174,68.03740974767535,attention_d256,3e-05,0,both_on
switch_branch_attention_d256_lr3e-05_seed3416_augment_radon_host_only,component_diagnostic,3416,radon,,,,56.87930760096466,34.079718817701156,45.47951320933291,attention_d256,3e-05,0,host_only
switch_branch_attention_d256_lr3e-05_seed3416_augment_radon_new_only,component_diagnostic,3416,radon,,,,68.12537231361408,62.310295382850576,65.21783384823233,attention_d256,3e-05,0,new_only
switch_branch_attention_d256_lr3e-05_seed3416_augment_radon_both_off,component_diagnostic,3416,radon,,,,54.7051550430301,34.079718817701156,44.39243693036563,attention_d256,3e-05,0,both_off
switch_branch_attention_d256_lr3e-05_seed3416_augment_linear_resample_both_on,component_diagnostic,3416,linear_resample,,,,68.52036090431919,64.14827003062298,66.33431546747109,attention_d256,3e-05,0,both_on
switch_branch_attention_d256_lr3e-05_seed3416_augment_linear_resample_host_only,component_diagnostic,3416,linear_resample,,,,68.03308823529413,60.66535306786418,64.34922065157916,attention_d256,3e-05,0,host_only
switch_branch_attention_d256_lr3e-05_seed3416_augment_linear_resample_new_only,component_diagnostic,3416,linear_resample,,,,62.4961475681167,59.79683844090624,61.14649300451147,attention_d256,3e-05,0,new_only
switch_branch_attention_d256_lr3e-05_seed3416_augment_linear_resample_both_off,component_diagnostic,3416,linear_resample,,,,61.802962303150736,58.51102941176472,60.15699585745773,attention_d256,3e-05,0,both_off
switch_branch_attention_d256_lr3e-05_seed3417_augment_radon_both_on,component_diagnostic,3417,radon,,,,69.15501505834392,61.14465739039119,65.14983622436756,attention_d256,3e-05,0,both_on
switch_branch_attention_d256_lr3e-05_seed3417_augment_radon_host_only,component_diagnostic,3417,radon,,,,37.50941167786226,58.441677034940135,47.9755443564012,attention_d256,3e-05,0,host_only
switch_branch_attention_d256_lr3e-05_seed3417_augment_radon_new_only,component_diagnostic,3417,radon,,,,63.66848293662174,60.82267773084581,62.24558033373378,attention_d256,3e-05,0,new_only
switch_branch_attention_d256_lr3e-05_seed3417_augment_radon_both_off,component_diagnostic,3417,radon,,,,34.65783664459161,57.0480928689884,45.85296475679,attention_d256,3e-05,0,both_off
switch_branch_attention_d256_lr3e-05_seed3417_augment_linear_resample_both_on,component_diagnostic,3417,linear_resample,,,,63.847637745842235,64.1875542163174,64.01759598107981,attention_d256,3e-05,0,both_on
switch_branch_attention_d256_lr3e-05_seed3417_augment_linear_resample_host_only,component_diagnostic,3417,linear_resample,,,,63.847637745842235,64.1875542163174,64.01759598107981,attention_d256,3e-05,0,host_only
switch_branch_attention_d256_lr3e-05_seed3417_augment_linear_resample_new_only,component_diagnostic,3417,linear_resample,,,,63.847637745842235,64.1875542163174,64.01759598107981,attention_d256,3e-05,0,new_only
switch_branch_attention_d256_lr3e-05_seed3417_augment_linear_resample_both_off,component_diagnostic,3417,linear_resample,,,,63.847637745842235,64.1875542163174,64.01759598107981,attention_d256,3e-05,0,both_off
switch_branch_attention_d256_lr3e-05_seed3418_augment_radon_both_on,component_diagnostic,3418,radon,,,,68.9988145522345,68.91324200913243,68.95602828068347,attention_d256,3e-05,4,both_on
switch_branch_attention_d256_lr3e-05_seed3418_augment_radon_host_only,component_diagnostic,3418,radon,,,,64.14827003062298,33.33333333333333,48.740801681978155,attention_d256,3e-05,4,host_only
switch_branch_attention_d256_lr3e-05_seed3418_augment_radon_new_only,component_diagnostic,3418,radon,,,,65.91945110202548,64.27216608614684,65.09580859408615,attention_d256,3e-05,4,new_only
switch_branch_attention_d256_lr3e-05_seed3418_augment_radon_both_off,component_diagnostic,3418,radon,,,,60.47252182845404,33.33333333333333,46.90292758089369,attention_d256,3e-05,4,both_off
switch_branch_attention_d256_lr3e-05_seed3418_augment_linear_resample_both_on,component_diagnostic,3418,linear_resample,,,,69.23955371315678,67.5305087069793,68.38503121006804,attention_d256,3e-05,4,both_on
switch_branch_attention_d256_lr3e-05_seed3418_augment_linear_resample_host_only,component_diagnostic,3418,linear_resample,,,,70.22132796780684,66.54450799739699,68.38291798260192,attention_d256,3e-05,4,host_only
switch_branch_attention_d256_lr3e-05_seed3418_augment_linear_resample_new_only,component_diagnostic,3418,linear_resample,,,,64.18264840182648,62.07732784259894,63.12998812221271,attention_d256,3e-05,4,new_only
switch_branch_attention_d256_lr3e-05_seed3418_augment_linear_resample_both_off,component_diagnostic,3418,linear_resample,,,,63.4065934065934,62.272210548072614,62.83940197733301,attention_d256,3e-05,4,both_off
switch_branch_attention_d256_lr6e-05_seed3416_augment_radon_both_on,component_diagnostic,3416,radon,,,,72.8726572881822,69.48173944920497,71.17719836869358,attention_d256,6e-05,7,both_on
switch_branch_attention_d256_lr6e-05_seed3416_augment_radon_host_only,component_diagnostic,3416,radon,,,,33.33333333333333,41.098377561840024,37.21585544758668,attention_d256,6e-05,7,host_only
switch_branch_attention_d256_lr6e-05_seed3416_augment_radon_new_only,component_diagnostic,3416,radon,,,,69.25640586657535,62.160434643656124,65.70842025511574,attention_d256,6e-05,7,new_only
switch_branch_attention_d256_lr6e-05_seed3416_augment_radon_both_off,component_diagnostic,3416,radon,,,,33.33333333333333,33.33333333333333,33.33333333333333,attention_d256,6e-05,7,both_off
switch_branch_attention_d256_lr6e-05_seed3416_augment_linear_resample_both_on,component_diagnostic,3416,linear_resample,,,,70.53243469007107,69.80803392355739,70.17023430681422,attention_d256,6e-05,7,both_on
switch_branch_attention_d256_lr6e-05_seed3416_augment_linear_resample_host_only,component_diagnostic,3416,linear_resample,,,,69.4012428131715,69.7803269285919,69.5907848708817,attention_d256,6e-05,7,host_only
switch_branch_attention_d256_lr6e-05_seed3416_augment_linear_resample_new_only,component_diagnostic,3416,linear_resample,,,,68.12537231361408,61.384708568233705,64.75504044092389,attention_d256,6e-05,7,new_only
switch_branch_attention_d256_lr6e-05_seed3416_augment_linear_resample_both_off,component_diagnostic,3416,linear_resample,,,,64.58795516580523,61.05080125945768,62.81937821263145,attention_d256,6e-05,7,both_off
switch_branch_attention_d256_lr6e-05_seed3417_augment_radon_both_on,component_diagnostic,3417,radon,,,,67.22636319015604,66.21467378897867,66.72051848956735,attention_d256,6e-05,0,both_on
switch_branch_attention_d256_lr6e-05_seed3417_augment_radon_host_only,component_diagnostic,3417,radon,,,,64.13363337372338,57.13810948108057,60.63587142740198,attention_d256,6e-05,0,host_only
switch_branch_attention_d256_lr6e-05_seed3417_augment_radon_new_only,component_diagnostic,3417,radon,,,,66.50780044573976,64.18264840182648,65.34522442378312,attention_d256,6e-05,0,new_only
switch_branch_attention_d256_lr6e-05_seed3417_augment_radon_both_off,component_diagnostic,3417,radon,,,,62.14657738095239,53.25572000440706,57.70114869267972,attention_d256,6e-05,0,both_off
switch_branch_attention_d256_lr6e-05_seed3417_augment_linear_resample_both_on,component_diagnostic,3417,linear_resample,,,,66.19152046783626,63.4065934065934,64.79905693721483,attention_d256,6e-05,0,both_on
switch_branch_attention_d256_lr6e-05_seed3417_augment_linear_resample_host_only,component_diagnostic,3417,linear_resample,,,,65.349125464812,62.502303298323206,63.9257143815676,attention_d256,6e-05,0,host_only
switch_branch_attention_d256_lr6e-05_seed3417_augment_linear_resample_new_only,component_diagnostic,3417,linear_resample,,,,62.07732784259894,60.717788933125604,61.397558387862276,attention_d256,6e-05,0,new_only
switch_branch_attention_d256_lr6e-05_seed3417_augment_linear_resample_both_off,component_diagnostic,3417,linear_resample,,,,61.40095782124517,59.77466751843893,60.58781266984205,attention_d256,6e-05,0,both_off
switch_branch_attention_d256_lr6e-05_seed3418_augment_radon_both_on,component_diagnostic,3418,radon,,,,67.18441053774502,67.56756756756756,67.3759890526563,attention_d256,6e-05,17,both_on
switch_branch_attention_d256_lr6e-05_seed3418_augment_radon_host_only,component_diagnostic,3418,radon,,,,55.801493192797544,33.33333333333333,44.56741326306543,attention_d256,6e-05,17,host_only
switch_branch_attention_d256_lr6e-05_seed3418_augment_radon_new_only,component_diagnostic,3418,radon,,,,63.84103389617655,35.38277511961723,49.61190450789689,attention_d256,6e-05,17,new_only
switch_branch_attention_d256_lr6e-05_seed3418_augment_radon_both_off,component_diagnostic,3418,radon,,,,47.165387894288145,33.33333333333333,40.24936061381074,attention_d256,6e-05,17,both_off
switch_branch_attention_d256_lr6e-05_seed3418_augment_linear_resample_both_on,component_diagnostic,3418,linear_resample,,,,66.8918918918919,69.91560747770278,68.40374968479733,attention_d256,6e-05,17,both_on
switch_branch_attention_d256_lr6e-05_seed3418_augment_linear_resample_host_only,component_diagnostic,3418,linear_resample,,,,65.85928489042676,70.23629964806435,68.04779226924555,attention_d256,6e-05,17,host_only
switch_branch_attention_d256_lr6e-05_seed3418_augment_linear_resample_new_only,component_diagnostic,3418,linear_resample,,,,63.310838727448,62.74539787096395,63.02811829920597,attention_d256,6e-05,17,new_only
switch_branch_attention_d256_lr6e-05_seed3418_augment_linear_resample_both_off,component_diagnostic,3418,linear_resample,,,,63.310838727448,62.6890756302521,62.99995717885005,attention_d256,6e-05,17,both_off
