id,protocol,family,pairs,estimable,missing,difference_pp,ci95_pp,simultaneous_ci95_pp,bootstrap_sd_pp,max_abs_t_critical,classification
branch_equal_parameters_h512_k1,branch,direct28,"[[""radon_M32_S64_k1_r16"", ""linear_resample_M32_S64_k1_r16""]]",True,[],1.0133414932415992,"[0.028222173367019616, 1.9988785102017768]","[-0.427383171945948, 2.4540661584291463]",0.505204075365371,2.8517677022806946,unresolved
branch_equal_parameters_h512_k3,branch,direct28,"[[""radon_M32_S64_k3_r16"", ""linear_resample_M32_S64_k3_r16""], [""radon_M16_S64_k3_r32"", ""linear_resample_M16_S64_k3_r32""], [""radon_M64_S64_k3_r8"", ""linear_resample_M64_S64_k3_r8""], [""radon_M32_S32_k3_r16"", ""linear_resample_M32_S32_k3_r16""], [""radon_M32_S128_k3_r16"", ""linear_resample_M32_S128_k3_r16""]]",True,[],1.9708640210427808,"[0.6807637324206336, 3.295919866532332]","[0.08132876804119205, 3.8603992740443696]",0.6625838603510508,2.8517677022806946,unresolved
branch_equal_parameters_h512_k5,branch,direct28,"[[""radon_M32_S64_k5_r16"", ""linear_resample_M32_S64_k5_r16""]]",True,[],2.7035074874084444,"[0.5501390503918893, 4.886447773430287]","[-0.4645530416104302, 5.871568016427319]",1.1109111469651702,2.8517677022806946,unresolved
branch_equal_parameters_h1024_k1,branch,direct28,"[[""radon_M32_S64_k1_r32"", ""linear_resample_M32_S64_k1_r32""]]",True,[],2.037938188038792,"[0.2932669507292016, 3.783262918617985]","[-0.4957186693739404, 4.571595045451525]",0.8884513473472774,2.8517677022806946,unresolved
branch_equal_parameters_h1024_k3,branch,direct28,"[[""radon_M32_S64_k3_r32"", ""linear_resample_M32_S64_k3_r32""], [""radon_M16_S64_k3_r64"", ""linear_resample_M16_S64_k3_r64""], [""radon_M64_S64_k3_r16"", ""linear_resample_M64_S64_k3_r16""], [""radon_M32_S32_k3_r32"", ""linear_resample_M32_S32_k3_r32""], [""radon_M32_S128_k3_r32"", ""linear_resample_M32_S128_k3_r32""]]",True,[],2.9963610597667483,"[0.9229784682432345, 5.072776353997502]","[-0.007142136395792864, 5.999864255929289]",1.0532075223940913,2.8517677022806946,unresolved
branch_equal_parameters_h1024_k5,branch,direct28,"[[""radon_M32_S64_k5_r32"", ""linear_resample_M32_S64_k5_r32""]]",True,[],3.140411510763485,"[0.8498416094200275, 5.401434604360486]","[-0.18067348464472976, 6.4614965061717005]",1.1645706600689056,2.8517677022806946,unresolved
branch_equal_compute_budget512,branch,direct28,"[[""radon_M16_S64_k3_r32"", ""linear_resample_M16_S64_k3_r31""], [""radon_M32_S32_k3_r23"", ""linear_resample_M32_S32_k3_r22""], [""radon_M32_S64_k1_r27"", ""linear_resample_M32_S64_k1_r25""]]",True,[],1.8188818503911328,"[0.018791786662532322, 3.659120805068193]","[-0.8411810945581997, 4.478944795340466]",0.9327768677729091,2.8517677022806946,unresolved
branch_equal_compute_budget512_k3_minus_k1,branch,direct28,"[[""radon_M32_S64_k3_r16"", ""radon_M32_S64_k1_r27""]]",True,[],1.0294789457802231,"[-0.1257488878730471, 2.191905473478985]","[-0.6381758259184793, 2.6971337174789256]",0.5847793178823785,2.8517677022806946,unresolved
branch_equal_compute_budget1024,branch,direct28,"[[""radon_M16_S64_k3_r64"", ""linear_resample_M16_S64_k3_r63""], [""radon_M32_S32_k3_r45"", ""linear_resample_M32_S32_k3_r45""], [""radon_M32_S64_k1_r54"", ""linear_resample_M32_S64_k1_r53""], [""radon_M32_S64_k3_r32"", ""linear_resample_M32_S64_k3_r31""], [""radon_M32_S64_k5_r25"", ""linear_resample_M32_S64_k5_r25""], [""radon_M32_S128_k3_r22"", ""linear_resample_M32_S128_k3_r22""], [""radon_M64_S64_k3_r16"", ""linear_resample_M64_S64_k3_r16""]]",True,[],3.0723361144829595,"[1.054352994654313, 5.08000906993132]","[0.14708882366057674, 5.997583405305342]",1.0257663302950388,2.8517677022806946,unresolved
branch_equal_compute_budget1024_k3_minus_k1,branch,direct28,"[[""radon_M32_S64_k3_r32"", ""radon_M32_S64_k1_r54""]]",True,[],-0.17095993227769846,"[-1.5367352085107817, 1.2084316659540841]","[-2.174543518855874, 1.8326236543004772]",0.7025760145105137,2.8517677022806946,unresolved
branch_equal_compute_budget1024_k5_minus_k3,branch,direct28,"[[""radon_M32_S64_k5_r25"", ""radon_M32_S64_k3_r32""]]",True,[],0.9789969155927203,"[-0.5440491714119067, 2.5029766372498536]","[-1.242282359257437, 3.2002761904428776]",0.7789131187206076,2.8517677022806946,unresolved
branch_reference_h512_minus_mmtm_hidden128,branch,direct28,"[[""radon_M32_S64_k3_r16"", ""mmtm_hidden128""]]",True,[],2.6459505472037357,"[0.9399514897337702, 4.394739002567258]","[0.13262173384609977, 5.159279360561372]",0.8813231215668819,2.8517677022806946,unresolved
branch_reference_h512_minus_mmtm_hidden256,branch,direct28,"[[""radon_M32_S64_k3_r16"", ""mmtm_hidden256""]]",True,[],2.645950547203734,"[0.9399514897337702, 4.394739002567258]","[0.132621733846098, 5.15927936056137]",0.8813231215668819,2.8517677022806946,unresolved
branch_reference_h512_minus_mmtm_hidden512,branch,direct28,"[[""radon_M32_S64_k3_r16"", ""mmtm_hidden512""]]",True,[],2.6459505472037357,"[0.9399514897337702, 4.394739002567258]","[0.13262173384609977, 5.159279360561372]",0.8813231215668819,2.8517677022806946,unresolved
branch_reference_h512_minus_mmtm_hidden1024,branch,direct28,"[[""radon_M32_S64_k3_r16"", ""mmtm_hidden1024""]]",True,[],2.645950547203734,"[0.9399514897337702, 4.394739002567258]","[0.132621733846098, 5.15927936056137]",0.8813231215668819,2.8517677022806946,unresolved
branch_reference_h512_minus_attention_d128,branch,direct28,"[[""radon_M32_S64_k3_r16"", ""attention_d128""]]",True,[],2.2551520945523778,"[0.5928109262698632, 3.902805562178575]","[-0.14199483984653627, 4.652299028951292]",0.8405828190289838,2.8517677022806946,unresolved
branch_reference_h512_minus_attention_d256,branch,direct28,"[[""radon_M32_S64_k3_r16"", ""attention_d256""]]",True,[],2.198003193062064,"[0.7888830548468075, 3.5956709294995]","[0.15373904316703468, 4.242267342957094]",0.7168410485398701,2.8517677022806946,unresolved
branch_reference_h512_minus_attention_d512,branch,direct28,"[[""radon_M32_S64_k3_r16"", ""attention_d512""]]",True,[],1.507147297755733,"[0.13152709583706187, 2.864520569411004]","[-0.5025206557123589, 3.516815251223825]",0.7047095567639905,2.8517677022806946,unresolved
branch_reference_h512_minus_attention_d1024,branch,direct28,"[[""radon_M32_S64_k3_r16"", ""attention_d1024""]]",True,[],1.4830628375283634,"[0.07559204023286521, 2.8933212747702917]","[-0.6111600599128755, 3.5772857349696023]",0.7343595678450209,2.8517677022806946,unresolved
branch_reference_h1024_minus_mmtm_hidden128,branch,direct28,"[[""radon_M32_S64_k3_r32"", ""mmtm_hidden128""]]",True,[],3.220622709196066,"[0.6315994993950207, 5.7993289697613335]","[-0.4805795767827883, 6.92182499517492]",1.297862474218649,2.8517677022806946,unresolved
branch_reference_h1024_minus_mmtm_hidden256,branch,direct28,"[[""radon_M32_S64_k3_r32"", ""mmtm_hidden256""]]",True,[],3.2206227091960677,"[0.6315994993950207, 5.7993289697613335]","[-0.4805795767827865, 6.921824995174922]",1.297862474218649,2.8517677022806946,unresolved
branch_reference_h1024_minus_mmtm_hidden512,branch,direct28,"[[""radon_M32_S64_k3_r32"", ""mmtm_hidden512""]]",True,[],3.220622709196066,"[0.6315994993950207, 5.7993289697613335]","[-0.4805795767827883, 6.92182499517492]",1.297862474218649,2.8517677022806946,unresolved
branch_reference_h1024_minus_mmtm_hidden1024,branch,direct28,"[[""radon_M32_S64_k3_r32"", ""mmtm_hidden1024""]]",True,[],3.2206227091960677,"[0.6315994993950207, 5.7993289697613335]","[-0.4805795767827865, 6.921824995174922]",1.297862474218649,2.8517677022806946,unresolved
branch_reference_h1024_minus_attention_d128,branch,direct28,"[[""radon_M32_S64_k3_r32"", ""attention_d128""]]",True,[],2.8298242565447094,"[0.3329828959803178, 5.345973746367889]","[-0.8030169292115592, 6.4626654423009775]",1.2738909914895635,2.8517677022806946,unresolved
branch_reference_h1024_minus_attention_d256,branch,direct28,"[[""radon_M32_S64_k3_r32"", ""attention_d256""]]",True,[],2.7726753550543943,"[0.41614636125857113, 5.074705017588856]","[-0.5834144822140575, 6.128765192322846]",1.1768454473288363,2.8517677022806946,unresolved
branch_reference_h1024_minus_attention_d512,branch,direct28,"[[""radon_M32_S64_k3_r32"", ""attention_d512""]]",True,[],2.0818194597480613,"[-0.07008260104668297, 4.1205822501386296]","[-0.9222555855241716, 5.085894505020294]",1.0534080468299472,2.8517677022806946,unresolved
branch_reference_h1024_minus_attention_d1024,branch,direct28,"[[""radon_M32_S64_k3_r32"", ""attention_d1024""]]",True,[],2.0577349995206955,"[0.10623898927573862, 4.056935758054546]","[-0.8207174125936656, 4.936187411635057]",1.0093572522798142,2.8517677022806946,unresolved
branch_equal_compute_budget512_k5_minus_k3,branch,direct28,[],False,[],,,,,,not_estimable
branch_mmtm_hidden256_augmentation_radon_minus_continue,branch,augmentation4,"[[""mmtm_hidden256_plus_radon"", ""mmtm_hidden256_plus_continue""]]",True,[],2.1176981289826853,"[0.2589220005255847, 4.000361694475866]","[-0.1809772584865179, 4.4163735164518885]",0.9605454082546362,2.393093931546685,unresolved
branch_mmtm_hidden256_augmentation_radon_minus_linear_resample,branch,augmentation4,"[[""mmtm_hidden256_plus_radon"", ""mmtm_hidden256_plus_linear_resample""]]",True,[],2.08257452724432,"[0.2756908344379262, 3.8968083000743188]","[-0.12405367732670314, 4.289202731815343]",0.9220817350637186,2.393093931546685,unresolved
branch_attention_d256_augmentation_radon_minus_continue,branch,augmentation4,"[[""attention_d256_plus_radon"", ""attention_d256_plus_continue""]]",True,[],1.6440014502937643,"[0.027462861457034048, 3.2134446356447133]","[-0.2984137810932199, 3.5864166816807486]",0.8116752985669803,2.393093931546685,unresolved
branch_attention_d256_augmentation_radon_minus_linear_resample,branch,augmentation4,"[[""attention_d256_plus_radon"", ""attention_d256_plus_linear_resample""]]",True,[],0.8844994293663853,"[-0.4919340833161642, 2.2475926444045826]","[-0.7817594859825949, 2.5507583447153657]",0.6962781081777502,2.393093931546685,unresolved
