protocol,structure,backbone_lr,metric,count,mean_percent,sample_sd_pp
branch,linear_resample_M32_S64_k3_r16,3e-05,cfp_macro_f1,3,65.53866899595924,1.54949156029879
branch,linear_resample_M32_S64_k3_r16,3e-05,oct_macro_f1,3,64.5035206357703,0.5472698919780355
branch,linear_resample_M32_S64_k3_r16,3e-05,branch_mean_macro_f1,3,65.02109481586477,0.9977117050067115
branch,linear_resample_M32_S64_k3_r16,3e-05,primary_macro_f1,3,65.02109481586477,0.9977117050067115
branch,linear_resample_M32_S64_k3_r16,3e-05,late_fusion_macro_f1,3,67.66376891880408,3.4586398222949715
branch,linear_resample_M32_S64_k3_r16,6e-05,cfp_macro_f1,3,65.85846867439663,1.7416322271615363
branch,linear_resample_M32_S64_k3_r16,6e-05,oct_macro_f1,3,64.49915891595192,0.5510860907752677
branch,linear_resample_M32_S64_k3_r16,6e-05,branch_mean_macro_f1,3,65.17881379517426,1.0371014482978715
branch,linear_resample_M32_S64_k3_r16,6e-05,primary_macro_f1,3,65.17881379517426,1.0371014482978715
branch,linear_resample_M32_S64_k3_r16,6e-05,late_fusion_macro_f1,3,67.89295090041594,3.5679780802973124
branch,radon_M32_S64_k3_r16,3e-05,cfp_macro_f1,3,67.04184016598639,3.393807871315006
branch,radon_M32_S64_k3_r16,3e-05,oct_macro_f1,3,65.95670911698177,1.6570747953316294
branch,radon_M32_S64_k3_r16,3e-05,branch_mean_macro_f1,3,66.49927464148408,2.250453392781434
branch,radon_M32_S64_k3_r16,3e-05,primary_macro_f1,3,66.49927464148408,2.250453392781434
branch,radon_M32_S64_k3_r16,3e-05,late_fusion_macro_f1,3,66.5465842147962,2.435569796716539
branch,radon_M32_S64_k3_r16,6e-05,cfp_macro_f1,3,68.89304932574159,0.6909835703461047
branch,radon_M32_S64_k3_r16,6e-05,oct_macro_f1,3,68.77658284356426,0.3790664739981005
branch,radon_M32_S64_k3_r16,6e-05,branch_mean_macro_f1,3,68.83481608465293,0.5154970290829585
branch,radon_M32_S64_k3_r16,6e-05,primary_macro_f1,3,68.83481608465293,0.5154970290829585
branch,radon_M32_S64_k3_r16,6e-05,late_fusion_macro_f1,3,69.52420463068876,2.850800456365927
branch,linear_resample_M32_S64_k3_r31,3e-05,cfp_macro_f1,3,66.3867191446207,2.328469930648052
branch,linear_resample_M32_S64_k3_r31,3e-05,oct_macro_f1,3,65.05660394216072,0.832430483674696
branch,linear_resample_M32_S64_k3_r31,3e-05,branch_mean_macro_f1,3,65.72166154339071,1.5787181215056778
branch,linear_resample_M32_S64_k3_r31,3e-05,primary_macro_f1,3,65.72166154339071,1.5787181215056778
branch,linear_resample_M32_S64_k3_r31,3e-05,late_fusion_macro_f1,3,68.23607064079742,3.8039189098499886
branch,linear_resample_M32_S64_k3_r31,6e-05,cfp_macro_f1,3,65.98313682618671,1.8563484141494027
branch,linear_resample_M32_S64_k3_r31,6e-05,oct_macro_f1,3,64.95241808877864,0.6917525148722588
branch,linear_resample_M32_S64_k3_r31,6e-05,branch_mean_macro_f1,3,65.46777745748267,1.2687206969529417
branch,linear_resample_M32_S64_k3_r31,6e-05,primary_macro_f1,3,65.46777745748267,1.2687206969529417
branch,linear_resample_M32_S64_k3_r31,6e-05,late_fusion_macro_f1,3,68.01083513272395,3.6398334267619887
branch,linear_resample_M32_S64_k3_r32,3e-05,cfp_macro_f1,3,66.89003577105483,3.0422257687731626
branch,linear_resample_M32_S64_k3_r32,3e-05,oct_macro_f1,3,63.9408598940303,1.3351446982835766
branch,linear_resample_M32_S64_k3_r32,3e-05,branch_mean_macro_f1,3,65.41544783254255,1.2148192640468598
branch,linear_resample_M32_S64_k3_r32,3e-05,primary_macro_f1,3,65.41544783254255,1.2148192640468598
branch,linear_resample_M32_S64_k3_r32,3e-05,late_fusion_macro_f1,3,68.34633937910623,3.895991981680057
branch,linear_resample_M32_S64_k3_r32,6e-05,cfp_macro_f1,3,66.43822259018968,2.9114127882303262
branch,linear_resample_M32_S64_k3_r32,6e-05,oct_macro_f1,3,65.0111111847395,0.7143640505240574
branch,linear_resample_M32_S64_k3_r32,6e-05,branch_mean_macro_f1,3,65.7246668874646,1.7561872761703265
branch,linear_resample_M32_S64_k3_r32,6e-05,primary_macro_f1,3,65.7246668874646,1.7561872761703265
branch,linear_resample_M32_S64_k3_r32,6e-05,late_fusion_macro_f1,3,66.28580503223158,2.1384739349327853
branch,radon_M32_S64_k3_r32,3e-05,cfp_macro_f1,3,69.00756603222963,1.7173833084863899
branch,radon_M32_S64_k3_r32,3e-05,oct_macro_f1,3,65.02316667249686,1.911575813002012
branch,radon_M32_S64_k3_r32,3e-05,branch_mean_macro_f1,3,67.01536635236323,1.6415012832277598
branch,radon_M32_S64_k3_r32,3e-05,primary_macro_f1,3,67.01536635236323,1.6415012832277598
branch,radon_M32_S64_k3_r32,3e-05,late_fusion_macro_f1,3,67.74348198416097,0.35316860492519786
branch,radon_M32_S64_k3_r32,6e-05,cfp_macro_f1,3,70.07551869783352,2.109704664843249
branch,radon_M32_S64_k3_r32,6e-05,oct_macro_f1,3,68.86061869768331,2.1045090807351188
branch,radon_M32_S64_k3_r32,6e-05,branch_mean_macro_f1,3,69.46806869775843,2.081473564322445
branch,radon_M32_S64_k3_r32,6e-05,primary_macro_f1,3,69.46806869775843,2.081473564322445
branch,radon_M32_S64_k3_r32,6e-05,late_fusion_macro_f1,3,68.63131605859773,2.263934829326311
branch,linear_resample_M16_S64_k3_r31,3e-05,cfp_macro_f1,3,66.66480797520556,2.711430490666433
branch,linear_resample_M16_S64_k3_r31,3e-05,oct_macro_f1,3,65.40496652762846,1.3721656351063143
branch,linear_resample_M16_S64_k3_r31,3e-05,branch_mean_macro_f1,3,66.034887251417,2.0283656909778007
branch,linear_resample_M16_S64_k3_r31,3e-05,primary_macro_f1,3,66.034887251417,2.0283656909778007
branch,linear_resample_M16_S64_k3_r31,3e-05,late_fusion_macro_f1,3,68.0112978608952,3.640135250265887
branch,linear_resample_M16_S64_k3_r31,6e-05,cfp_macro_f1,3,65.53866899595924,1.54949156029879
branch,linear_resample_M16_S64_k3_r31,6e-05,oct_macro_f1,3,64.5035206357703,0.5472698919780355
branch,linear_resample_M16_S64_k3_r31,6e-05,branch_mean_macro_f1,3,65.02109481586477,0.9977117050067115
branch,linear_resample_M16_S64_k3_r31,6e-05,primary_macro_f1,3,65.02109481586477,0.9977117050067115
branch,linear_resample_M16_S64_k3_r31,6e-05,late_fusion_macro_f1,3,67.66376891880408,3.4586398222949715
branch,linear_resample_M16_S64_k3_r32,3e-05,cfp_macro_f1,3,65.62616311569204,1.5852303475852525
branch,linear_resample_M16_S64_k3_r32,3e-05,oct_macro_f1,3,64.57754681687369,0.4957565924572955
branch,linear_resample_M16_S64_k3_r32,3e-05,branch_mean_macro_f1,3,65.10185496628286,1.008872787758428
branch,linear_resample_M16_S64_k3_r32,3e-05,primary_macro_f1,3,65.10185496628286,1.008872787758428
branch,linear_resample_M16_S64_k3_r32,3e-05,late_fusion_macro_f1,3,68.12379608073806,3.7179169410712065
branch,linear_resample_M16_S64_k3_r32,6e-05,cfp_macro_f1,3,65.53866899595924,1.54949156029879
branch,linear_resample_M16_S64_k3_r32,6e-05,oct_macro_f1,3,64.5035206357703,0.5472698919780355
branch,linear_resample_M16_S64_k3_r32,6e-05,branch_mean_macro_f1,3,65.02109481586477,0.9977117050067115
branch,linear_resample_M16_S64_k3_r32,6e-05,primary_macro_f1,3,65.02109481586477,0.9977117050067115
branch,linear_resample_M16_S64_k3_r32,6e-05,late_fusion_macro_f1,3,67.66376891880408,3.4586398222949715
branch,radon_M16_S64_k3_r32,3e-05,cfp_macro_f1,3,69.1279501560936,0.5150336387958814
branch,radon_M16_S64_k3_r32,3e-05,oct_macro_f1,3,64.78963168188805,2.509076657035983
branch,radon_M16_S64_k3_r32,3e-05,branch_mean_macro_f1,3,66.95879091899084,1.5111641468512955
branch,radon_M16_S64_k3_r32,3e-05,primary_macro_f1,3,66.95879091899084,1.5111641468512955
branch,radon_M16_S64_k3_r32,3e-05,late_fusion_macro_f1,3,67.66874144267085,3.125767751456591
branch,radon_M16_S64_k3_r32,6e-05,cfp_macro_f1,3,67.90723062109596,1.0970492266106904
branch,radon_M16_S64_k3_r32,6e-05,oct_macro_f1,3,68.7746500826995,1.356795066263203
branch,radon_M16_S64_k3_r32,6e-05,branch_mean_macro_f1,3,68.34094035189773,1.2195473893612827
branch,radon_M16_S64_k3_r32,6e-05,primary_macro_f1,3,68.34094035189773,1.2195473893612827
branch,radon_M16_S64_k3_r32,6e-05,late_fusion_macro_f1,3,69.76479659359656,1.2498721925158645
branch,linear_resample_M16_S64_k3_r63,3e-05,cfp_macro_f1,3,65.19301391888513,2.124358021530339
branch,linear_resample_M16_S64_k3_r63,3e-05,oct_macro_f1,3,65.16120255147011,0.9867748685762329
branch,linear_resample_M16_S64_k3_r63,3e-05,branch_mean_macro_f1,3,65.17710823517763,0.7738031751360687
branch,linear_resample_M16_S64_k3_r63,3e-05,primary_macro_f1,3,65.17710823517763,0.7738031751360687
branch,linear_resample_M16_S64_k3_r63,3e-05,late_fusion_macro_f1,3,67.72287285370373,3.360955837329708
branch,linear_resample_M16_S64_k3_r63,6e-05,cfp_macro_f1,3,66.65332243912057,1.0399089345640622
branch,linear_resample_M16_S64_k3_r63,6e-05,oct_macro_f1,3,65.26389543592427,1.8596238510640355
branch,linear_resample_M16_S64_k3_r63,6e-05,branch_mean_macro_f1,3,65.95860893752241,1.4386373670224735
branch,linear_resample_M16_S64_k3_r63,6e-05,primary_macro_f1,3,65.95860893752241,1.4386373670224735
branch,linear_resample_M16_S64_k3_r63,6e-05,late_fusion_macro_f1,3,68.98488940620445,1.3915373873749113
branch,linear_resample_M16_S64_k3_r64,3e-05,cfp_macro_f1,3,65.92289617932923,1.7985948701612922
branch,linear_resample_M16_S64_k3_r64,3e-05,oct_macro_f1,3,65.35435179622121,1.2902492392822915
branch,linear_resample_M16_S64_k3_r64,3e-05,branch_mean_macro_f1,3,65.6386239877752,1.4700638402796404
branch,linear_resample_M16_S64_k3_r64,3e-05,primary_macro_f1,3,65.6386239877752,1.4700638402796404
branch,linear_resample_M16_S64_k3_r64,3e-05,late_fusion_macro_f1,3,68.23607064079742,3.8039189098499886
branch,linear_resample_M16_S64_k3_r64,6e-05,cfp_macro_f1,3,65.75370770091271,1.660888252145152
branch,linear_resample_M16_S64_k3_r64,6e-05,oct_macro_f1,3,64.95241808877864,0.6917525148722588
branch,linear_resample_M16_S64_k3_r64,6e-05,branch_mean_macro_f1,3,65.35306289484568,1.156575113936654
branch,linear_resample_M16_S64_k3_r64,6e-05,primary_macro_f1,3,65.35306289484568,1.156575113936654
branch,linear_resample_M16_S64_k3_r64,6e-05,late_fusion_macro_f1,3,68.88513873473609,4.4375698825583685
branch,radon_M16_S64_k3_r64,3e-05,cfp_macro_f1,3,70.20753745953553,1.500055088880721
branch,radon_M16_S64_k3_r64,3e-05,oct_macro_f1,3,68.60907051654887,1.6640496163545202
branch,radon_M16_S64_k3_r64,3e-05,branch_mean_macro_f1,3,69.40830398804219,1.2433014594483196
branch,radon_M16_S64_k3_r64,3e-05,primary_macro_f1,3,69.40830398804219,1.2433014594483196
branch,radon_M16_S64_k3_r64,3e-05,late_fusion_macro_f1,3,69.87105613143638,2.138847773214363
branch,radon_M16_S64_k3_r64,6e-05,cfp_macro_f1,3,69.90368161988835,2.7408605430053923
branch,radon_M16_S64_k3_r64,6e-05,oct_macro_f1,3,68.88205404357824,2.074343572796295
branch,radon_M16_S64_k3_r64,6e-05,branch_mean_macro_f1,3,69.39286783173328,2.335078732803672
branch,radon_M16_S64_k3_r64,6e-05,primary_macro_f1,3,69.39286783173328,2.335078732803672
branch,radon_M16_S64_k3_r64,6e-05,late_fusion_macro_f1,3,68.99937929947377,2.837702981313815
branch,linear_resample_M64_S64_k3_r8,3e-05,cfp_macro_f1,3,65.53866899595924,1.54949156029879
branch,linear_resample_M64_S64_k3_r8,3e-05,oct_macro_f1,3,64.5035206357703,0.5472698919780355
branch,linear_resample_M64_S64_k3_r8,3e-05,branch_mean_macro_f1,3,65.02109481586477,0.9977117050067115
branch,linear_resample_M64_S64_k3_r8,3e-05,primary_macro_f1,3,65.02109481586477,0.9977117050067115
branch,linear_resample_M64_S64_k3_r8,3e-05,late_fusion_macro_f1,3,67.66376891880408,3.4586398222949715
branch,linear_resample_M64_S64_k3_r8,6e-05,cfp_macro_f1,3,65.53866899595924,1.54949156029879
branch,linear_resample_M64_S64_k3_r8,6e-05,oct_macro_f1,3,64.5035206357703,0.5472698919780355
branch,linear_resample_M64_S64_k3_r8,6e-05,branch_mean_macro_f1,3,65.02109481586477,0.9977117050067115
branch,linear_resample_M64_S64_k3_r8,6e-05,primary_macro_f1,3,65.02109481586477,0.9977117050067115
branch,linear_resample_M64_S64_k3_r8,6e-05,late_fusion_macro_f1,3,67.66376891880408,3.4586398222949715
branch,radon_M64_S64_k3_r8,3e-05,cfp_macro_f1,3,65.53866899595924,1.54949156029879
branch,radon_M64_S64_k3_r8,3e-05,oct_macro_f1,3,64.5035206357703,0.5472698919780355
branch,radon_M64_S64_k3_r8,3e-05,branch_mean_macro_f1,3,65.02109481586477,0.9977117050067115
branch,radon_M64_S64_k3_r8,3e-05,primary_macro_f1,3,65.02109481586477,0.9977117050067115
branch,radon_M64_S64_k3_r8,3e-05,late_fusion_macro_f1,3,67.66376891880408,3.4586398222949715
branch,radon_M64_S64_k3_r8,6e-05,cfp_macro_f1,3,66.99778056049114,3.8346885940541964
branch,radon_M64_S64_k3_r8,6e-05,oct_macro_f1,3,64.63015310327592,0.7666037595856091
branch,radon_M64_S64_k3_r8,6e-05,branch_mean_macro_f1,3,65.81396683188353,2.2892205353318293
branch,radon_M64_S64_k3_r8,6e-05,primary_macro_f1,3,65.81396683188353,2.2892205353318293
branch,radon_M64_S64_k3_r8,6e-05,late_fusion_macro_f1,3,67.89436718112741,3.7612786047157654
branch,linear_resample_M64_S64_k3_r16,3e-05,cfp_macro_f1,3,65.53866899595924,1.54949156029879
branch,linear_resample_M64_S64_k3_r16,3e-05,oct_macro_f1,3,64.5035206357703,0.5472698919780355
branch,linear_resample_M64_S64_k3_r16,3e-05,branch_mean_macro_f1,3,65.02109481586477,0.9977117050067115
branch,linear_resample_M64_S64_k3_r16,3e-05,primary_macro_f1,3,65.02109481586477,0.9977117050067115
branch,linear_resample_M64_S64_k3_r16,3e-05,late_fusion_macro_f1,3,67.66376891880408,3.4586398222949715
branch,linear_resample_M64_S64_k3_r16,6e-05,cfp_macro_f1,3,65.27518752520947,1.5300254922108363
branch,linear_resample_M64_S64_k3_r16,6e-05,oct_macro_f1,3,65.16120255147011,0.9867748685762329
branch,linear_resample_M64_S64_k3_r16,6e-05,branch_mean_macro_f1,3,65.21819503833979,1.057770586395631
branch,linear_resample_M64_S64_k3_r16,6e-05,primary_macro_f1,3,65.21819503833979,1.057770586395631
branch,linear_resample_M64_S64_k3_r16,6e-05,late_fusion_macro_f1,3,68.46174831134566,3.999861453330122
branch,radon_M64_S64_k3_r16,3e-05,cfp_macro_f1,3,69.45586956757937,2.4167831127774537
branch,radon_M64_S64_k3_r16,3e-05,oct_macro_f1,3,65.94543260152489,2.2231788604457217
branch,radon_M64_S64_k3_r16,3e-05,branch_mean_macro_f1,3,67.70065108455212,2.247513816731811
branch,radon_M64_S64_k3_r16,3e-05,primary_macro_f1,3,67.70065108455212,2.247513816731811
branch,radon_M64_S64_k3_r16,3e-05,late_fusion_macro_f1,3,67.54762522559113,2.225201396509256
branch,radon_M64_S64_k3_r16,6e-05,cfp_macro_f1,3,68.09557712550698,2.5012786015727992
branch,radon_M64_S64_k3_r16,6e-05,oct_macro_f1,3,69.45817784867008,0.5143209469398576
branch,radon_M64_S64_k3_r16,6e-05,branch_mean_macro_f1,3,68.77687748708854,1.3601220439975317
branch,radon_M64_S64_k3_r16,6e-05,primary_macro_f1,3,68.77687748708854,1.3601220439975317
branch,radon_M64_S64_k3_r16,6e-05,late_fusion_macro_f1,3,69.13578939759113,1.4033061534430562
branch,linear_resample_M32_S32_k3_r16,3e-05,cfp_macro_f1,3,65.08497349350766,1.5989368780398892
branch,linear_resample_M32_S32_k3_r16,3e-05,oct_macro_f1,3,65.28203757823009,1.174655094646598
branch,linear_resample_M32_S32_k3_r16,3e-05,branch_mean_macro_f1,3,65.18350553586887,1.039350597064797
branch,linear_resample_M32_S32_k3_r16,3e-05,primary_macro_f1,3,65.18350553586887,1.039350597064797
branch,linear_resample_M32_S32_k3_r16,3e-05,late_fusion_macro_f1,3,68.23471305691315,3.802831226863151
branch,linear_resample_M32_S32_k3_r16,6e-05,cfp_macro_f1,3,65.75370770091271,1.660888252145152
branch,linear_resample_M32_S32_k3_r16,6e-05,oct_macro_f1,3,64.941391064053,0.6779666778925788
branch,linear_resample_M32_S32_k3_r16,6e-05,branch_mean_macro_f1,3,65.34754938248285,1.1517734977679825
branch,linear_resample_M32_S32_k3_r16,6e-05,primary_macro_f1,3,65.34754938248285,1.1517734977679825
branch,linear_resample_M32_S32_k3_r16,6e-05,late_fusion_macro_f1,3,67.76901698481151,3.5036947854732614
branch,radon_M32_S32_k3_r16,3e-05,cfp_macro_f1,3,66.7392021416477,3.1892383528054533
branch,radon_M32_S32_k3_r16,3e-05,oct_macro_f1,3,65.71434199153536,1.3597374275795124
branch,radon_M32_S32_k3_r16,3e-05,branch_mean_macro_f1,3,66.22677206659152,2.230189614757013
branch,radon_M32_S32_k3_r16,3e-05,primary_macro_f1,3,66.22677206659152,2.230189614757013
branch,radon_M32_S32_k3_r16,3e-05,late_fusion_macro_f1,3,67.11102092227804,2.8709840950210177
branch,radon_M32_S32_k3_r16,6e-05,cfp_macro_f1,3,68.56912895919046,1.878777992667511
branch,radon_M32_S32_k3_r16,6e-05,oct_macro_f1,3,69.00313054902209,1.1854865242860964
branch,radon_M32_S32_k3_r16,6e-05,branch_mean_macro_f1,3,68.78612975410628,1.4229115859375323
branch,radon_M32_S32_k3_r16,6e-05,primary_macro_f1,3,68.78612975410628,1.4229115859375323
branch,radon_M32_S32_k3_r16,6e-05,late_fusion_macro_f1,3,69.67172477375821,0.1396205970096431
branch,linear_resample_M32_S32_k3_r22,3e-05,cfp_macro_f1,3,66.3096606748844,2.229135961886991
branch,linear_resample_M32_S32_k3_r22,3e-05,oct_macro_f1,3,65.51745446497516,1.5564647891795336
branch,linear_resample_M32_S32_k3_r22,3e-05,branch_mean_macro_f1,3,65.91355756992976,1.8482860059657555
branch,linear_resample_M32_S32_k3_r22,3e-05,primary_macro_f1,3,65.91355756992976,1.8482860059657555
branch,linear_resample_M32_S32_k3_r22,3e-05,late_fusion_macro_f1,3,68.34902387658732,3.8983230648377543
branch,linear_resample_M32_S32_k3_r22,6e-05,cfp_macro_f1,3,65.53866899595924,1.54949156029879
branch,linear_resample_M32_S32_k3_r22,6e-05,oct_macro_f1,3,64.5035206357703,0.5472698919780355
branch,linear_resample_M32_S32_k3_r22,6e-05,branch_mean_macro_f1,3,65.02109481586477,0.9977117050067115
branch,linear_resample_M32_S32_k3_r22,6e-05,primary_macro_f1,3,65.02109481586477,0.9977117050067115
branch,linear_resample_M32_S32_k3_r22,6e-05,late_fusion_macro_f1,3,67.66376891880408,3.4586398222949715
branch,linear_resample_M32_S32_k3_r23,3e-05,cfp_macro_f1,3,67.18789259039414,3.0597360326434884
branch,linear_resample_M32_S32_k3_r23,3e-05,oct_macro_f1,3,64.28496191264281,1.4998986968807801
branch,linear_resample_M32_S32_k3_r23,3e-05,branch_mean_macro_f1,3,65.73642725151848,1.5094426367510752
branch,linear_resample_M32_S32_k3_r23,3e-05,primary_macro_f1,3,65.73642725151848,1.5094426367510752
branch,linear_resample_M32_S32_k3_r23,3e-05,late_fusion_macro_f1,3,66.99465674728197,4.08415046975431
branch,linear_resample_M32_S32_k3_r23,6e-05,cfp_macro_f1,3,65.7638967918085,1.668046647194092
branch,linear_resample_M32_S32_k3_r23,6e-05,oct_macro_f1,3,65.05660394216072,0.832430483674696
branch,linear_resample_M32_S32_k3_r23,6e-05,branch_mean_macro_f1,3,65.41025036698461,1.2097053357286525
branch,linear_resample_M32_S32_k3_r23,6e-05,primary_macro_f1,3,65.41025036698461,1.2097053357286525
branch,linear_resample_M32_S32_k3_r23,6e-05,late_fusion_macro_f1,3,68.457767395056,3.9961570340051376
branch,radon_M32_S32_k3_r23,3e-05,cfp_macro_f1,3,69.53883296025273,2.5565221679287
branch,radon_M32_S32_k3_r23,3e-05,oct_macro_f1,3,64.50534991516021,0.749069555169942
branch,radon_M32_S32_k3_r23,3e-05,branch_mean_macro_f1,3,67.02209143770648,0.9074832112871032
branch,radon_M32_S32_k3_r23,3e-05,primary_macro_f1,3,67.02209143770648,0.9074832112871032
branch,radon_M32_S32_k3_r23,3e-05,late_fusion_macro_f1,3,67.62359118881677,2.497679218883049
branch,radon_M32_S32_k3_r23,6e-05,cfp_macro_f1,3,68.42235868488443,2.498078670701681
branch,radon_M32_S32_k3_r23,6e-05,oct_macro_f1,3,66.83161933968533,0.4887411604395616
branch,radon_M32_S32_k3_r23,6e-05,branch_mean_macro_f1,3,67.62698901228487,1.4611925084893338
branch,radon_M32_S32_k3_r23,6e-05,primary_macro_f1,3,67.62698901228487,1.4611925084893338
branch,radon_M32_S32_k3_r23,6e-05,late_fusion_macro_f1,3,68.81356420660626,1.7036649162515314
branch,linear_resample_M32_S32_k3_r32,3e-05,cfp_macro_f1,3,66.32273586667748,2.2457415751908654
branch,linear_resample_M32_S32_k3_r32,3e-05,oct_macro_f1,3,64.71001055098235,0.48133870863503075
branch,linear_resample_M32_S32_k3_r32,3e-05,branch_mean_macro_f1,3,65.5163732088299,1.3223768153669666
branch,linear_resample_M32_S32_k3_r32,3e-05,primary_macro_f1,3,65.5163732088299,1.3223768153669666
branch,linear_resample_M32_S32_k3_r32,3e-05,late_fusion_macro_f1,3,68.10454095475582,3.7039927000110247
branch,linear_resample_M32_S32_k3_r32,6e-05,cfp_macro_f1,3,66.43519868933767,2.394259669356792
branch,linear_resample_M32_S32_k3_r32,6e-05,oct_macro_f1,3,65.14623077083832,0.8650888874336947
branch,linear_resample_M32_S32_k3_r32,6e-05,branch_mean_macro_f1,3,65.79071473008798,1.6287795462002221
branch,linear_resample_M32_S32_k3_r32,6e-05,primary_macro_f1,3,65.79071473008798,1.6287795462002221
branch,linear_resample_M32_S32_k3_r32,6e-05,late_fusion_macro_f1,3,67.6455345248447,3.8872888123792726
branch,radon_M32_S32_k3_r32,3e-05,cfp_macro_f1,3,69.88292339267487,1.9455810751459808
branch,radon_M32_S32_k3_r32,3e-05,oct_macro_f1,3,68.45961980694786,1.041893375959781
branch,radon_M32_S32_k3_r32,3e-05,branch_mean_macro_f1,3,69.17127159981136,1.4030704639481733
branch,radon_M32_S32_k3_r32,3e-05,primary_macro_f1,3,69.17127159981136,1.4030704639481733
branch,radon_M32_S32_k3_r32,3e-05,late_fusion_macro_f1,3,69.56650949937888,2.394022461422471
branch,radon_M32_S32_k3_r32,6e-05,cfp_macro_f1,3,68.50622907763541,3.3359466842967413
branch,radon_M32_S32_k3_r32,6e-05,oct_macro_f1,3,67.14655980219594,1.7726226269692062
branch,radon_M32_S32_k3_r32,6e-05,branch_mean_macro_f1,3,67.82639443991569,2.3887284639403896
branch,radon_M32_S32_k3_r32,6e-05,primary_macro_f1,3,67.82639443991569,2.3887284639403896
branch,radon_M32_S32_k3_r32,6e-05,late_fusion_macro_f1,3,68.12907194344142,1.8506809994567681
branch,linear_resample_M32_S32_k3_r45,3e-05,cfp_macro_f1,3,66.1018618755363,1.9813607608260038
branch,linear_resample_M32_S32_k3_r45,3e-05,oct_macro_f1,3,66.06358655244567,2.4742950516005418
branch,linear_resample_M32_S32_k3_r45,3e-05,branch_mean_macro_f1,3,66.08272421399097,2.100901889143318
branch,linear_resample_M32_S32_k3_r45,3e-05,primary_macro_f1,3,66.08272421399097,2.100901889143318
branch,linear_resample_M32_S32_k3_r45,3e-05,late_fusion_macro_f1,3,67.98857438244077,3.6254930260589275
branch,linear_resample_M32_S32_k3_r45,6e-05,cfp_macro_f1,3,67.41394190769748,2.9337002929816123
branch,linear_resample_M32_S32_k3_r45,6e-05,oct_macro_f1,3,66.07231597985195,0.8610718205979688
branch,linear_resample_M32_S32_k3_r45,6e-05,branch_mean_macro_f1,3,66.7431289437747,1.8850472979474848
branch,linear_resample_M32_S32_k3_r45,6e-05,primary_macro_f1,3,66.7431289437747,1.8850472979474848
branch,linear_resample_M32_S32_k3_r45,6e-05,late_fusion_macro_f1,3,69.11659264887041,0.7364191531299704
branch,radon_M32_S32_k3_r45,3e-05,cfp_macro_f1,3,69.22204522055634,1.3735426189661937
branch,radon_M32_S32_k3_r45,3e-05,oct_macro_f1,3,66.05935289148107,2.8817042704961837
branch,radon_M32_S32_k3_r45,3e-05,branch_mean_macro_f1,3,67.6406990560187,1.5014836337829875
branch,radon_M32_S32_k3_r45,3e-05,primary_macro_f1,3,67.6406990560187,1.5014836337829875
branch,radon_M32_S32_k3_r45,3e-05,late_fusion_macro_f1,3,67.76572101310217,2.0793504388242847
branch,radon_M32_S32_k3_r45,6e-05,cfp_macro_f1,3,69.47974148876561,2.5589208016642337
branch,radon_M32_S32_k3_r45,6e-05,oct_macro_f1,3,69.47267961284952,3.1884525364057508
branch,radon_M32_S32_k3_r45,6e-05,branch_mean_macro_f1,3,69.47621055080758,2.871065142117652
branch,radon_M32_S32_k3_r45,6e-05,primary_macro_f1,3,69.47621055080758,2.871065142117652
branch,radon_M32_S32_k3_r45,6e-05,late_fusion_macro_f1,3,69.70491776647897,4.276761032986045
branch,linear_resample_M32_S128_k3_r11,3e-05,cfp_macro_f1,3,65.41778964541145,1.5237155995333955
branch,linear_resample_M32_S128_k3_r11,3e-05,oct_macro_f1,3,65.17768445103131,1.0119068650766907
branch,linear_resample_M32_S128_k3_r11,3e-05,branch_mean_macro_f1,3,65.29773704822138,1.1111760763298149
branch,linear_resample_M32_S128_k3_r11,3e-05,primary_macro_f1,3,65.29773704822138,1.1111760763298149
branch,linear_resample_M32_S128_k3_r11,3e-05,late_fusion_macro_f1,3,68.34633937910623,3.895991981680057
branch,linear_resample_M32_S128_k3_r11,6e-05,cfp_macro_f1,3,65.53866899595924,1.54949156029879
branch,linear_resample_M32_S128_k3_r11,6e-05,oct_macro_f1,3,64.5035206357703,0.5472698919780355
branch,linear_resample_M32_S128_k3_r11,6e-05,branch_mean_macro_f1,3,65.02109481586477,0.9977117050067115
branch,linear_resample_M32_S128_k3_r11,6e-05,primary_macro_f1,3,65.02109481586477,0.9977117050067115
branch,linear_resample_M32_S128_k3_r11,6e-05,late_fusion_macro_f1,3,67.66376891880408,3.4586398222949715
branch,radon_M32_S128_k3_r11,3e-05,cfp_macro_f1,3,66.76436255748331,3.446483685071233
branch,radon_M32_S128_k3_r11,3e-05,oct_macro_f1,3,64.0588228367845,0.22296928987939674
branch,radon_M32_S128_k3_r11,3e-05,branch_mean_macro_f1,3,65.41159269713391,1.6170367010011426
branch,radon_M32_S128_k3_r11,3e-05,primary_macro_f1,3,65.41159269713391,1.6170367010011426
branch,radon_M32_S128_k3_r11,3e-05,late_fusion_macro_f1,3,66.62405766223031,2.464284904660795
branch,radon_M32_S128_k3_r11,6e-05,cfp_macro_f1,3,66.39745501413256,3.1595151352647703
branch,radon_M32_S128_k3_r11,6e-05,oct_macro_f1,3,64.62155076986971,0.520847274019657
branch,radon_M32_S128_k3_r11,6e-05,branch_mean_macro_f1,3,65.50950289200114,1.6034429355721913
branch,radon_M32_S128_k3_r11,6e-05,primary_macro_f1,3,65.50950289200114,1.6034429355721913
branch,radon_M32_S128_k3_r11,6e-05,late_fusion_macro_f1,3,67.55482856560396,3.322784457422217
branch,linear_resample_M32_S128_k3_r16,3e-05,cfp_macro_f1,3,65.23023810499195,1.540241114658686
branch,linear_resample_M32_S128_k3_r16,3e-05,oct_macro_f1,3,64.82586265090758,0.552874037867099
branch,linear_resample_M32_S128_k3_r16,3e-05,branch_mean_macro_f1,3,65.02805037794975,0.9979065292190153
branch,linear_resample_M32_S128_k3_r16,3e-05,primary_macro_f1,3,65.02805037794975,0.9979065292190153
branch,linear_resample_M32_S128_k3_r16,3e-05,late_fusion_macro_f1,3,68.06302980917889,3.674824390074212
branch,linear_resample_M32_S128_k3_r16,6e-05,cfp_macro_f1,3,65.53866899595924,1.54949156029879
branch,linear_resample_M32_S128_k3_r16,6e-05,oct_macro_f1,3,64.5035206357703,0.5472698919780355
branch,linear_resample_M32_S128_k3_r16,6e-05,branch_mean_macro_f1,3,65.02109481586477,0.9977117050067115
branch,linear_resample_M32_S128_k3_r16,6e-05,primary_macro_f1,3,65.02109481586477,0.9977117050067115
branch,linear_resample_M32_S128_k3_r16,6e-05,late_fusion_macro_f1,3,67.66376891880408,3.4586398222949715
branch,radon_M32_S128_k3_r16,3e-05,cfp_macro_f1,3,67.66323667634772,4.2549984805165515
branch,radon_M32_S128_k3_r16,3e-05,oct_macro_f1,3,64.61006168410941,0.48225215282447187
branch,radon_M32_S128_k3_r16,3e-05,branch_mean_macro_f1,3,66.13664918022856,2.1835501909954482
branch,radon_M32_S128_k3_r16,3e-05,primary_macro_f1,3,66.13664918022856,2.1835501909954482
branch,radon_M32_S128_k3_r16,3e-05,late_fusion_macro_f1,3,68.42580185762897,3.9667207870676666
branch,radon_M32_S128_k3_r16,6e-05,cfp_macro_f1,3,69.19512924993795,2.098532241282812
branch,radon_M32_S128_k3_r16,6e-05,oct_macro_f1,3,66.87577815368208,1.57395591911669
branch,radon_M32_S128_k3_r16,6e-05,branch_mean_macro_f1,3,68.03545370181001,1.4513328432655872
branch,radon_M32_S128_k3_r16,6e-05,primary_macro_f1,3,68.03545370181001,1.4513328432655872
branch,radon_M32_S128_k3_r16,6e-05,late_fusion_macro_f1,3,69.30349877583843,1.80957328587411
branch,linear_resample_M32_S128_k3_r22,3e-05,cfp_macro_f1,3,65.75778557133803,1.663734408252643
branch,linear_resample_M32_S128_k3_r22,3e-05,oct_macro_f1,3,65.24622862520825,1.1181848930410616
branch,linear_resample_M32_S128_k3_r22,3e-05,branch_mean_macro_f1,3,65.50200709827313,1.3061795449270206
branch,linear_resample_M32_S128_k3_r22,3e-05,primary_macro_f1,3,65.50200709827313,1.3061795449270206
branch,linear_resample_M32_S128_k3_r22,3e-05,late_fusion_macro_f1,3,67.86477134881164,3.5523245702654513
branch,linear_resample_M32_S128_k3_r22,6e-05,cfp_macro_f1,3,66.08334369029969,2.198096288328527
branch,linear_resample_M32_S128_k3_r22,6e-05,oct_macro_f1,3,64.80751647631968,1.2173438943282167
branch,linear_resample_M32_S128_k3_r22,6e-05,branch_mean_macro_f1,3,65.44543008330967,1.6329755980870844
branch,linear_resample_M32_S128_k3_r22,6e-05,primary_macro_f1,3,65.44543008330967,1.6329755980870844
branch,linear_resample_M32_S128_k3_r22,6e-05,late_fusion_macro_f1,3,67.11252506906145,3.063393452239583
branch,radon_M32_S128_k3_r22,3e-05,cfp_macro_f1,3,69.43060319356124,2.128661254862975
branch,radon_M32_S128_k3_r22,3e-05,oct_macro_f1,3,66.55567799820406,0.7591264257289981
branch,radon_M32_S128_k3_r22,3e-05,branch_mean_macro_f1,3,67.99314059588265,0.9441229104063843
branch,radon_M32_S128_k3_r22,3e-05,primary_macro_f1,3,67.99314059588265,0.9441229104063843
branch,radon_M32_S128_k3_r22,3e-05,late_fusion_macro_f1,3,68.24338783491504,2.043379359878864
branch,radon_M32_S128_k3_r22,6e-05,cfp_macro_f1,3,68.90607982665144,3.2346336236290263
branch,radon_M32_S128_k3_r22,6e-05,oct_macro_f1,3,67.44300618469136,2.4436018641856165
branch,radon_M32_S128_k3_r22,6e-05,branch_mean_macro_f1,3,68.1745430056714,2.8390809182149663
branch,radon_M32_S128_k3_r22,6e-05,primary_macro_f1,3,68.1745430056714,2.8390809182149663
branch,radon_M32_S128_k3_r22,6e-05,late_fusion_macro_f1,3,67.66731835063547,3.204574742131434
branch,linear_resample_M32_S128_k3_r32,3e-05,cfp_macro_f1,3,67.09644114038213,3.3565809502687736
branch,linear_resample_M32_S128_k3_r32,3e-05,oct_macro_f1,3,64.94611952272882,0.6838468411699135
branch,linear_resample_M32_S128_k3_r32,3e-05,branch_mean_macro_f1,3,66.02128033155547,2.0078791329412717
branch,linear_resample_M32_S128_k3_r32,3e-05,primary_macro_f1,3,66.02128033155547,2.0078791329412717
branch,linear_resample_M32_S128_k3_r32,3e-05,late_fusion_macro_f1,3,68.46130614887089,3.999449584059961
branch,linear_resample_M32_S128_k3_r32,6e-05,cfp_macro_f1,3,65.78725058556056,1.8958729280381825
branch,linear_resample_M32_S128_k3_r32,6e-05,oct_macro_f1,3,64.39994206617634,0.3678665468660061
branch,linear_resample_M32_S128_k3_r32,6e-05,branch_mean_macro_f1,3,65.09359632586846,1.1076659460828715
branch,linear_resample_M32_S128_k3_r32,6e-05,primary_macro_f1,3,65.09359632586846,1.1076659460828715
branch,linear_resample_M32_S128_k3_r32,6e-05,late_fusion_macro_f1,3,66.84167260925919,2.601670237620522
branch,radon_M32_S128_k3_r32,3e-05,cfp_macro_f1,3,70.31602059260906,0.8450997711015977
branch,radon_M32_S128_k3_r32,3e-05,oct_macro_f1,3,64.17650776557105,2.4844549087882455
branch,radon_M32_S128_k3_r32,3e-05,branch_mean_macro_f1,3,67.24626417909003,1.6477435647045007
branch,radon_M32_S128_k3_r32,3e-05,primary_macro_f1,3,67.24626417909003,1.6477435647045007
branch,radon_M32_S128_k3_r32,3e-05,late_fusion_macro_f1,3,67.80656628154,1.0936883499592691
branch,radon_M32_S128_k3_r32,6e-05,cfp_macro_f1,3,68.71609912305706,3.44719269094754
branch,radon_M32_S128_k3_r32,6e-05,oct_macro_f1,3,68.78510285791698,0.3838274980234312
branch,radon_M32_S128_k3_r32,6e-05,branch_mean_macro_f1,3,68.75060099048703,1.8507150862906714
branch,radon_M32_S128_k3_r32,6e-05,primary_macro_f1,3,68.75060099048703,1.8507150862906714
branch,radon_M32_S128_k3_r32,6e-05,late_fusion_macro_f1,3,69.15501505834393,2.348355212204189
branch,linear_resample_M32_S64_k1_r16,3e-05,cfp_macro_f1,3,65.53866899595924,1.54949156029879
branch,linear_resample_M32_S64_k1_r16,3e-05,oct_macro_f1,3,64.5035206357703,0.5472698919780355
branch,linear_resample_M32_S64_k1_r16,3e-05,branch_mean_macro_f1,3,65.02109481586477,0.9977117050067115
branch,linear_resample_M32_S64_k1_r16,3e-05,primary_macro_f1,3,65.02109481586477,0.9977117050067115
branch,linear_resample_M32_S64_k1_r16,3e-05,late_fusion_macro_f1,3,67.66376891880408,3.4586398222949715
branch,linear_resample_M32_S64_k1_r16,6e-05,cfp_macro_f1,3,65.53866899595924,1.54949156029879
branch,linear_resample_M32_S64_k1_r16,6e-05,oct_macro_f1,3,64.5035206357703,0.5472698919780355
branch,linear_resample_M32_S64_k1_r16,6e-05,branch_mean_macro_f1,3,65.02109481586477,0.9977117050067115
branch,linear_resample_M32_S64_k1_r16,6e-05,primary_macro_f1,3,65.02109481586477,0.9977117050067115
branch,linear_resample_M32_S64_k1_r16,6e-05,late_fusion_macro_f1,3,67.66376891880408,3.4586398222949715
branch,radon_M32_S64_k1_r16,3e-05,cfp_macro_f1,3,65.86856937250695,1.7502148987067574
branch,radon_M32_S64_k1_r16,3e-05,oct_macro_f1,3,64.49915891595192,0.5510860907752677
branch,radon_M32_S64_k1_r16,3e-05,branch_mean_macro_f1,3,65.18386414422945,1.0395249215958207
branch,radon_M32_S64_k1_r16,3e-05,primary_macro_f1,3,65.18386414422945,1.0395249215958207
branch,radon_M32_S64_k1_r16,3e-05,late_fusion_macro_f1,3,68.57337757047453,4.1070917137017595
branch,radon_M32_S64_k1_r16,6e-05,cfp_macro_f1,3,67.7815866622773,3.877891229809893
branch,radon_M32_S64_k1_r16,6e-05,oct_macro_f1,3,65.98843028568925,1.5596073560072348
branch,radon_M32_S64_k1_r16,6e-05,branch_mean_macro_f1,3,66.88500847398326,2.6498134824702166
branch,radon_M32_S64_k1_r16,6e-05,primary_macro_f1,3,66.88500847398326,2.6498134824702166
branch,radon_M32_S64_k1_r16,6e-05,late_fusion_macro_f1,3,67.44891340704486,3.281156512509773
branch,linear_resample_M32_S64_k1_r25,3e-05,cfp_macro_f1,3,66.4233888805846,2.887346456540571
branch,linear_resample_M32_S64_k1_r25,3e-05,oct_macro_f1,3,64.17445948775259,0.022680735185564623
branch,linear_resample_M32_S64_k1_r25,3e-05,branch_mean_macro_f1,3,65.29892418416858,1.4330624634837035
branch,linear_resample_M32_S64_k1_r25,3e-05,primary_macro_f1,3,65.29892418416858,1.4330624634837035
branch,linear_resample_M32_S64_k1_r25,3e-05,late_fusion_macro_f1,3,67.53442008254468,3.2979121259515756
branch,linear_resample_M32_S64_k1_r25,6e-05,cfp_macro_f1,3,65.53866899595924,1.54949156029879
branch,linear_resample_M32_S64_k1_r25,6e-05,oct_macro_f1,3,64.5035206357703,0.5472698919780355
branch,linear_resample_M32_S64_k1_r25,6e-05,branch_mean_macro_f1,3,65.02109481586477,0.9977117050067115
branch,linear_resample_M32_S64_k1_r25,6e-05,primary_macro_f1,3,65.02109481586477,0.9977117050067115
branch,linear_resample_M32_S64_k1_r25,6e-05,late_fusion_macro_f1,3,67.66376891880408,3.4586398222949715
branch,linear_resample_M32_S64_k1_r27,3e-05,cfp_macro_f1,3,65.52827406484333,1.5461780742302473
branch,linear_resample_M32_S64_k1_r27,3e-05,oct_macro_f1,3,64.84071187152041,0.5665463800723973
branch,linear_resample_M32_S64_k1_r27,3e-05,branch_mean_macro_f1,3,65.18449296818187,1.0398314268499407
branch,linear_resample_M32_S64_k1_r27,3e-05,primary_macro_f1,3,65.18449296818187,1.0398314268499407
branch,linear_resample_M32_S64_k1_r27,3e-05,late_fusion_macro_f1,3,67.89763248161178,3.570636641316053
branch,linear_resample_M32_S64_k1_r27,6e-05,cfp_macro_f1,3,65.53866899595924,1.54949156029879
branch,linear_resample_M32_S64_k1_r27,6e-05,oct_macro_f1,3,64.5035206357703,0.5472698919780355
branch,linear_resample_M32_S64_k1_r27,6e-05,branch_mean_macro_f1,3,65.02109481586477,0.9977117050067115
branch,linear_resample_M32_S64_k1_r27,6e-05,primary_macro_f1,3,65.02109481586477,0.9977117050067115
branch,linear_resample_M32_S64_k1_r27,6e-05,late_fusion_macro_f1,3,67.66376891880408,3.4586398222949715
branch,radon_M32_S64_k1_r27,3e-05,cfp_macro_f1,3,67.54526611172157,3.2065280099345284
branch,radon_M32_S64_k1_r27,3e-05,oct_macro_f1,3,64.59720414626555,1.36219552910707
branch,radon_M32_S64_k1_r27,3e-05,branch_mean_macro_f1,3,66.07123512899356,1.9264955032294198
branch,radon_M32_S64_k1_r27,3e-05,primary_macro_f1,3,66.07123512899356,1.9264955032294198
branch,radon_M32_S64_k1_r27,3e-05,late_fusion_macro_f1,3,67.20728328133588,3.9495653042368413
branch,radon_M32_S64_k1_r27,6e-05,cfp_macro_f1,3,69.19940597357181,0.8971141025519687
branch,radon_M32_S64_k1_r27,6e-05,oct_macro_f1,3,65.20838943759414,0.6197813636652074
branch,radon_M32_S64_k1_r27,6e-05,branch_mean_macro_f1,3,67.20389770558297,0.751920246140026
branch,radon_M32_S64_k1_r27,6e-05,primary_macro_f1,3,67.20389770558297,0.751920246140026
branch,radon_M32_S64_k1_r27,6e-05,late_fusion_macro_f1,3,68.6490324720474,1.269759597221136
branch,linear_resample_M32_S64_k1_r32,3e-05,cfp_macro_f1,3,66.07746059562784,2.795896255791304
branch,linear_resample_M32_S64_k1_r32,3e-05,oct_macro_f1,3,64.34905294063152,1.6048581165057236
branch,linear_resample_M32_S64_k1_r32,3e-05,branch_mean_macro_f1,3,65.21325676812968,1.0568635094895367
branch,linear_resample_M32_S64_k1_r32,3e-05,primary_macro_f1,3,65.21325676812968,1.0568635094895367
branch,linear_resample_M32_S64_k1_r32,3e-05,late_fusion_macro_f1,3,66.83361132746116,3.5677148679398947
branch,linear_resample_M32_S64_k1_r32,6e-05,cfp_macro_f1,3,65.53866899595924,1.54949156029879
branch,linear_resample_M32_S64_k1_r32,6e-05,oct_macro_f1,3,64.5035206357703,0.5472698919780355
branch,linear_resample_M32_S64_k1_r32,6e-05,branch_mean_macro_f1,3,65.02109481586477,0.9977117050067115
branch,linear_resample_M32_S64_k1_r32,6e-05,primary_macro_f1,3,65.02109481586477,0.9977117050067115
branch,linear_resample_M32_S64_k1_r32,6e-05,late_fusion_macro_f1,3,67.66376891880408,3.4586398222949715
branch,radon_M32_S64_k1_r32,3e-05,cfp_macro_f1,3,67.87919026468478,2.408676057874307
branch,radon_M32_S64_k1_r32,3e-05,oct_macro_f1,3,63.92896883987987,2.3576720490520344
branch,radon_M32_S64_k1_r32,3e-05,branch_mean_macro_f1,3,65.90407955228231,1.494769768309759
branch,radon_M32_S64_k1_r32,3e-05,primary_macro_f1,3,65.90407955228231,1.494769768309759
branch,radon_M32_S64_k1_r32,3e-05,late_fusion_macro_f1,3,68.07166927489966,2.222608805388966
branch,radon_M32_S64_k1_r32,6e-05,cfp_macro_f1,3,69.47695713494856,1.2523075652538584
branch,radon_M32_S64_k1_r32,6e-05,oct_macro_f1,3,67.33533968063085,2.1966540340374636
branch,radon_M32_S64_k1_r32,6e-05,branch_mean_macro_f1,3,68.40614840778971,1.3694790958200367
branch,radon_M32_S64_k1_r32,6e-05,primary_macro_f1,3,68.40614840778971,1.3694790958200367
branch,radon_M32_S64_k1_r32,6e-05,late_fusion_macro_f1,3,69.904876894984,0.21353813003424998
branch,linear_resample_M32_S64_k1_r53,3e-05,cfp_macro_f1,3,65.53866899595924,1.54949156029879
branch,linear_resample_M32_S64_k1_r53,3e-05,oct_macro_f1,3,64.5035206357703,0.5472698919780355
branch,linear_resample_M32_S64_k1_r53,3e-05,branch_mean_macro_f1,3,65.02109481586477,0.9977117050067115
branch,linear_resample_M32_S64_k1_r53,3e-05,primary_macro_f1,3,65.02109481586477,0.9977117050067115
branch,linear_resample_M32_S64_k1_r53,3e-05,late_fusion_macro_f1,3,67.66376891880408,3.4586398222949715
branch,linear_resample_M32_S64_k1_r53,6e-05,cfp_macro_f1,3,65.53866899595924,1.54949156029879
branch,linear_resample_M32_S64_k1_r53,6e-05,oct_macro_f1,3,64.5035206357703,0.5472698919780355
branch,linear_resample_M32_S64_k1_r53,6e-05,branch_mean_macro_f1,3,65.02109481586477,0.9977117050067115
branch,linear_resample_M32_S64_k1_r53,6e-05,primary_macro_f1,3,65.02109481586477,0.9977117050067115
branch,linear_resample_M32_S64_k1_r53,6e-05,late_fusion_macro_f1,3,67.66376891880408,3.4586398222949715
branch,linear_resample_M32_S64_k1_r54,3e-05,cfp_macro_f1,3,65.20205874412828,1.8805493252538903
branch,linear_resample_M32_S64_k1_r54,3e-05,oct_macro_f1,3,65.05098072911902,0.1980341373292438
branch,linear_resample_M32_S64_k1_r54,3e-05,branch_mean_macro_f1,3,65.12651973662365,0.9157420021446834
branch,linear_resample_M32_S64_k1_r54,3e-05,primary_macro_f1,3,65.12651973662365,0.9157420021446834
branch,linear_resample_M32_S64_k1_r54,3e-05,late_fusion_macro_f1,3,68.00720122742791,4.190821026960639
branch,linear_resample_M32_S64_k1_r54,6e-05,cfp_macro_f1,3,65.98912458765777,1.8623105270422677
branch,linear_resample_M32_S64_k1_r54,6e-05,oct_macro_f1,3,64.95241808877864,0.6917525148722588
branch,linear_resample_M32_S64_k1_r54,6e-05,branch_mean_macro_f1,3,65.4707713382182,1.271930760940664
branch,linear_resample_M32_S64_k1_r54,6e-05,primary_macro_f1,3,65.4707713382182,1.271930760940664
branch,linear_resample_M32_S64_k1_r54,6e-05,late_fusion_macro_f1,3,69.24912265933732,4.871010902876262
branch,radon_M32_S64_k1_r54,3e-05,cfp_macro_f1,3,69.42119559154959,1.674820125861952
branch,radon_M32_S64_k1_r54,3e-05,oct_macro_f1,3,67.11969243411447,1.4758288414744074
branch,radon_M32_S64_k1_r54,3e-05,branch_mean_macro_f1,3,68.27044401283203,0.4010965928325373
branch,radon_M32_S64_k1_r54,3e-05,primary_macro_f1,3,68.27044401283203,0.4010965928325373
branch,radon_M32_S64_k1_r54,3e-05,late_fusion_macro_f1,3,68.8643813783663,0.9071755526634279
branch,radon_M32_S64_k1_r54,6e-05,cfp_macro_f1,3,69.68757026878716,2.5036264427694244
branch,radon_M32_S64_k1_r54,6e-05,oct_macro_f1,3,67.4222515349029,3.3572315042140866
branch,radon_M32_S64_k1_r54,6e-05,branch_mean_macro_f1,3,68.55491090184502,2.7268368027917744
branch,radon_M32_S64_k1_r54,6e-05,primary_macro_f1,3,68.55491090184502,2.7268368027917744
branch,radon_M32_S64_k1_r54,6e-05,late_fusion_macro_f1,3,68.45758513478762,1.8633900867733832
branch,linear_resample_M32_S64_k5_r16,3e-05,cfp_macro_f1,3,65.53866899595924,1.54949156029879
branch,linear_resample_M32_S64_k5_r16,3e-05,oct_macro_f1,3,64.5035206357703,0.5472698919780355
branch,linear_resample_M32_S64_k5_r16,3e-05,branch_mean_macro_f1,3,65.02109481586477,0.9977117050067115
branch,linear_resample_M32_S64_k5_r16,3e-05,primary_macro_f1,3,65.02109481586477,0.9977117050067115
branch,linear_resample_M32_S64_k5_r16,3e-05,late_fusion_macro_f1,3,67.66376891880408,3.4586398222949715
branch,linear_resample_M32_S64_k5_r16,6e-05,cfp_macro_f1,3,65.53866899595924,1.54949156029879
branch,linear_resample_M32_S64_k5_r16,6e-05,oct_macro_f1,3,64.5035206357703,0.5472698919780355
branch,linear_resample_M32_S64_k5_r16,6e-05,branch_mean_macro_f1,3,65.02109481586477,0.9977117050067115
branch,linear_resample_M32_S64_k5_r16,6e-05,primary_macro_f1,3,65.02109481586477,0.9977117050067115
branch,linear_resample_M32_S64_k5_r16,6e-05,late_fusion_macro_f1,3,67.66376891880408,3.4586398222949715
branch,radon_M32_S64_k5_r16,3e-05,cfp_macro_f1,3,69.01448626530144,2.527975137615619
branch,radon_M32_S64_k5_r16,3e-05,oct_macro_f1,3,64.56450820465184,1.935233151863301
branch,radon_M32_S64_k5_r16,3e-05,branch_mean_macro_f1,3,66.78949723497664,1.5787928059498815
branch,radon_M32_S64_k5_r16,3e-05,primary_macro_f1,3,66.78949723497664,1.5787928059498815
branch,radon_M32_S64_k5_r16,3e-05,late_fusion_macro_f1,3,66.16225070254653,1.6194776954171781
branch,radon_M32_S64_k5_r16,6e-05,cfp_macro_f1,3,68.231704880375,2.6628493155571427
branch,radon_M32_S64_k5_r16,6e-05,oct_macro_f1,3,69.08770986276454,1.0068765570564886
branch,radon_M32_S64_k5_r16,6e-05,branch_mean_macro_f1,3,68.65970737156977,1.7347132076704561
branch,radon_M32_S64_k5_r16,6e-05,primary_macro_f1,3,68.65970737156977,1.7347132076704561
branch,radon_M32_S64_k5_r16,6e-05,late_fusion_macro_f1,3,69.21978578125749,1.753443932947749
branch,linear_resample_M32_S64_k5_r25,3e-05,cfp_macro_f1,3,66.49476269537556,2.4731628598534545
branch,linear_resample_M32_S64_k5_r25,3e-05,oct_macro_f1,3,65.00959065275731,0.7668908182823765
branch,linear_resample_M32_S64_k5_r25,3e-05,branch_mean_macro_f1,3,65.75217667406643,1.6200249045822763
branch,linear_resample_M32_S64_k5_r25,3e-05,primary_macro_f1,3,65.75217667406643,1.6200249045822763
branch,linear_resample_M32_S64_k5_r25,3e-05,late_fusion_macro_f1,3,69.08738082996813,4.672871093833285
branch,linear_resample_M32_S64_k5_r25,6e-05,cfp_macro_f1,3,65.98914001210619,2.1991854893222893
branch,linear_resample_M32_S64_k5_r25,6e-05,oct_macro_f1,3,64.34826832833072,0.27836500750038384
branch,linear_resample_M32_S64_k5_r25,6e-05,branch_mean_macro_f1,3,65.16870417021846,1.2247452226972437
branch,linear_resample_M32_S64_k5_r25,6e-05,primary_macro_f1,3,65.16870417021846,1.2247452226972437
branch,linear_resample_M32_S64_k5_r25,6e-05,late_fusion_macro_f1,3,68.10163794937525,4.047650850062922
branch,radon_M32_S64_k5_r25,3e-05,cfp_macro_f1,3,69.2400599852007,1.5053577490372707
branch,radon_M32_S64_k5_r25,3e-05,oct_macro_f1,3,67.07772764903724,3.2476800941696786
branch,radon_M32_S64_k5_r25,3e-05,branch_mean_macro_f1,3,68.15889381711897,1.8433308642148605
branch,radon_M32_S64_k5_r25,3e-05,primary_macro_f1,3,68.15889381711897,1.8433308642148605
branch,radon_M32_S64_k5_r25,3e-05,late_fusion_macro_f1,3,68.29035120175321,2.349739427158533
branch,radon_M32_S64_k5_r25,6e-05,cfp_macro_f1,3,70.37729783834703,1.0252707401501209
branch,radon_M32_S64_k5_r25,6e-05,oct_macro_f1,3,70.1877722900292,0.7542769190335062
branch,radon_M32_S64_k5_r25,6e-05,branch_mean_macro_f1,3,70.28253506418811,0.8863441426665427
branch,radon_M32_S64_k5_r25,6e-05,primary_macro_f1,3,70.28253506418811,0.8863441426665427
branch,radon_M32_S64_k5_r25,6e-05,late_fusion_macro_f1,3,69.12821811035924,0.7777307643356092
branch,linear_resample_M32_S64_k5_r32,3e-05,cfp_macro_f1,3,66.65075295760072,2.6913143767147494
branch,linear_resample_M32_S64_k5_r32,3e-05,oct_macro_f1,3,64.72447672062574,0.48633835958649013
branch,linear_resample_M32_S64_k5_r32,3e-05,branch_mean_macro_f1,3,65.68761483911322,1.5334679151995603
branch,linear_resample_M32_S64_k5_r32,3e-05,primary_macro_f1,3,65.68761483911322,1.5334679151995603
branch,linear_resample_M32_S64_k5_r32,3e-05,late_fusion_macro_f1,3,68.00388913638122,3.6353209871830345
branch,linear_resample_M32_S64_k5_r32,6e-05,cfp_macro_f1,3,66.85684080354723,2.0332558432115513
branch,linear_resample_M32_S64_k5_r32,6e-05,oct_macro_f1,3,66.10950169822334,0.500326759457778
branch,linear_resample_M32_S64_k5_r32,6e-05,branch_mean_macro_f1,3,66.48317125088529,1.1594790381909166
branch,linear_resample_M32_S64_k5_r32,6e-05,primary_macro_f1,3,66.48317125088529,1.1594790381909166
branch,linear_resample_M32_S64_k5_r32,6e-05,late_fusion_macro_f1,3,68.8255694226208,1.5170286279697591
branch,radon_M32_S64_k5_r32,3e-05,cfp_macro_f1,3,68.97851733384294,1.6519655933737483
branch,radon_M32_S64_k5_r32,3e-05,oct_macro_f1,3,67.41457377474113,0.7184135783998487
branch,radon_M32_S64_k5_r32,3e-05,branch_mean_macro_f1,3,68.19654555429203,0.7363198630959967
branch,radon_M32_S64_k5_r32,3e-05,primary_macro_f1,3,68.19654555429203,0.7363198630959967
branch,radon_M32_S64_k5_r32,3e-05,late_fusion_macro_f1,3,69.88097873590583,0.5482255267828441
branch,radon_M32_S64_k5_r32,6e-05,cfp_macro_f1,3,70.71055892915139,2.3841511147714542
branch,radon_M32_S64_k5_r32,6e-05,oct_macro_f1,3,69.79956818531548,2.287342312273173
branch,radon_M32_S64_k5_r32,6e-05,branch_mean_macro_f1,3,70.25506355723344,2.276576981161926
branch,radon_M32_S64_k5_r32,6e-05,primary_macro_f1,3,70.25506355723344,2.276576981161926
branch,radon_M32_S64_k5_r32,6e-05,late_fusion_macro_f1,3,70.8895816453837,2.4962481654791437
branch,no_communication,3e-05,cfp_macro_f1,3,65.73532032740854,1.6483696441278808
branch,no_communication,3e-05,oct_macro_f1,3,64.32484562823045,0.7514283177775397
branch,no_communication,3e-05,branch_mean_macro_f1,3,65.0300829778195,0.9979909143948538
branch,no_communication,3e-05,primary_macro_f1,3,65.0300829778195,0.9979909143948538
branch,no_communication,3e-05,late_fusion_macro_f1,3,68.79093709915101,4.333277909838622
branch,no_communication,6e-05,cfp_macro_f1,3,65.53866899595924,1.54949156029879
branch,no_communication,6e-05,oct_macro_f1,3,64.5035206357703,0.5472698919780355
branch,no_communication,6e-05,branch_mean_macro_f1,3,65.02109481586477,0.9977117050067115
branch,no_communication,6e-05,primary_macro_f1,3,65.02109481586477,0.9977117050067115
branch,no_communication,6e-05,late_fusion_macro_f1,3,67.66376891880408,3.4586398222949715
branch,mmtm_hidden128,3e-05,cfp_macro_f1,3,65.53866899595924,1.54949156029879
branch,mmtm_hidden128,3e-05,oct_macro_f1,3,64.5035206357703,0.5472698919780355
branch,mmtm_hidden128,3e-05,branch_mean_macro_f1,3,65.02109481586477,0.9977117050067115
branch,mmtm_hidden128,3e-05,primary_macro_f1,3,65.02109481586477,0.9977117050067115
branch,mmtm_hidden128,3e-05,late_fusion_macro_f1,3,67.66376891880408,3.4586398222949715
branch,mmtm_hidden128,6e-05,cfp_macro_f1,3,65.53866899595924,1.54949156029879
branch,mmtm_hidden128,6e-05,oct_macro_f1,3,64.5035206357703,0.5472698919780355
branch,mmtm_hidden128,6e-05,branch_mean_macro_f1,3,65.02109481586477,0.9977117050067115
branch,mmtm_hidden128,6e-05,primary_macro_f1,3,65.02109481586477,0.9977117050067115
branch,mmtm_hidden128,6e-05,late_fusion_macro_f1,3,67.66376891880408,3.4586398222949715
branch,mmtm_hidden256,3e-05,cfp_macro_f1,3,65.53866899595924,1.54949156029879
branch,mmtm_hidden256,3e-05,oct_macro_f1,3,64.5035206357703,0.5472698919780355
branch,mmtm_hidden256,3e-05,branch_mean_macro_f1,3,65.02109481586477,0.9977117050067115
branch,mmtm_hidden256,3e-05,primary_macro_f1,3,65.02109481586477,0.9977117050067115
branch,mmtm_hidden256,3e-05,late_fusion_macro_f1,3,67.66376891880408,3.4586398222949715
branch,mmtm_hidden256,6e-05,cfp_macro_f1,3,65.53866899595924,1.54949156029879
branch,mmtm_hidden256,6e-05,oct_macro_f1,3,64.5035206357703,0.5472698919780355
branch,mmtm_hidden256,6e-05,branch_mean_macro_f1,3,65.02109481586477,0.9977117050067115
branch,mmtm_hidden256,6e-05,primary_macro_f1,3,65.02109481586477,0.9977117050067115
branch,mmtm_hidden256,6e-05,late_fusion_macro_f1,3,67.66376891880408,3.4586398222949715
branch,mmtm_hidden512,3e-05,cfp_macro_f1,3,65.53866899595924,1.54949156029879
branch,mmtm_hidden512,3e-05,oct_macro_f1,3,64.5035206357703,0.5472698919780355
branch,mmtm_hidden512,3e-05,branch_mean_macro_f1,3,65.02109481586477,0.9977117050067115
branch,mmtm_hidden512,3e-05,primary_macro_f1,3,65.02109481586477,0.9977117050067115
branch,mmtm_hidden512,3e-05,late_fusion_macro_f1,3,67.66376891880408,3.4586398222949715
branch,mmtm_hidden512,6e-05,cfp_macro_f1,3,65.53866899595924,1.54949156029879
branch,mmtm_hidden512,6e-05,oct_macro_f1,3,64.5035206357703,0.5472698919780355
branch,mmtm_hidden512,6e-05,branch_mean_macro_f1,3,65.02109481586477,0.9977117050067115
branch,mmtm_hidden512,6e-05,primary_macro_f1,3,65.02109481586477,0.9977117050067115
branch,mmtm_hidden512,6e-05,late_fusion_macro_f1,3,67.66376891880408,3.4586398222949715
branch,mmtm_hidden1024,3e-05,cfp_macro_f1,3,65.53866899595924,1.54949156029879
branch,mmtm_hidden1024,3e-05,oct_macro_f1,3,64.5035206357703,0.5472698919780355
branch,mmtm_hidden1024,3e-05,branch_mean_macro_f1,3,65.02109481586477,0.9977117050067115
branch,mmtm_hidden1024,3e-05,primary_macro_f1,3,65.02109481586477,0.9977117050067115
branch,mmtm_hidden1024,3e-05,late_fusion_macro_f1,3,67.66376891880408,3.4586398222949715
branch,mmtm_hidden1024,6e-05,cfp_macro_f1,3,65.53866899595924,1.54949156029879
branch,mmtm_hidden1024,6e-05,oct_macro_f1,3,64.5035206357703,0.5472698919780355
branch,mmtm_hidden1024,6e-05,branch_mean_macro_f1,3,65.02109481586477,0.9977117050067115
branch,mmtm_hidden1024,6e-05,primary_macro_f1,3,65.02109481586477,0.9977117050067115
branch,mmtm_hidden1024,6e-05,late_fusion_macro_f1,3,67.66376891880408,3.4586398222949715
branch,attention_d128,3e-05,cfp_macro_f1,3,65.98613152724782,1.8593254460702482
branch,attention_d128,3e-05,oct_macro_f1,3,64.72929085195278,0.4882760343617667
branch,attention_d128,3e-05,branch_mean_macro_f1,3,65.3577111896003,1.1606688408035482
branch,attention_d128,3e-05,primary_macro_f1,3,65.3577111896003,1.1606688408035482
branch,attention_d128,3e-05,late_fusion_macro_f1,3,68.23244959038216,3.8010203018978403
branch,attention_d128,6e-05,cfp_macro_f1,3,65.19239978186368,1.551819274875547
branch,attention_d128,6e-05,oct_macro_f1,3,65.73975091300024,1.9267792989179848
branch,attention_d128,6e-05,branch_mean_macro_f1,3,65.46607534743195,1.2669015174649874
branch,attention_d128,6e-05,primary_macro_f1,3,65.46607534743195,1.2669015174649874
branch,attention_d128,6e-05,late_fusion_macro_f1,3,67.55891397015516,3.422829879539849
branch,attention_d256,3e-05,cfp_macro_f1,3,65.42146464798219,1.5240818083442595
branch,attention_d256,3e-05,oct_macro_f1,3,64.72447672062574,0.48633835958649013
branch,attention_d256,3e-05,branch_mean_macro_f1,3,65.07297068430397,1.0026560672390845
branch,attention_d256,3e-05,primary_macro_f1,3,65.07297068430397,1.0026560672390845
branch,attention_d256,3e-05,late_fusion_macro_f1,3,67.86477134881164,3.5523245702654513
branch,attention_d256,6e-05,cfp_macro_f1,3,65.29873753063663,2.225501474213759
branch,attention_d256,6e-05,oct_macro_f1,3,66.43148978078116,3.05030341808124
branch,attention_d256,6e-05,branch_mean_macro_f1,3,65.8651136557089,1.6205393694257286
branch,attention_d256,6e-05,primary_macro_f1,3,65.8651136557089,1.6205393694257286
branch,attention_d256,6e-05,late_fusion_macro_f1,3,66.87282936914295,2.6667998330300935
branch,attention_d512,3e-05,cfp_macro_f1,3,65.63854376515935,1.5913885458770998
branch,attention_d512,3e-05,oct_macro_f1,3,64.56775747742302,0.5009924107012803
branch,attention_d512,3e-05,branch_mean_macro_f1,3,65.10315062129119,1.0092088728059634
branch,attention_d512,3e-05,primary_macro_f1,3,65.10315062129119,1.0092088728059634
branch,attention_d512,3e-05,late_fusion_macro_f1,3,68.457767395056,3.9961570340051376
branch,attention_d512,6e-05,cfp_macro_f1,3,66.54642126225342,1.7914343040444327
branch,attention_d512,6e-05,oct_macro_f1,3,67.88686975641527,2.4286557031246594
branch,attention_d512,6e-05,branch_mean_macro_f1,3,67.21664550933434,1.7809559335601208
branch,attention_d512,6e-05,primary_macro_f1,3,67.21664550933434,1.7809559335601208
branch,attention_d512,6e-05,late_fusion_macro_f1,3,69.70382511921709,1.8617645533414353
branch,attention_d1024,3e-05,cfp_macro_f1,3,67.87650483260497,2.1214824158907906
branch,attention_d1024,3e-05,oct_macro_f1,3,63.86107002294201,0.8880678562167967
branch,attention_d1024,3e-05,branch_mean_macro_f1,3,65.86878742777348,1.1260407629010984
branch,attention_d1024,3e-05,primary_macro_f1,3,65.86878742777348,1.1260407629010984
branch,attention_d1024,3e-05,late_fusion_macro_f1,3,67.66894633723403,1.7757137713428286
branch,attention_d1024,6e-05,cfp_macro_f1,3,66.02870991418096,1.9331176550161628
branch,attention_d1024,6e-05,oct_macro_f1,3,66.96964533243262,3.276339163899682
branch,attention_d1024,6e-05,branch_mean_macro_f1,3,66.49917762330678,2.3316875532989085
branch,attention_d1024,6e-05,primary_macro_f1,3,66.49917762330678,2.3316875532989085
branch,attention_d1024,6e-05,late_fusion_macro_f1,3,66.04144552007459,2.032694789836238
branch,mmtm_hidden256_plus_continue,3e-05,cfp_macro_f1,3,65.53866899595924,1.54949156029879
branch,mmtm_hidden256_plus_continue,3e-05,oct_macro_f1,3,64.5035206357703,0.5472698919780355
branch,mmtm_hidden256_plus_continue,3e-05,branch_mean_macro_f1,3,65.02109481586477,0.9977117050067115
branch,mmtm_hidden256_plus_continue,3e-05,primary_macro_f1,3,65.02109481586477,0.9977117050067115
branch,mmtm_hidden256_plus_continue,3e-05,late_fusion_macro_f1,3,67.66376891880408,3.4586398222949715
branch,mmtm_hidden256_plus_continue,6e-05,cfp_macro_f1,3,65.53866899595924,1.54949156029879
branch,mmtm_hidden256_plus_continue,6e-05,oct_macro_f1,3,64.5035206357703,0.5472698919780355
branch,mmtm_hidden256_plus_continue,6e-05,branch_mean_macro_f1,3,65.02109481586477,0.9977117050067115
branch,mmtm_hidden256_plus_continue,6e-05,primary_macro_f1,3,65.02109481586477,0.9977117050067115
branch,mmtm_hidden256_plus_continue,6e-05,late_fusion_macro_f1,3,67.66376891880408,3.4586398222949715
branch,mmtm_hidden256_plus_radon,3e-05,cfp_macro_f1,3,69.4697771301294,1.6105266231259092
branch,mmtm_hidden256_plus_radon,3e-05,oct_macro_f1,3,63.452665177888456,1.1380020169951268
branch,mmtm_hidden256_plus_radon,3e-05,branch_mean_macro_f1,3,66.46122115400892,0.9907194937656272
branch,mmtm_hidden256_plus_radon,3e-05,primary_macro_f1,3,66.46122115400892,0.9907194937656272
branch,mmtm_hidden256_plus_radon,3e-05,late_fusion_macro_f1,3,66.64294538704421,2.5601219946474005
branch,mmtm_hidden256_plus_radon,6e-05,cfp_macro_f1,3,68.38680356728167,2.417977236486169
branch,mmtm_hidden256_plus_radon,6e-05,oct_macro_f1,3,67.24592590409024,3.2430902711432523
branch,mmtm_hidden256_plus_radon,6e-05,branch_mean_macro_f1,3,67.81636473568595,2.5554741416278146
branch,mmtm_hidden256_plus_radon,6e-05,primary_macro_f1,3,67.81636473568595,2.5554741416278146
branch,mmtm_hidden256_plus_radon,6e-05,late_fusion_macro_f1,3,70.21142520130985,2.6805579938233506
branch,mmtm_hidden256_plus_linear_resample,3e-05,cfp_macro_f1,3,65.53866899595924,1.54949156029879
branch,mmtm_hidden256_plus_linear_resample,3e-05,oct_macro_f1,3,64.5035206357703,0.5472698919780355
branch,mmtm_hidden256_plus_linear_resample,3e-05,branch_mean_macro_f1,3,65.02109481586477,0.9977117050067115
branch,mmtm_hidden256_plus_linear_resample,3e-05,primary_macro_f1,3,65.02109481586477,0.9977117050067115
branch,mmtm_hidden256_plus_linear_resample,3e-05,late_fusion_macro_f1,3,67.66376891880408,3.4586398222949715
branch,mmtm_hidden256_plus_linear_resample,6e-05,cfp_macro_f1,3,65.58885747876934,1.5683018219438816
branch,mmtm_hidden256_plus_linear_resample,6e-05,oct_macro_f1,3,64.59382655991365,0.4882303718030275
branch,mmtm_hidden256_plus_linear_resample,6e-05,branch_mean_macro_f1,3,65.09134201934148,1.0063267032184007
branch,mmtm_hidden256_plus_linear_resample,6e-05,primary_macro_f1,3,65.09134201934148,1.0063267032184007
branch,mmtm_hidden256_plus_linear_resample,6e-05,late_fusion_macro_f1,3,67.31782498432374,3.3762965673493546
branch,attention_d256_plus_continue,3e-05,cfp_macro_f1,3,65.76084201881277,1.6658841068015902
branch,attention_d256_plus_continue,3e-05,oct_macro_f1,3,65.72800944024792,1.907073884752745
branch,attention_d256_plus_continue,3e-05,branch_mean_macro_f1,3,65.74442572953035,1.6094688426943697
branch,attention_d256_plus_continue,3e-05,primary_macro_f1,3,65.74442572953035,1.6094688426943697
branch,attention_d256_plus_continue,3e-05,late_fusion_macro_f1,3,68.00388913638122,3.6353209871830345
branch,attention_d256_plus_continue,6e-05,cfp_macro_f1,3,66.32704596936851,4.003693737905686
branch,attention_d256_plus_continue,6e-05,oct_macro_f1,3,67.21941687949149,2.8742504355384106
branch,attention_d256_plus_continue,6e-05,branch_mean_macro_f1,3,66.77323142443001,2.629847454945875
branch,attention_d256_plus_continue,6e-05,primary_macro_f1,3,66.77323142443001,2.629847454945875
branch,attention_d256_plus_continue,6e-05,late_fusion_macro_f1,3,67.5543770591624,3.252671571209819
branch,attention_d256_plus_radon,3e-05,cfp_macro_f1,3,70.01369829653724,1.6244351565857431
branch,attention_d256_plus_radon,3e-05,oct_macro_f1,3,64.74848453861368,3.9145509147907775
branch,attention_d256_plus_radon,3e-05,branch_mean_macro_f1,3,67.38109141757546,1.986162079289959
branch,attention_d256_plus_radon,3e-05,primary_macro_f1,3,67.38109141757546,1.986162079289959
branch,attention_d256_plus_radon,3e-05,late_fusion_macro_f1,3,68.08558742642391,2.488156728001473
branch,attention_d256_plus_radon,6e-05,cfp_macro_f1,3,69.09447700536107,3.2720673424281386
branch,attention_d256_plus_radon,6e-05,oct_macro_f1,3,67.75466026858373,1.6415487401041773
branch,attention_d256_plus_radon,6e-05,branch_mean_macro_f1,3,68.42456863697241,2.4062706092074433
branch,attention_d256_plus_radon,6e-05,primary_macro_f1,3,68.42456863697241,2.4062706092074433
branch,attention_d256_plus_radon,6e-05,late_fusion_macro_f1,3,68.8761241552857,3.478006186281228
branch,attention_d256_plus_linear_resample,3e-05,cfp_macro_f1,3,67.20251745443942,2.9275797117138733
branch,attention_d256_plus_linear_resample,3e-05,oct_macro_f1,3,65.28877765130656,1.9414954046525956
branch,attention_d256_plus_linear_resample,3e-05,branch_mean_macro_f1,3,66.24564755287297,2.185067303119345
branch,attention_d256_plus_linear_resample,3e-05,primary_macro_f1,3,66.24564755287297,2.185067303119345
branch,attention_d256_plus_linear_resample,3e-05,late_fusion_macro_f1,3,67.36892109912885,3.6663994907801705
branch,attention_d256_plus_linear_resample,6e-05,cfp_macro_f1,3,67.87194901659974,2.3305081091830755
branch,attention_d256_plus_linear_resample,6e-05,oct_macro_f1,3,67.71007826928452,3.7273153193614545
branch,attention_d256_plus_linear_resample,6e-05,branch_mean_macro_f1,3,67.79101364294213,2.7375117674021903
branch,attention_d256_plus_linear_resample,6e-05,primary_macro_f1,3,67.79101364294213,2.7375117674021903
branch,attention_d256_plus_linear_resample,6e-05,late_fusion_macro_f1,3,69.09396054274056,0.4797851812976771
