method,split,branch,field,value,n,mean_error_rate
linear_resample_M32_S64_k3_r16,validation,cfp,sex,0,138,0.28019323671497587
linear_resample_M32_S64_k3_r16,validation,cfp,sex,1,158,0.39767932489451474
linear_resample_M32_S64_k3_r16,validation,cfp,label,0,148,0.3344594594594595
linear_resample_M32_S64_k3_r16,validation,cfp,label,1,148,0.35135135135135137
linear_resample_M32_S64_k3_r16,validation,cfp,age_band,60plus,212,0.36556603773584906
linear_resample_M32_S64_k3_r16,validation,cfp,age_band,under60,84,0.2857142857142857
linear_resample_M32_S64_k3_r16,validation,cfp,centre,11014,48,0.3298611111111111
linear_resample_M32_S64_k3_r16,validation,cfp,centre,11016,22,0.26515151515151514
linear_resample_M32_S64_k3_r16,validation,cfp,centre,11018,42,0.40476190476190477
linear_resample_M32_S64_k3_r16,validation,cfp,centre,11020,44,0.3522727272727273
linear_resample_M32_S64_k3_r16,validation,cfp,centre,11021,64,0.3255208333333333
linear_resample_M32_S64_k3_r16,validation,cfp,centre,11024,74,0.34459459459459457
linear_resample_M32_S64_k3_r16,validation,oct,sex,0,138,0.3442028985507246
linear_resample_M32_S64_k3_r16,validation,oct,sex,1,158,0.3639240506329114
linear_resample_M32_S64_k3_r16,validation,oct,label,0,148,0.33783783783783783
linear_resample_M32_S64_k3_r16,validation,oct,label,1,148,0.3716216216216216
linear_resample_M32_S64_k3_r16,validation,oct,age_band,60plus,212,0.3671383647798742
linear_resample_M32_S64_k3_r16,validation,oct,age_band,under60,84,0.32341269841269843
linear_resample_M32_S64_k3_r16,validation,oct,centre,11014,48,0.3402777777777778
linear_resample_M32_S64_k3_r16,validation,oct,centre,11016,22,0.5227272727272727
linear_resample_M32_S64_k3_r16,validation,oct,centre,11018,42,0.36904761904761907
linear_resample_M32_S64_k3_r16,validation,oct,centre,11020,44,0.2840909090909091
linear_resample_M32_S64_k3_r16,validation,oct,centre,11021,64,0.3567708333333333
linear_resample_M32_S64_k3_r16,validation,oct,centre,11024,74,0.34234234234234234
linear_resample_M32_S64_k3_r16,test,cfp,sex,0,118,0.442090395480226
linear_resample_M32_S64_k3_r16,test,cfp,sex,1,172,0.37887596899224807
linear_resample_M32_S64_k3_r16,test,cfp,label,0,145,0.40804597701149425
linear_resample_M32_S64_k3_r16,test,cfp,label,1,145,0.4011494252873563
linear_resample_M32_S64_k3_r16,test,cfp,age_band,60plus,186,0.41487455197132617
linear_resample_M32_S64_k3_r16,test,cfp,age_band,under60,104,0.38621794871794873
linear_resample_M32_S64_k3_r16,test,cfp,centre,11014,48,0.4027777777777778
linear_resample_M32_S64_k3_r16,test,cfp,centre,11018,28,0.43452380952380953
linear_resample_M32_S64_k3_r16,test,cfp,centre,11020,46,0.42028985507246375
linear_resample_M32_S64_k3_r16,test,cfp,centre,11021,60,0.39166666666666666
linear_resample_M32_S64_k3_r16,test,cfp,centre,11024,90,0.3962962962962963
linear_resample_M32_S64_k3_r16,test,oct,sex,0,118,0.4350282485875706
linear_resample_M32_S64_k3_r16,test,oct,sex,1,172,0.42151162790697677
linear_resample_M32_S64_k3_r16,test,oct,label,0,145,0.4045977011494253
linear_resample_M32_S64_k3_r16,test,oct,label,1,145,0.4494252873563218
linear_resample_M32_S64_k3_r16,test,oct,age_band,60plus,186,0.39695340501792115
linear_resample_M32_S64_k3_r16,test,oct,age_band,under60,104,0.4807692307692308
linear_resample_M32_S64_k3_r16,test,oct,centre,11014,48,0.3715277777777778
linear_resample_M32_S64_k3_r16,test,oct,centre,11018,28,0.47023809523809523
linear_resample_M32_S64_k3_r16,test,oct,centre,11020,46,0.39492753623188404
linear_resample_M32_S64_k3_r16,test,oct,centre,11021,60,0.4388888888888889
linear_resample_M32_S64_k3_r16,test,oct,centre,11024,90,0.4740740740740741
radon_M32_S64_k3_r16,validation,cfp,sex,0,138,0.2741545893719807
radon_M32_S64_k3_r16,validation,cfp,sex,1,158,0.35864978902953587
radon_M32_S64_k3_r16,validation,cfp,label,0,148,0.3141891891891892
radon_M32_S64_k3_r16,validation,cfp,label,1,148,0.32432432432432434
radon_M32_S64_k3_r16,validation,cfp,age_band,60plus,212,0.33490566037735847
radon_M32_S64_k3_r16,validation,cfp,age_band,under60,84,0.27976190476190477
radon_M32_S64_k3_r16,validation,cfp,centre,11014,48,0.3229166666666667
radon_M32_S64_k3_r16,validation,cfp,centre,11016,22,0.3333333333333333
radon_M32_S64_k3_r16,validation,cfp,centre,11018,42,0.34523809523809523
radon_M32_S64_k3_r16,validation,cfp,centre,11020,44,0.32954545454545453
radon_M32_S64_k3_r16,validation,cfp,centre,11021,64,0.2786458333333333
radon_M32_S64_k3_r16,validation,cfp,centre,11024,74,0.32657657657657657
radon_M32_S64_k3_r16,validation,oct,sex,0,138,0.3055555555555556
radon_M32_S64_k3_r16,validation,oct,sex,1,158,0.3438818565400844
radon_M32_S64_k3_r16,validation,oct,label,0,148,0.30855855855855857
radon_M32_S64_k3_r16,validation,oct,label,1,148,0.34346846846846846
radon_M32_S64_k3_r16,validation,oct,age_band,60plus,212,0.3309748427672956
radon_M32_S64_k3_r16,validation,oct,age_band,under60,84,0.3134920634920635
radon_M32_S64_k3_r16,validation,oct,centre,11014,48,0.3333333333333333
radon_M32_S64_k3_r16,validation,oct,centre,11016,22,0.48484848484848486
radon_M32_S64_k3_r16,validation,oct,centre,11018,42,0.3253968253968254
radon_M32_S64_k3_r16,validation,oct,centre,11020,44,0.24621212121212122
radon_M32_S64_k3_r16,validation,oct,centre,11021,64,0.3125
radon_M32_S64_k3_r16,validation,oct,centre,11024,74,0.32657657657657657
radon_M32_S64_k3_r16,test,cfp,sex,0,118,0.4194915254237288
radon_M32_S64_k3_r16,test,cfp,sex,1,172,0.374031007751938
radon_M32_S64_k3_r16,test,cfp,label,0,145,0.4057471264367816
radon_M32_S64_k3_r16,test,cfp,label,1,145,0.3793103448275862
radon_M32_S64_k3_r16,test,cfp,age_band,60plus,186,0.38530465949820786
radon_M32_S64_k3_r16,test,cfp,age_band,under60,104,0.40544871794871795
radon_M32_S64_k3_r16,test,cfp,centre,11014,48,0.3298611111111111
radon_M32_S64_k3_r16,test,cfp,centre,11018,28,0.4166666666666667
radon_M32_S64_k3_r16,test,cfp,centre,11020,46,0.39492753623188404
radon_M32_S64_k3_r16,test,cfp,centre,11021,60,0.3861111111111111
radon_M32_S64_k3_r16,test,cfp,centre,11024,90,0.42962962962962964
radon_M32_S64_k3_r16,test,oct,sex,0,118,0.3997175141242938
radon_M32_S64_k3_r16,test,oct,sex,1,172,0.38372093023255816
radon_M32_S64_k3_r16,test,oct,label,0,145,0.3471264367816092
radon_M32_S64_k3_r16,test,oct,label,1,145,0.43333333333333335
radon_M32_S64_k3_r16,test,oct,age_band,60plus,186,0.36917562724014336
radon_M32_S64_k3_r16,test,oct,age_band,under60,104,0.42788461538461536
radon_M32_S64_k3_r16,test,oct,centre,11014,48,0.3368055555555556
radon_M32_S64_k3_r16,test,oct,centre,11018,28,0.4166666666666667
radon_M32_S64_k3_r16,test,oct,centre,11020,46,0.37318840579710144
radon_M32_S64_k3_r16,test,oct,centre,11021,60,0.4
radon_M32_S64_k3_r16,test,oct,centre,11024,90,0.42962962962962964
linear_resample_M32_S64_k3_r32,validation,cfp,sex,0,138,0.2886473429951691
linear_resample_M32_S64_k3_r32,validation,cfp,sex,1,158,0.37236286919831224
linear_resample_M32_S64_k3_r32,validation,cfp,label,0,148,0.32882882882882886
linear_resample_M32_S64_k3_r32,validation,cfp,label,1,148,0.33783783783783783
linear_resample_M32_S64_k3_r32,validation,cfp,age_band,60plus,212,0.3553459119496855
linear_resample_M32_S64_k3_r32,validation,cfp,age_band,under60,84,0.2777777777777778
linear_resample_M32_S64_k3_r32,validation,cfp,centre,11014,48,0.3333333333333333
linear_resample_M32_S64_k3_r32,validation,cfp,centre,11016,22,0.29545454545454547
linear_resample_M32_S64_k3_r32,validation,cfp,centre,11018,42,0.4166666666666667
linear_resample_M32_S64_k3_r32,validation,cfp,centre,11020,44,0.3409090909090909
linear_resample_M32_S64_k3_r32,validation,cfp,centre,11021,64,0.2864583333333333
linear_resample_M32_S64_k3_r32,validation,cfp,centre,11024,74,0.32882882882882886
linear_resample_M32_S64_k3_r32,validation,oct,sex,0,138,0.33695652173913043
linear_resample_M32_S64_k3_r32,validation,oct,sex,1,158,0.370253164556962
linear_resample_M32_S64_k3_r32,validation,oct,label,0,148,0.32995495495495497
linear_resample_M32_S64_k3_r32,validation,oct,label,1,148,0.3795045045045045
linear_resample_M32_S64_k3_r32,validation,oct,age_band,60plus,212,0.36556603773584906
linear_resample_M32_S64_k3_r32,validation,oct,age_band,under60,84,0.3273809523809524
linear_resample_M32_S64_k3_r32,validation,oct,centre,11014,48,0.3541666666666667
linear_resample_M32_S64_k3_r32,validation,oct,centre,11016,22,0.49242424242424243
linear_resample_M32_S64_k3_r32,validation,oct,centre,11018,42,0.36904761904761907
linear_resample_M32_S64_k3_r32,validation,oct,centre,11020,44,0.2689393939393939
linear_resample_M32_S64_k3_r32,validation,oct,centre,11021,64,0.3619791666666667
linear_resample_M32_S64_k3_r32,validation,oct,centre,11024,74,0.3400900900900901
linear_resample_M32_S64_k3_r32,test,cfp,sex,0,118,0.4378531073446328
linear_resample_M32_S64_k3_r32,test,cfp,sex,1,172,0.3866279069767442
linear_resample_M32_S64_k3_r32,test,cfp,label,0,145,0.41954022988505746
linear_resample_M32_S64_k3_r32,test,cfp,label,1,145,0.3954022988505747
linear_resample_M32_S64_k3_r32,test,cfp,age_band,60plus,186,0.4112903225806452
linear_resample_M32_S64_k3_r32,test,cfp,age_band,under60,104,0.40064102564102566
linear_resample_M32_S64_k3_r32,test,cfp,centre,11014,48,0.3888888888888889
linear_resample_M32_S64_k3_r32,test,cfp,centre,11018,28,0.39880952380952384
linear_resample_M32_S64_k3_r32,test,cfp,centre,11020,46,0.4420289855072464
linear_resample_M32_S64_k3_r32,test,cfp,centre,11021,60,0.4
linear_resample_M32_S64_k3_r32,test,cfp,centre,11024,90,0.412962962962963
linear_resample_M32_S64_k3_r32,test,oct,sex,0,118,0.4364406779661017
linear_resample_M32_S64_k3_r32,test,oct,sex,1,172,0.40406976744186046
linear_resample_M32_S64_k3_r32,test,oct,label,0,145,0.3954022988505747
linear_resample_M32_S64_k3_r32,test,oct,label,1,145,0.43908045977011495
linear_resample_M32_S64_k3_r32,test,oct,age_band,60plus,186,0.3870967741935484
linear_resample_M32_S64_k3_r32,test,oct,age_band,under60,104,0.47115384615384615
linear_resample_M32_S64_k3_r32,test,oct,centre,11014,48,0.3680555555555556
linear_resample_M32_S64_k3_r32,test,oct,centre,11018,28,0.4583333333333333
linear_resample_M32_S64_k3_r32,test,oct,centre,11020,46,0.3804347826086957
linear_resample_M32_S64_k3_r32,test,oct,centre,11021,60,0.44722222222222224
linear_resample_M32_S64_k3_r32,test,oct,centre,11024,90,0.44814814814814813
radon_M32_S64_k3_r32,validation,cfp,sex,0,138,0.26811594202898553
radon_M32_S64_k3_r32,validation,cfp,sex,1,158,0.33544303797468356
radon_M32_S64_k3_r32,validation,cfp,label,0,148,0.2725225225225225
radon_M32_S64_k3_r32,validation,cfp,label,1,148,0.3355855855855856
radon_M32_S64_k3_r32,validation,cfp,age_band,60plus,212,0.3136792452830189
radon_M32_S64_k3_r32,validation,cfp,age_band,under60,84,0.27976190476190477
radon_M32_S64_k3_r32,validation,cfp,centre,11014,48,0.3263888888888889
radon_M32_S64_k3_r32,validation,cfp,centre,11016,22,0.36363636363636365
radon_M32_S64_k3_r32,validation,cfp,centre,11018,42,0.32142857142857145
radon_M32_S64_k3_r32,validation,cfp,centre,11020,44,0.2765151515151515
radon_M32_S64_k3_r32,validation,cfp,centre,11021,64,0.2630208333333333
radon_M32_S64_k3_r32,validation,cfp,centre,11024,74,0.3130630630630631
radon_M32_S64_k3_r32,validation,oct,sex,0,138,0.3007246376811594
radon_M32_S64_k3_r32,validation,oct,sex,1,158,0.35548523206751054
radon_M32_S64_k3_r32,validation,oct,label,0,148,0.29504504504504503
radon_M32_S64_k3_r32,validation,oct,label,1,148,0.36486486486486486
radon_M32_S64_k3_r32,validation,oct,age_band,60plus,212,0.33254716981132076
radon_M32_S64_k3_r32,validation,oct,age_band,under60,84,0.32341269841269843
radon_M32_S64_k3_r32,validation,oct,centre,11014,48,0.3506944444444444
radon_M32_S64_k3_r32,validation,oct,centre,11016,22,0.4090909090909091
radon_M32_S64_k3_r32,validation,oct,centre,11018,42,0.3373015873015873
radon_M32_S64_k3_r32,validation,oct,centre,11020,44,0.2878787878787879
radon_M32_S64_k3_r32,validation,oct,centre,11021,64,0.3072916666666667
radon_M32_S64_k3_r32,validation,oct,centre,11024,74,0.32657657657657657
radon_M32_S64_k3_r32,test,cfp,sex,0,118,0.384180790960452
radon_M32_S64_k3_r32,test,cfp,sex,1,172,0.3624031007751938
radon_M32_S64_k3_r32,test,cfp,label,0,145,0.34022988505747126
radon_M32_S64_k3_r32,test,cfp,label,1,145,0.40229885057471265
radon_M32_S64_k3_r32,test,cfp,age_band,60plus,186,0.35304659498207885
radon_M32_S64_k3_r32,test,cfp,age_band,under60,104,0.40384615384615385
radon_M32_S64_k3_r32,test,cfp,centre,11014,48,0.2777777777777778
radon_M32_S64_k3_r32,test,cfp,centre,11018,28,0.4107142857142857
radon_M32_S64_k3_r32,test,cfp,centre,11020,46,0.3695652173913043
radon_M32_S64_k3_r32,test,cfp,centre,11021,60,0.35833333333333334
radon_M32_S64_k3_r32,test,cfp,centre,11024,90,0.43333333333333335
radon_M32_S64_k3_r32,test,oct,sex,0,118,0.4067796610169492
radon_M32_S64_k3_r32,test,oct,sex,1,172,0.3817829457364341
radon_M32_S64_k3_r32,test,oct,label,0,145,0.3390804597701149
radon_M32_S64_k3_r32,test,oct,label,1,145,0.44482758620689655
radon_M32_S64_k3_r32,test,oct,age_band,60plus,186,0.37544802867383514
radon_M32_S64_k3_r32,test,oct,age_band,under60,104,0.421474358974359
radon_M32_S64_k3_r32,test,oct,centre,11014,48,0.3125
radon_M32_S64_k3_r32,test,oct,centre,11018,28,0.40476190476190477
radon_M32_S64_k3_r32,test,oct,centre,11020,46,0.35144927536231885
radon_M32_S64_k3_r32,test,oct,centre,11021,60,0.4166666666666667
radon_M32_S64_k3_r32,test,oct,centre,11024,90,0.45
no_communication,validation,cfp,sex,0,138,0.28381642512077293
no_communication,validation,cfp,sex,1,158,0.39556962025316456
no_communication,validation,cfp,label,0,148,0.3502252252252252
no_communication,validation,cfp,label,1,148,0.3367117117117117
no_communication,validation,cfp,age_band,60plus,212,0.3671383647798742
no_communication,validation,cfp,age_band,under60,84,0.2837301587301587
no_communication,validation,cfp,centre,11014,48,0.3263888888888889
no_communication,validation,cfp,centre,11016,22,0.2803030303030303
no_communication,validation,cfp,centre,11018,42,0.40476190476190477
no_communication,validation,cfp,centre,11020,44,0.3484848484848485
no_communication,validation,cfp,centre,11021,64,0.3255208333333333
no_communication,validation,cfp,centre,11024,74,0.34684684684684686
no_communication,validation,oct,sex,0,138,0.3393719806763285
no_communication,validation,oct,sex,1,158,0.3681434599156118
no_communication,validation,oct,label,0,148,0.32094594594594594
no_communication,validation,oct,label,1,148,0.3885135135135135
no_communication,validation,oct,age_band,60plus,212,0.3632075471698113
no_communication,validation,oct,age_band,under60,84,0.3333333333333333
no_communication,validation,oct,centre,11014,48,0.3611111111111111
no_communication,validation,oct,centre,11016,22,0.5075757575757576
no_communication,validation,oct,centre,11018,42,0.3611111111111111
no_communication,validation,oct,centre,11020,44,0.2840909090909091
no_communication,validation,oct,centre,11021,64,0.359375
no_communication,validation,oct,centre,11024,74,0.3355855855855856
no_communication,test,cfp,sex,0,118,0.4435028248587571
no_communication,test,cfp,sex,1,172,0.3846899224806202
no_communication,test,cfp,label,0,145,0.42528735632183906
no_communication,test,cfp,label,1,145,0.39195402298850573
no_communication,test,cfp,age_band,60plus,186,0.4175627240143369
no_communication,test,cfp,age_band,under60,104,0.3926282051282051
no_communication,test,cfp,centre,11014,48,0.4097222222222222
no_communication,test,cfp,centre,11018,28,0.44642857142857145
no_communication,test,cfp,centre,11020,46,0.43478260869565216
no_communication,test,cfp,centre,11021,60,0.3888888888888889
no_communication,test,cfp,centre,11024,90,0.39814814814814814
no_communication,test,oct,sex,0,118,0.4406779661016949
no_communication,test,oct,sex,1,172,0.4176356589147287
no_communication,test,oct,label,0,145,0.39195402298850573
no_communication,test,oct,label,1,145,0.46206896551724136
no_communication,test,oct,age_band,60plus,186,0.3978494623655914
no_communication,test,oct,age_band,under60,104,0.4791666666666667
no_communication,test,oct,centre,11014,48,0.3715277777777778
no_communication,test,oct,centre,11018,28,0.4642857142857143
no_communication,test,oct,centre,11020,46,0.38768115942028986
no_communication,test,oct,centre,11021,60,0.44722222222222224
no_communication,test,oct,centre,11024,90,0.4759259259259259
mmtm_hidden128,validation,cfp,sex,0,138,0.2826086956521739
mmtm_hidden128,validation,cfp,sex,1,158,0.3987341772151899
mmtm_hidden128,validation,cfp,label,0,148,0.34234234234234234
mmtm_hidden128,validation,cfp,label,1,148,0.34684684684684686
mmtm_hidden128,validation,cfp,age_band,60plus,212,0.36477987421383645
mmtm_hidden128,validation,cfp,age_band,under60,84,0.29365079365079366
mmtm_hidden128,validation,cfp,centre,11014,48,0.3263888888888889
mmtm_hidden128,validation,cfp,centre,11016,22,0.2727272727272727
mmtm_hidden128,validation,cfp,centre,11018,42,0.3888888888888889
mmtm_hidden128,validation,cfp,centre,11020,44,0.3560606060606061
mmtm_hidden128,validation,cfp,centre,11021,64,0.3385416666666667
mmtm_hidden128,validation,cfp,centre,11024,74,0.34684684684684686
mmtm_hidden128,validation,oct,sex,0,138,0.33816425120772947
mmtm_hidden128,validation,oct,sex,1,158,0.3691983122362869
mmtm_hidden128,validation,oct,label,0,148,0.3400900900900901
mmtm_hidden128,validation,oct,label,1,148,0.36936936936936937
mmtm_hidden128,validation,oct,age_band,60plus,212,0.36477987421383645
mmtm_hidden128,validation,oct,age_band,under60,84,0.32936507936507936
mmtm_hidden128,validation,oct,centre,11014,48,0.3402777777777778
mmtm_hidden128,validation,oct,centre,11016,22,0.5151515151515151
mmtm_hidden128,validation,oct,centre,11018,42,0.38095238095238093
mmtm_hidden128,validation,oct,centre,11020,44,0.2803030303030303
mmtm_hidden128,validation,oct,centre,11021,64,0.359375
mmtm_hidden128,validation,oct,centre,11024,74,0.33783783783783783
mmtm_hidden128,test,cfp,sex,0,118,0.4406779661016949
mmtm_hidden128,test,cfp,sex,1,172,0.38953488372093026
mmtm_hidden128,test,cfp,label,0,145,0.4114942528735632
mmtm_hidden128,test,cfp,label,1,145,0.4091954022988506
mmtm_hidden128,test,cfp,age_band,60plus,186,0.41935483870967744
mmtm_hidden128,test,cfp,age_band,under60,104,0.3942307692307692
mmtm_hidden128,test,cfp,centre,11014,48,0.4097222222222222
mmtm_hidden128,test,cfp,centre,11018,28,0.42857142857142855
mmtm_hidden128,test,cfp,centre,11020,46,0.427536231884058
mmtm_hidden128,test,cfp,centre,11021,60,0.40555555555555556
mmtm_hidden128,test,cfp,centre,11024,90,0.3962962962962963
mmtm_hidden128,test,oct,sex,0,118,0.4350282485875706
mmtm_hidden128,test,oct,sex,1,172,0.4166666666666667
mmtm_hidden128,test,oct,label,0,145,0.40229885057471265
mmtm_hidden128,test,oct,label,1,145,0.4459770114942529
mmtm_hidden128,test,oct,age_band,60plus,186,0.3924731182795699
mmtm_hidden128,test,oct,age_band,under60,104,0.4807692307692308
mmtm_hidden128,test,oct,centre,11014,48,0.375
mmtm_hidden128,test,oct,centre,11018,28,0.47619047619047616
mmtm_hidden128,test,oct,centre,11020,46,0.38405797101449274
mmtm_hidden128,test,oct,centre,11021,60,0.43333333333333335
mmtm_hidden128,test,oct,centre,11024,90,0.4703703703703704
mmtm_hidden256,validation,cfp,sex,0,138,0.2826086956521739
mmtm_hidden256,validation,cfp,sex,1,158,0.3987341772151899
mmtm_hidden256,validation,cfp,label,0,148,0.34234234234234234
mmtm_hidden256,validation,cfp,label,1,148,0.34684684684684686
mmtm_hidden256,validation,cfp,age_band,60plus,212,0.36477987421383645
mmtm_hidden256,validation,cfp,age_band,under60,84,0.29365079365079366
mmtm_hidden256,validation,cfp,centre,11014,48,0.3263888888888889
mmtm_hidden256,validation,cfp,centre,11016,22,0.2727272727272727
mmtm_hidden256,validation,cfp,centre,11018,42,0.3888888888888889
mmtm_hidden256,validation,cfp,centre,11020,44,0.3560606060606061
mmtm_hidden256,validation,cfp,centre,11021,64,0.3385416666666667
mmtm_hidden256,validation,cfp,centre,11024,74,0.34684684684684686
mmtm_hidden256,validation,oct,sex,0,138,0.33816425120772947
mmtm_hidden256,validation,oct,sex,1,158,0.3691983122362869
mmtm_hidden256,validation,oct,label,0,148,0.3400900900900901
mmtm_hidden256,validation,oct,label,1,148,0.36936936936936937
mmtm_hidden256,validation,oct,age_band,60plus,212,0.36477987421383645
mmtm_hidden256,validation,oct,age_band,under60,84,0.32936507936507936
mmtm_hidden256,validation,oct,centre,11014,48,0.3402777777777778
mmtm_hidden256,validation,oct,centre,11016,22,0.5151515151515151
mmtm_hidden256,validation,oct,centre,11018,42,0.38095238095238093
mmtm_hidden256,validation,oct,centre,11020,44,0.2803030303030303
mmtm_hidden256,validation,oct,centre,11021,64,0.359375
mmtm_hidden256,validation,oct,centre,11024,74,0.33783783783783783
mmtm_hidden256,test,cfp,sex,0,118,0.4406779661016949
mmtm_hidden256,test,cfp,sex,1,172,0.38953488372093026
mmtm_hidden256,test,cfp,label,0,145,0.4114942528735632
mmtm_hidden256,test,cfp,label,1,145,0.4091954022988506
mmtm_hidden256,test,cfp,age_band,60plus,186,0.41935483870967744
mmtm_hidden256,test,cfp,age_band,under60,104,0.3942307692307692
mmtm_hidden256,test,cfp,centre,11014,48,0.4097222222222222
mmtm_hidden256,test,cfp,centre,11018,28,0.42857142857142855
mmtm_hidden256,test,cfp,centre,11020,46,0.427536231884058
mmtm_hidden256,test,cfp,centre,11021,60,0.40555555555555556
mmtm_hidden256,test,cfp,centre,11024,90,0.3962962962962963
mmtm_hidden256,test,oct,sex,0,118,0.4350282485875706
mmtm_hidden256,test,oct,sex,1,172,0.4166666666666667
mmtm_hidden256,test,oct,label,0,145,0.40229885057471265
mmtm_hidden256,test,oct,label,1,145,0.4459770114942529
mmtm_hidden256,test,oct,age_band,60plus,186,0.3924731182795699
mmtm_hidden256,test,oct,age_band,under60,104,0.4807692307692308
mmtm_hidden256,test,oct,centre,11014,48,0.375
mmtm_hidden256,test,oct,centre,11018,28,0.47619047619047616
mmtm_hidden256,test,oct,centre,11020,46,0.38405797101449274
mmtm_hidden256,test,oct,centre,11021,60,0.43333333333333335
mmtm_hidden256,test,oct,centre,11024,90,0.4703703703703704
mmtm_hidden512,validation,cfp,sex,0,138,0.2826086956521739
mmtm_hidden512,validation,cfp,sex,1,158,0.3987341772151899
mmtm_hidden512,validation,cfp,label,0,148,0.34234234234234234
mmtm_hidden512,validation,cfp,label,1,148,0.34684684684684686
mmtm_hidden512,validation,cfp,age_band,60plus,212,0.36477987421383645
mmtm_hidden512,validation,cfp,age_band,under60,84,0.29365079365079366
mmtm_hidden512,validation,cfp,centre,11014,48,0.3263888888888889
mmtm_hidden512,validation,cfp,centre,11016,22,0.2727272727272727
mmtm_hidden512,validation,cfp,centre,11018,42,0.3888888888888889
mmtm_hidden512,validation,cfp,centre,11020,44,0.3560606060606061
mmtm_hidden512,validation,cfp,centre,11021,64,0.3385416666666667
mmtm_hidden512,validation,cfp,centre,11024,74,0.34684684684684686
mmtm_hidden512,validation,oct,sex,0,138,0.33816425120772947
mmtm_hidden512,validation,oct,sex,1,158,0.3691983122362869
mmtm_hidden512,validation,oct,label,0,148,0.3400900900900901
mmtm_hidden512,validation,oct,label,1,148,0.36936936936936937
mmtm_hidden512,validation,oct,age_band,60plus,212,0.36477987421383645
mmtm_hidden512,validation,oct,age_band,under60,84,0.32936507936507936
mmtm_hidden512,validation,oct,centre,11014,48,0.3402777777777778
mmtm_hidden512,validation,oct,centre,11016,22,0.5151515151515151
mmtm_hidden512,validation,oct,centre,11018,42,0.38095238095238093
mmtm_hidden512,validation,oct,centre,11020,44,0.2803030303030303
mmtm_hidden512,validation,oct,centre,11021,64,0.359375
mmtm_hidden512,validation,oct,centre,11024,74,0.33783783783783783
mmtm_hidden512,test,cfp,sex,0,118,0.4406779661016949
mmtm_hidden512,test,cfp,sex,1,172,0.38953488372093026
mmtm_hidden512,test,cfp,label,0,145,0.4114942528735632
mmtm_hidden512,test,cfp,label,1,145,0.4091954022988506
mmtm_hidden512,test,cfp,age_band,60plus,186,0.41935483870967744
mmtm_hidden512,test,cfp,age_band,under60,104,0.3942307692307692
mmtm_hidden512,test,cfp,centre,11014,48,0.4097222222222222
mmtm_hidden512,test,cfp,centre,11018,28,0.42857142857142855
mmtm_hidden512,test,cfp,centre,11020,46,0.427536231884058
mmtm_hidden512,test,cfp,centre,11021,60,0.40555555555555556
mmtm_hidden512,test,cfp,centre,11024,90,0.3962962962962963
mmtm_hidden512,test,oct,sex,0,118,0.4350282485875706
mmtm_hidden512,test,oct,sex,1,172,0.4166666666666667
mmtm_hidden512,test,oct,label,0,145,0.40229885057471265
mmtm_hidden512,test,oct,label,1,145,0.4459770114942529
mmtm_hidden512,test,oct,age_band,60plus,186,0.3924731182795699
mmtm_hidden512,test,oct,age_band,under60,104,0.4807692307692308
mmtm_hidden512,test,oct,centre,11014,48,0.375
mmtm_hidden512,test,oct,centre,11018,28,0.47619047619047616
mmtm_hidden512,test,oct,centre,11020,46,0.38405797101449274
mmtm_hidden512,test,oct,centre,11021,60,0.43333333333333335
mmtm_hidden512,test,oct,centre,11024,90,0.4703703703703704
mmtm_hidden1024,validation,cfp,sex,0,138,0.2826086956521739
mmtm_hidden1024,validation,cfp,sex,1,158,0.3987341772151899
mmtm_hidden1024,validation,cfp,label,0,148,0.34234234234234234
mmtm_hidden1024,validation,cfp,label,1,148,0.34684684684684686
mmtm_hidden1024,validation,cfp,age_band,60plus,212,0.36477987421383645
mmtm_hidden1024,validation,cfp,age_band,under60,84,0.29365079365079366
mmtm_hidden1024,validation,cfp,centre,11014,48,0.3263888888888889
mmtm_hidden1024,validation,cfp,centre,11016,22,0.2727272727272727
mmtm_hidden1024,validation,cfp,centre,11018,42,0.3888888888888889
mmtm_hidden1024,validation,cfp,centre,11020,44,0.3560606060606061
mmtm_hidden1024,validation,cfp,centre,11021,64,0.3385416666666667
mmtm_hidden1024,validation,cfp,centre,11024,74,0.34684684684684686
mmtm_hidden1024,validation,oct,sex,0,138,0.33816425120772947
mmtm_hidden1024,validation,oct,sex,1,158,0.3691983122362869
mmtm_hidden1024,validation,oct,label,0,148,0.3400900900900901
mmtm_hidden1024,validation,oct,label,1,148,0.36936936936936937
mmtm_hidden1024,validation,oct,age_band,60plus,212,0.36477987421383645
mmtm_hidden1024,validation,oct,age_band,under60,84,0.32936507936507936
mmtm_hidden1024,validation,oct,centre,11014,48,0.3402777777777778
mmtm_hidden1024,validation,oct,centre,11016,22,0.5151515151515151
mmtm_hidden1024,validation,oct,centre,11018,42,0.38095238095238093
mmtm_hidden1024,validation,oct,centre,11020,44,0.2803030303030303
mmtm_hidden1024,validation,oct,centre,11021,64,0.359375
mmtm_hidden1024,validation,oct,centre,11024,74,0.33783783783783783
mmtm_hidden1024,test,cfp,sex,0,118,0.4406779661016949
mmtm_hidden1024,test,cfp,sex,1,172,0.38953488372093026
mmtm_hidden1024,test,cfp,label,0,145,0.4114942528735632
mmtm_hidden1024,test,cfp,label,1,145,0.4091954022988506
mmtm_hidden1024,test,cfp,age_band,60plus,186,0.41935483870967744
mmtm_hidden1024,test,cfp,age_band,under60,104,0.3942307692307692
mmtm_hidden1024,test,cfp,centre,11014,48,0.4097222222222222
mmtm_hidden1024,test,cfp,centre,11018,28,0.42857142857142855
mmtm_hidden1024,test,cfp,centre,11020,46,0.427536231884058
mmtm_hidden1024,test,cfp,centre,11021,60,0.40555555555555556
mmtm_hidden1024,test,cfp,centre,11024,90,0.3962962962962963
mmtm_hidden1024,test,oct,sex,0,118,0.4350282485875706
mmtm_hidden1024,test,oct,sex,1,172,0.4166666666666667
mmtm_hidden1024,test,oct,label,0,145,0.40229885057471265
mmtm_hidden1024,test,oct,label,1,145,0.4459770114942529
mmtm_hidden1024,test,oct,age_band,60plus,186,0.3924731182795699
mmtm_hidden1024,test,oct,age_band,under60,104,0.4807692307692308
mmtm_hidden1024,test,oct,centre,11014,48,0.375
mmtm_hidden1024,test,oct,centre,11018,28,0.47619047619047616
mmtm_hidden1024,test,oct,centre,11020,46,0.38405797101449274
mmtm_hidden1024,test,oct,centre,11021,60,0.43333333333333335
mmtm_hidden1024,test,oct,centre,11024,90,0.4703703703703704
attention_d256,validation,cfp,sex,0,138,0.2886473429951691
attention_d256,validation,cfp,sex,1,158,0.39662447257383965
attention_d256,validation,cfp,label,0,148,0.3400900900900901
attention_d256,validation,cfp,label,1,148,0.3524774774774775
attention_d256,validation,cfp,age_band,60plus,212,0.3671383647798742
attention_d256,validation,cfp,age_band,under60,84,0.29365079365079366
attention_d256,validation,cfp,centre,11014,48,0.34375
attention_d256,validation,cfp,centre,11016,22,0.2727272727272727
attention_d256,validation,cfp,centre,11018,42,0.4126984126984127
attention_d256,validation,cfp,centre,11020,44,0.3409090909090909
attention_d256,validation,cfp,centre,11021,64,0.328125
attention_d256,validation,cfp,centre,11024,74,0.34684684684684686
attention_d256,validation,oct,sex,0,138,0.32004830917874394
attention_d256,validation,oct,sex,1,158,0.3649789029535865
attention_d256,validation,oct,label,0,148,0.34684684684684686
attention_d256,validation,oct,label,1,148,0.34121621621621623
attention_d256,validation,oct,age_band,60plus,212,0.3561320754716981
attention_d256,validation,oct,age_band,under60,84,0.3134920634920635
attention_d256,validation,oct,centre,11014,48,0.3541666666666667
attention_d256,validation,oct,centre,11016,22,0.48484848484848486
attention_d256,validation,oct,centre,11018,42,0.35714285714285715
attention_d256,validation,oct,centre,11020,44,0.2803030303030303
attention_d256,validation,oct,centre,11021,64,0.3333333333333333
attention_d256,validation,oct,centre,11024,74,0.32882882882882886
attention_d256,test,cfp,sex,0,118,0.4392655367231638
attention_d256,test,cfp,sex,1,172,0.3808139534883721
attention_d256,test,cfp,label,0,145,0.41724137931034483
attention_d256,test,cfp,label,1,145,0.39195402298850573
attention_d256,test,cfp,age_band,60plus,186,0.40770609318996415
attention_d256,test,cfp,age_band,under60,104,0.39903846153846156
attention_d256,test,cfp,centre,11014,48,0.3819444444444444
attention_d256,test,cfp,centre,11018,28,0.42857142857142855
attention_d256,test,cfp,centre,11020,46,0.44565217391304346
attention_d256,test,cfp,centre,11021,60,0.36944444444444446
attention_d256,test,cfp,centre,11024,90,0.4148148148148148
attention_d256,test,oct,sex,0,118,0.4307909604519774
attention_d256,test,oct,sex,1,172,0.4021317829457364
attention_d256,test,oct,label,0,145,0.3954022988505747
attention_d256,test,oct,label,1,145,0.432183908045977
attention_d256,test,oct,age_band,60plus,186,0.3888888888888889
attention_d256,test,oct,age_band,under60,104,0.4583333333333333
attention_d256,test,oct,centre,11014,48,0.3680555555555556
attention_d256,test,oct,centre,11018,28,0.4523809523809524
attention_d256,test,oct,centre,11020,46,0.36594202898550726
attention_d256,test,oct,centre,11021,60,0.42777777777777776
attention_d256,test,oct,centre,11024,90,0.4648148148148148
attention_d1024,validation,cfp,sex,0,138,0.286231884057971
attention_d1024,validation,cfp,sex,1,158,0.3681434599156118
attention_d1024,validation,cfp,label,0,148,0.29617117117117114
attention_d1024,validation,cfp,label,1,148,0.36373873873873874
attention_d1024,validation,cfp,age_band,60plus,212,0.35141509433962265
attention_d1024,validation,cfp,age_band,under60,84,0.2757936507936508
attention_d1024,validation,cfp,centre,11014,48,0.3090277777777778
attention_d1024,validation,cfp,centre,11016,22,0.3181818181818182
attention_d1024,validation,cfp,centre,11018,42,0.39285714285714285
attention_d1024,validation,cfp,centre,11020,44,0.3106060606060606
attention_d1024,validation,cfp,centre,11021,64,0.3072916666666667
attention_d1024,validation,cfp,centre,11024,74,0.3400900900900901
attention_d1024,validation,oct,sex,0,138,0.3248792270531401
attention_d1024,validation,oct,sex,1,158,0.3628691983122363
attention_d1024,validation,oct,label,0,148,0.31756756756756754
attention_d1024,validation,oct,label,1,148,0.37274774774774777
attention_d1024,validation,oct,age_band,60plus,212,0.35455974842767296
attention_d1024,validation,oct,age_band,under60,84,0.32142857142857145
attention_d1024,validation,oct,centre,11014,48,0.3506944444444444
attention_d1024,validation,oct,centre,11016,22,0.48484848484848486
attention_d1024,validation,oct,centre,11018,42,0.36904761904761907
attention_d1024,validation,oct,centre,11020,44,0.26515151515151514
attention_d1024,validation,oct,centre,11021,64,0.3255208333333333
attention_d1024,validation,oct,centre,11024,74,0.34234234234234234
attention_d1024,test,cfp,sex,0,118,0.4209039548022599
attention_d1024,test,cfp,sex,1,172,0.3643410852713178
attention_d1024,test,cfp,label,0,145,0.36091954022988504
attention_d1024,test,cfp,label,1,145,0.41379310344827586
attention_d1024,test,cfp,age_band,60plus,186,0.38082437275985664
attention_d1024,test,cfp,age_band,under60,104,0.39903846153846156
attention_d1024,test,cfp,centre,11014,48,0.3645833333333333
attention_d1024,test,cfp,centre,11018,28,0.38095238095238093
attention_d1024,test,cfp,centre,11020,46,0.427536231884058
attention_d1024,test,cfp,centre,11021,60,0.36666666666666664
attention_d1024,test,cfp,centre,11024,90,0.3925925925925926
attention_d1024,test,oct,sex,0,118,0.4180790960451977
attention_d1024,test,oct,sex,1,172,0.37790697674418605
attention_d1024,test,oct,label,0,145,0.3528735632183908
attention_d1024,test,oct,label,1,145,0.435632183908046
attention_d1024,test,oct,age_band,60plus,186,0.37455197132616486
attention_d1024,test,oct,age_band,under60,104,0.42948717948717946
attention_d1024,test,oct,centre,11014,48,0.3368055555555556
attention_d1024,test,oct,centre,11018,28,0.4226190476190476
attention_d1024,test,oct,centre,11020,46,0.36231884057971014
attention_d1024,test,oct,centre,11021,60,0.4083333333333333
attention_d1024,test,oct,centre,11024,90,0.43703703703703706
