id,epoch,train_ce,dev_mean,bridge_lr
branch_linear_resample_M32_S64_k3_r16_lr3e-05_seed3416,1,0.2791008267410194,0.6028194118331749,0.0001
branch_linear_resample_M32_S64_k3_r16_lr3e-05_seed3416,2,0.2717265112537749,0.6098458828477897,0.0001
branch_linear_resample_M32_S64_k3_r16_lr3e-05_seed3416,3,0.19034880558264594,0.622525643341287,3e-05
branch_linear_resample_M32_S64_k3_r16_lr3e-05_seed3416,4,0.10370504778892367,0.6100226376328022,3e-05
branch_linear_resample_M32_S64_k3_r16_lr3e-05_seed3416,5,0.036547227544544994,0.6434960051264369,3e-05
branch_linear_resample_M32_S64_k3_r16_lr3e-05_seed3416,6,0.02786783984482076,0.6265746589007967,9e-06
branch_linear_resample_M32_S64_k3_r16_lr3e-05_seed3416,7,0.022905335760869887,0.646702363422724,9e-06
branch_linear_resample_M32_S64_k3_r16_lr3e-05_seed3416,8,0.011849458598313689,0.6553054272101906,9e-06
branch_linear_resample_M32_S64_k3_r16_lr3e-05_seed3417,1,0.17253287236760312,0.5659903031268613,0.0001
branch_linear_resample_M32_S64_k3_r16_lr3e-05_seed3417,2,0.22259222656559152,0.5884464628125272,0.0001
branch_linear_resample_M32_S64_k3_r16_lr3e-05_seed3417,3,0.2077826425857559,0.5992866985917292,3e-05
branch_linear_resample_M32_S64_k3_r16_lr3e-05_seed3417,4,0.09450631043755839,0.6085472588266254,3e-05
branch_linear_resample_M32_S64_k3_r16_lr3e-05_seed3417,5,0.030352927623552423,0.6038088675025871,3e-05
branch_linear_resample_M32_S64_k3_r16_lr3e-05_seed3417,6,0.017171935209285328,0.6253962769645053,9e-06
branch_linear_resample_M32_S64_k3_r16_lr3e-05_seed3417,7,0.016112519268983903,0.623222045550123,9e-06
branch_linear_resample_M32_S64_k3_r16_lr3e-05_seed3417,8,0.015988055067696856,0.6266622149728129,9e-06
branch_linear_resample_M32_S64_k3_r16_lr3e-05_seed3418,1,0.23190434046584782,0.6177073468003728,0.0001
branch_linear_resample_M32_S64_k3_r16_lr3e-05_seed3418,2,0.22412487555625318,0.6089711263363942,0.0001
branch_linear_resample_M32_S64_k3_r16_lr3e-05_seed3418,3,0.21994104340696072,0.6095962745677935,3e-05
branch_linear_resample_M32_S64_k3_r16_lr3e-05_seed3418,4,0.09689349073126818,0.6215491138063132,3e-05
branch_linear_resample_M32_S64_k3_r16_lr3e-05_seed3418,5,0.03689504579546614,0.6327218831710972,3e-05
branch_linear_resample_M32_S64_k3_r16_lr3e-05_seed3418,6,0.023516502425139415,0.6408236834838249,9e-06
branch_linear_resample_M32_S64_k3_r16_lr3e-05_seed3418,7,0.021121201738700437,0.6265588709283467,9e-06
branch_linear_resample_M32_S64_k3_r16_lr3e-05_seed3418,8,0.016611542065680922,0.6334356310370741,9e-06
branch_linear_resample_M32_S64_k3_r16_lr6e-05_seed3416,1,0.6143515668337858,0.5667493344978756,0.0001
branch_linear_resample_M32_S64_k3_r16_lr6e-05_seed3416,2,0.5820012547170059,0.6051987670963574,0.0001
branch_linear_resample_M32_S64_k3_r16_lr6e-05_seed3416,3,0.48620483147192606,0.5210691041744393,3e-05
branch_linear_resample_M32_S64_k3_r16_lr6e-05_seed3416,4,0.2544815358764763,0.6224568400796502,3e-05
branch_linear_resample_M32_S64_k3_r16_lr6e-05_seed3416,5,0.08752354426615977,0.6103334201618116,3e-05
branch_linear_resample_M32_S64_k3_r16_lr6e-05_seed3416,6,0.05492943876918075,0.6124614537099108,9e-06
branch_linear_resample_M32_S64_k3_r16_lr6e-05_seed3416,7,0.032201009857043904,0.628437362564032,9e-06
branch_linear_resample_M32_S64_k3_r16_lr6e-05_seed3416,8,0.019065578807074622,0.62829598588149,9e-06
branch_linear_resample_M32_S64_k3_r16_lr6e-05_seed3417,1,0.6265586050156551,0.5242052534692722,0.0001
branch_linear_resample_M32_S64_k3_r16_lr6e-05_seed3417,2,0.5143547751292398,0.5125818571856122,0.0001
branch_linear_resample_M32_S64_k3_r16_lr6e-05_seed3417,3,0.5132859725552269,0.6137928010751531,3e-05
branch_linear_resample_M32_S64_k3_r16_lr6e-05_seed3417,4,0.17625577806766274,0.6162061946815921,3e-05
branch_linear_resample_M32_S64_k3_r16_lr6e-05_seed3417,5,0.0702127725669902,0.6041838858157293,3e-05
branch_linear_resample_M32_S64_k3_r16_lr6e-05_seed3417,6,0.043277060800184834,0.6120151325407974,9e-06
branch_linear_resample_M32_S64_k3_r16_lr6e-05_seed3417,7,0.020561060306757594,0.6228907689526899,9e-06
branch_linear_resample_M32_S64_k3_r16_lr6e-05_seed3417,8,0.022194988592350973,0.631223418639526,9e-06
branch_linear_resample_M32_S64_k3_r16_lr6e-05_seed3418,1,0.6682612437436569,0.5872136096371091,0.0001
branch_linear_resample_M32_S64_k3_r16_lr6e-05_seed3418,2,0.6907598181993146,0.6187998992877042,0.0001
branch_linear_resample_M32_S64_k3_r16_lr6e-05_seed3418,3,0.5110505615608602,0.6173718300478864,3e-05
branch_linear_resample_M32_S64_k3_r16_lr6e-05_seed3418,4,0.2159994303991523,0.6173588597689132,3e-05
branch_linear_resample_M32_S64_k3_r16_lr6e-05_seed3418,5,0.08362520536808651,0.6320070489237554,3e-05
branch_linear_resample_M32_S64_k3_r16_lr6e-05_seed3418,6,0.037948909230365216,0.6414333759840994,9e-06
branch_linear_resample_M32_S64_k3_r16_lr6e-05_seed3418,7,0.03338314539051462,0.6535834200614531,9e-06
branch_linear_resample_M32_S64_k3_r16_lr6e-05_seed3418,8,0.019347178503646974,0.6547456413180777,9e-06
branch_linear_resample_M32_S64_k3_r16_lr6e-05_seed3418,9,0.029561655700525057,0.6550148999307224,9e-06
branch_linear_resample_M32_S64_k3_r16_lr6e-05_seed3418,10,0.017152523666861926,0.6550592851050542,9e-06
branch_linear_resample_M32_S64_k3_r16_lr6e-05_seed3418,11,0.02642779748612732,0.6537064797135974,2.7e-06
branch_linear_resample_M32_S64_k3_r16_lr6e-05_seed3418,12,0.019188525050560224,0.6513535362462832,2.7e-06
branch_linear_resample_M32_S64_k3_r16_lr6e-05_seed3418,13,0.0182448466919227,0.6469491831046668,2.7e-06
branch_linear_resample_M32_S64_k3_r16_lr6e-05_seed3418,14,0.010674020916863073,0.6395747067037775,8.1e-07
branch_radon_M32_S64_k3_r16_lr3e-05_seed3416,1,0.43258914700414564,0.45153644478026234,0.0001
branch_radon_M32_S64_k3_r16_lr3e-05_seed3416,2,0.35917293685901014,0.5038385761581599,0.0001
branch_radon_M32_S64_k3_r16_lr3e-05_seed3416,3,0.31065394767100296,0.49940052750805475,3e-05
branch_radon_M32_S64_k3_r16_lr3e-05_seed3416,4,0.14475697130436385,0.6117965899241273,3e-05
branch_radon_M32_S64_k3_r16_lr3e-05_seed3416,5,0.06012877607953888,0.6292982814996742,3e-05
branch_radon_M32_S64_k3_r16_lr3e-05_seed3416,6,0.04070002107167781,0.6684577235466009,3e-05
branch_radon_M32_S64_k3_r16_lr3e-05_seed3416,7,0.026723906461921628,0.6672121106827942,3e-05
branch_radon_M32_S64_k3_r16_lr3e-05_seed3416,8,0.0148659021780779,0.65368931900236,3e-05
branch_radon_M32_S64_k3_r16_lr3e-05_seed3416,9,0.029561074445454427,0.6299747880345374,9e-06
branch_radon_M32_S64_k3_r16_lr3e-05_seed3416,10,0.014286635473040463,0.6602428477419663,9e-06
branch_radon_M32_S64_k3_r16_lr3e-05_seed3416,11,0.029493178315740668,0.6771004588974769,9e-06
branch_radon_M32_S64_k3_r16_lr3e-05_seed3416,12,0.007806876683688746,0.6840756714828515,9e-06
branch_radon_M32_S64_k3_r16_lr3e-05_seed3416,13,0.021248024875442556,0.667003463841358,9e-06
branch_radon_M32_S64_k3_r16_lr3e-05_seed3416,14,0.014969979722680571,0.6531386455783024,9e-06
branch_radon_M32_S64_k3_r16_lr3e-05_seed3416,15,0.010082302554075818,0.6667656612566837,2.7e-06
branch_radon_M32_S64_k3_r16_lr3e-05_seed3416,16,0.006785860866502729,0.6665631947183006,2.7e-06
branch_radon_M32_S64_k3_r16_lr3e-05_seed3416,17,0.005085999329108008,0.6602546059218015,2.7e-06
branch_radon_M32_S64_k3_r16_lr3e-05_seed3416,18,0.00891800236091006,0.6621245228807714,8.1e-07
branch_radon_M32_S64_k3_r16_lr3e-05_seed3417,1,0.36677556687706636,0.6025409343324074,0.0001
branch_radon_M32_S64_k3_r16_lr3e-05_seed3417,2,0.34283800680143167,0.5393027382830358,0.0001
branch_radon_M32_S64_k3_r16_lr3e-05_seed3417,3,0.31790167569548267,0.563765888711843,3e-05
branch_radon_M32_S64_k3_r16_lr3e-05_seed3417,4,0.1226544042082527,0.5980779262550273,3e-05
branch_radon_M32_S64_k3_r16_lr3e-05_seed3417,5,0.04362821719856768,0.6073113671086139,3e-05
branch_radon_M32_S64_k3_r16_lr3e-05_seed3417,6,0.02609885651971909,0.6304378065187777,9e-06
branch_radon_M32_S64_k3_r16_lr3e-05_seed3417,7,0.02067578491781355,0.6300057226883164,9e-06
branch_radon_M32_S64_k3_r16_lr3e-05_seed3417,8,0.021114288184930323,0.636738721670754,9e-06
branch_radon_M32_S64_k3_r16_lr3e-05_seed3418,1,0.44413878682034114,0.4523131859926215,0.0001
branch_radon_M32_S64_k3_r16_lr3e-05_seed3418,2,0.37773065660384636,0.5290045182264508,0.0001
branch_radon_M32_S64_k3_r16_lr3e-05_seed3418,3,0.28628436999419066,0.6058626787123844,3e-05
branch_radon_M32_S64_k3_r16_lr3e-05_seed3418,4,0.1510218214184706,0.6181143859513665,3e-05
branch_radon_M32_S64_k3_r16_lr3e-05_seed3418,5,0.0523171056536486,0.6655367231638418,3e-05
branch_radon_M32_S64_k3_r16_lr3e-05_seed3418,6,0.029683712109498963,0.6557184016473114,3e-05
branch_radon_M32_S64_k3_r16_lr3e-05_seed3418,7,0.031729141753491105,0.6133682666408433,3e-05
branch_radon_M32_S64_k3_r16_lr3e-05_seed3418,8,0.026339551689224083,0.6707266079508727,3e-05
branch_radon_M32_S64_k3_r16_lr3e-05_seed3418,9,0.03538073269673181,0.6452459891887132,3e-05
branch_radon_M32_S64_k3_r16_lr3e-05_seed3418,10,0.016211708083850498,0.6502550505986494,3e-05
branch_radon_M32_S64_k3_r16_lr3e-05_seed3418,11,0.0316125840338977,0.6660195644697555,9e-06
branch_radon_M32_S64_k3_r16_lr3e-05_seed3418,12,0.02635111023478145,0.6597095428844602,9e-06
branch_radon_M32_S64_k3_r16_lr3e-05_seed3418,13,0.0199493951261076,0.6361408178191044,9e-06
branch_radon_M32_S64_k3_r16_lr3e-05_seed3418,14,0.008211622722159565,0.6482562146776712,2.7e-06
branch_radon_M32_S64_k3_r16_lr6e-05_seed3416,1,0.8029769340270683,0.5222258184390022,0.0001
branch_radon_M32_S64_k3_r16_lr6e-05_seed3416,2,0.7651535027389285,0.5199914257136369,0.0001
branch_radon_M32_S64_k3_r16_lr6e-05_seed3416,3,0.626870863611185,0.45603938065549654,3e-05
branch_radon_M32_S64_k3_r16_lr6e-05_seed3416,4,0.32522936306799516,0.6855824989593409,3e-05
branch_radon_M32_S64_k3_r16_lr6e-05_seed3416,5,0.14624187620828236,0.5926893831513041,3e-05
branch_radon_M32_S64_k3_r16_lr6e-05_seed3416,6,0.08343687026961884,0.6736222050779076,3e-05
branch_radon_M32_S64_k3_r16_lr6e-05_seed3416,7,0.04924512667658067,0.6602489271496534,9e-06
branch_radon_M32_S64_k3_r16_lr6e-05_seed3416,8,0.025373726701540755,0.688675175471611,9e-06
branch_radon_M32_S64_k3_r16_lr6e-05_seed3416,9,0.031873292309199636,0.6939330461740671,9e-06
branch_radon_M32_S64_k3_r16_lr6e-05_seed3416,10,0.014718464801170499,0.6831077188863054,9e-06
branch_radon_M32_S64_k3_r16_lr6e-05_seed3416,11,0.03220724257532967,0.6732443022553418,9e-06
branch_radon_M32_S64_k3_r16_lr6e-05_seed3416,12,0.009616515230788271,0.6786494894053636,2.7e-06
branch_radon_M32_S64_k3_r16_lr6e-05_seed3416,13,0.02826598686051166,0.6906293040619933,2.7e-06
branch_radon_M32_S64_k3_r16_lr6e-05_seed3416,14,0.010512353435359141,0.6919505331270037,2.7e-06
branch_radon_M32_S64_k3_r16_lr6e-05_seed3416,15,0.012028989741281028,0.6852936720696072,8.1e-07
branch_radon_M32_S64_k3_r16_lr6e-05_seed3417,1,0.8599758577309077,0.4984381534454364,0.0001
branch_radon_M32_S64_k3_r16_lr6e-05_seed3417,2,0.7498789731460281,0.4000056184825603,0.0001
branch_radon_M32_S64_k3_r16_lr6e-05_seed3417,3,0.6294729011722758,0.616426797528937,3e-05
branch_radon_M32_S64_k3_r16_lr6e-05_seed3417,4,0.27932991851356964,0.6073901952533713,3e-05
branch_radon_M32_S64_k3_r16_lr6e-05_seed3417,5,0.12769368354561209,0.5534768798927471,3e-05
branch_radon_M32_S64_k3_r16_lr6e-05_seed3417,6,0.07172181277205766,0.6451875754853797,3e-05
branch_radon_M32_S64_k3_r16_lr6e-05_seed3417,7,0.05277910839200397,0.6312446729448474,3e-05
branch_radon_M32_S64_k3_r16_lr6e-05_seed3417,8,0.055963847341894205,0.6072188200273296,3e-05
branch_radon_M32_S64_k3_r16_lr6e-05_seed3417,9,0.05629313311206554,0.6482018158284835,3e-05
branch_radon_M32_S64_k3_r16_lr6e-05_seed3417,10,0.04984455182116856,0.5688944632384417,3e-05
branch_radon_M32_S64_k3_r16_lr6e-05_seed3417,11,0.03334672914860664,0.6401469905895868,3e-05
branch_radon_M32_S64_k3_r16_lr6e-05_seed3417,12,0.06634534802987782,0.6716249999999999,3e-05
branch_radon_M32_S64_k3_r16_lr6e-05_seed3417,13,0.03382693905614705,0.6452503334488038,3e-05
branch_radon_M32_S64_k3_r16_lr6e-05_seed3417,14,0.03098112571383296,0.6088818781034254,3e-05
branch_radon_M32_S64_k3_r16_lr6e-05_seed3417,15,0.033841265471581415,0.6601805509270651,9e-06
branch_radon_M32_S64_k3_r16_lr6e-05_seed3417,16,0.011104168315658263,0.6837723195711132,9e-06
branch_radon_M32_S64_k3_r16_lr6e-05_seed3417,17,0.013964537956458634,0.6616927673265701,9e-06
branch_radon_M32_S64_k3_r16_lr6e-05_seed3417,18,0.016741346865446642,0.6756391161778676,9e-06
branch_radon_M32_S64_k3_r16_lr6e-05_seed3417,19,0.0033928249449442626,0.6737878727177192,2.7e-06
branch_radon_M32_S64_k3_r16_lr6e-05_seed3417,20,0.018617628981091105,0.654462134425458,2.7e-06
branch_radon_M32_S64_k3_r16_lr6e-05_seed3417,21,0.0031763151685170877,0.6754760930850456,2.7e-06
branch_radon_M32_S64_k3_r16_lr6e-05_seed3417,22,0.0021629572144049717,0.672794021287815,8.1e-07
branch_radon_M32_S64_k3_r16_lr6e-05_seed3418,1,0.80877666164166,0.5339993046196329,0.0001
branch_radon_M32_S64_k3_r16_lr6e-05_seed3418,2,0.8194659220266945,0.6185633967693304,0.0001
branch_radon_M32_S64_k3_r16_lr6e-05_seed3418,3,0.7023329661239551,0.35465680973523306,3e-05
branch_radon_M32_S64_k3_r16_lr6e-05_seed3418,4,0.3820859526248672,0.6285712618044648,3e-05
branch_radon_M32_S64_k3_r16_lr6e-05_seed3418,5,0.18122489778678627,0.6629281990337477,3e-05
branch_radon_M32_S64_k3_r16_lr6e-05_seed3418,6,0.12003623233825157,0.65782150108997,3e-05
branch_radon_M32_S64_k3_r16_lr6e-05_seed3418,7,0.08858019770476731,0.6700173959314484,3e-05
branch_radon_M32_S64_k3_r16_lr6e-05_seed3418,8,0.06502217123921536,0.661881810475964,3e-05
branch_radon_M32_S64_k3_r16_lr6e-05_seed3418,9,0.07244025200570026,0.6416718572472142,3e-05
branch_radon_M32_S64_k3_r16_lr6e-05_seed3418,10,0.04115698225884639,0.6430517969899825,9e-06
branch_radon_M32_S64_k3_r16_lr6e-05_seed3418,11,0.0316786779300015,0.6667733540957842,9e-06
branch_radon_M32_S64_k3_r16_lr6e-05_seed3418,12,0.018516036876716026,0.67718538246953,9e-06
branch_radon_M32_S64_k3_r16_lr6e-05_seed3418,13,0.018464219056643087,0.670591622476175,9e-06
branch_radon_M32_S64_k3_r16_lr6e-05_seed3418,14,0.007727050108435753,0.6873391167944075,9e-06
branch_radon_M32_S64_k3_r16_lr6e-05_seed3418,15,0.0064621336774346476,0.6664949818255347,9e-06
branch_radon_M32_S64_k3_r16_lr6e-05_seed3418,16,0.009836546183693447,0.6653942361611792,9e-06
branch_radon_M32_S64_k3_r16_lr6e-05_seed3418,17,0.009532162487135516,0.6744722982924649,2.7e-06
branch_radon_M32_S64_k3_r16_lr6e-05_seed3418,18,0.005964585624784791,0.6703965706509643,2.7e-06
branch_radon_M32_S64_k3_r16_lr6e-05_seed3418,19,0.013198605661307716,0.6610919890860406,2.7e-06
branch_radon_M32_S64_k3_r16_lr6e-05_seed3418,20,0.00458090307967976,0.6701509554574308,8.1e-07
branch_linear_resample_M32_S64_k3_r32_lr3e-05_seed3416,1,0.3270275051929528,0.6069865545485789,0.0001
branch_linear_resample_M32_S64_k3_r32_lr3e-05_seed3416,2,0.31189934593401375,0.5831475845058443,0.0001
branch_linear_resample_M32_S64_k3_r32_lr3e-05_seed3416,3,0.19135460086591258,0.5912783118235145,3e-05
branch_linear_resample_M32_S64_k3_r32_lr3e-05_seed3416,4,0.10357675859350947,0.6277665995975855,3e-05
branch_linear_resample_M32_S64_k3_r32_lr3e-05_seed3416,5,0.04262414525551839,0.618436188068102,3e-05
branch_linear_resample_M32_S64_k3_r32_lr3e-05_seed3416,6,0.026480628957064187,0.6267962282013985,9e-06
branch_linear_resample_M32_S64_k3_r32_lr3e-05_seed3416,7,0.01884003587529841,0.630931137039579,9e-06
branch_linear_resample_M32_S64_k3_r32_lr3e-05_seed3416,8,0.012940935361717792,0.639892279232581,9e-06
branch_linear_resample_M32_S64_k3_r32_lr3e-05_seed3417,1,0.23506525722391244,0.5777056572626191,0.0001
branch_linear_resample_M32_S64_k3_r32_lr3e-05_seed3417,2,0.2450373166747674,0.5821063465208365,0.0001
branch_linear_resample_M32_S64_k3_r32_lr3e-05_seed3417,3,0.2380818179926446,0.5707113138745209,3e-05
branch_linear_resample_M32_S64_k3_r32_lr3e-05_seed3417,4,0.08166528112679437,0.5991431486670011,3e-05
branch_linear_resample_M32_S64_k3_r32_lr3e-05_seed3417,5,0.04309415229879131,0.6024000314398301,3e-05
branch_linear_resample_M32_S64_k3_r32_lr3e-05_seed3417,6,0.03171892744773421,0.6209355446713061,9e-06
branch_linear_resample_M32_S64_k3_r32_lr3e-05_seed3417,7,0.015736781062906064,0.6215668529343663,9e-06
branch_linear_resample_M32_S64_k3_r32_lr3e-05_seed3417,8,0.019559411065655914,0.6216128297863677,9e-06
branch_linear_resample_M32_S64_k3_r32_lr3e-05_seed3418,1,0.27987144370504385,0.588275799435674,0.0001
branch_linear_resample_M32_S64_k3_r32_lr3e-05_seed3418,2,0.26169811639510376,0.6007668430886978,0.0001
branch_linear_resample_M32_S64_k3_r32_lr3e-05_seed3418,3,0.27570691395881053,0.6197903199741435,3e-05
branch_linear_resample_M32_S64_k3_r32_lr3e-05_seed3418,4,0.08303832293110841,0.6395091803255321,3e-05
branch_linear_resample_M32_S64_k3_r32_lr3e-05_seed3418,5,0.03238111764967701,0.6416247857543653,3e-05
branch_linear_resample_M32_S64_k3_r32_lr3e-05_seed3418,6,0.022939483098732897,0.6518045514338826,3e-05
branch_linear_resample_M32_S64_k3_r32_lr3e-05_seed3418,7,0.02565348881025669,0.6375728138253877,3e-05
branch_linear_resample_M32_S64_k3_r32_lr3e-05_seed3418,8,0.023711892744508585,0.6550038301481184,3e-05
branch_linear_resample_M32_S64_k3_r32_lr3e-05_seed3418,9,0.022717925527426297,0.6518976887528825,3e-05
branch_linear_resample_M32_S64_k3_r32_lr3e-05_seed3418,10,0.015794040032889388,0.6621583062261028,3e-05
branch_linear_resample_M32_S64_k3_r32_lr3e-05_seed3418,11,0.022593242366970634,0.6525681718690695,3e-05
branch_linear_resample_M32_S64_k3_r32_lr3e-05_seed3418,12,0.03512735698037616,0.6568493103080795,3e-05
branch_linear_resample_M32_S64_k3_r32_lr3e-05_seed3418,13,0.023518120091743002,0.6481014484777841,9e-06
branch_linear_resample_M32_S64_k3_r32_lr3e-05_seed3418,14,0.010358578804640918,0.6325645914071629,9e-06
branch_linear_resample_M32_S64_k3_r32_lr3e-05_seed3418,15,0.004794978090253204,0.6434977541165408,9e-06
branch_linear_resample_M32_S64_k3_r32_lr3e-05_seed3418,16,0.014021118205037746,0.6467248614207141,2.7e-06
branch_linear_resample_M32_S64_k3_r32_lr6e-05_seed3416,1,0.6513657941471173,0.5573500172279042,0.0001
branch_linear_resample_M32_S64_k3_r32_lr6e-05_seed3416,2,0.59910210646406,0.5837887115915985,0.0001
branch_linear_resample_M32_S64_k3_r32_lr6e-05_seed3416,3,0.4668238613801666,0.5909247712781016,3e-05
branch_linear_resample_M32_S64_k3_r32_lr6e-05_seed3416,4,0.22799146064568923,0.6137848988483636,3e-05
branch_linear_resample_M32_S64_k3_r32_lr6e-05_seed3416,5,0.08224849480711206,0.6140592465893671,3e-05
branch_linear_resample_M32_S64_k3_r32_lr6e-05_seed3416,6,0.05880693071286041,0.6550665441234838,9e-06
branch_linear_resample_M32_S64_k3_r32_lr6e-05_seed3416,7,0.03619711434680827,0.6729252255719577,9e-06
branch_linear_resample_M32_S64_k3_r32_lr6e-05_seed3416,8,0.018856085937092953,0.6669841566960328,9e-06
branch_linear_resample_M32_S64_k3_r32_lr6e-05_seed3416,9,0.02503326605884594,0.6752616090484295,9e-06
branch_linear_resample_M32_S64_k3_r32_lr6e-05_seed3416,10,0.01965662556379161,0.6636873362642519,9e-06
branch_linear_resample_M32_S64_k3_r32_lr6e-05_seed3416,11,0.02752423727047877,0.6604384374665313,9e-06
branch_linear_resample_M32_S64_k3_r32_lr6e-05_seed3416,12,0.01145539377135213,0.6486153276564235,2.7e-06
branch_linear_resample_M32_S64_k3_r32_lr6e-05_seed3416,13,0.023419255204351407,0.655204369884873,2.7e-06
branch_linear_resample_M32_S64_k3_r32_lr6e-05_seed3416,14,0.01720405333709337,0.6495981089029264,2.7e-06
branch_linear_resample_M32_S64_k3_r32_lr6e-05_seed3416,15,0.013718348084153207,0.6570430073187206,8.1e-07
branch_linear_resample_M32_S64_k3_r32_lr6e-05_seed3417,1,0.6284945336983928,0.5734332772818682,0.0001
branch_linear_resample_M32_S64_k3_r32_lr6e-05_seed3417,2,0.535502165555954,0.5666439193545311,0.0001
branch_linear_resample_M32_S64_k3_r32_lr6e-05_seed3417,3,0.5370302302173421,0.5834584917563932,3e-05
branch_linear_resample_M32_S64_k3_r32_lr6e-05_seed3417,4,0.18438057089813903,0.5984113079619819,3e-05
branch_linear_resample_M32_S64_k3_r32_lr6e-05_seed3417,5,0.079701837169926,0.6231144828676423,3e-05
branch_linear_resample_M32_S64_k3_r32_lr6e-05_seed3417,6,0.04026808839326701,0.6069338890263374,9e-06
branch_linear_resample_M32_S64_k3_r32_lr6e-05_seed3417,7,0.018682011801018555,0.6198256223265645,9e-06
branch_linear_resample_M32_S64_k3_r32_lr6e-05_seed3417,8,0.024228816504937984,0.6191295391042166,9e-06
branch_linear_resample_M32_S64_k3_r32_lr6e-05_seed3418,1,0.6891918847089799,0.5790720179444044,0.0001
branch_linear_resample_M32_S64_k3_r32_lr6e-05_seed3418,2,0.6708442192477516,0.6542067371721365,0.0001
branch_linear_resample_M32_S64_k3_r32_lr6e-05_seed3418,3,0.49406515401375445,0.5870908545808905,0.0001
branch_linear_resample_M32_S64_k3_r32_lr6e-05_seed3418,4,0.4651268660267697,0.6134157064249087,0.0001
branch_linear_resample_M32_S64_k3_r32_lr6e-05_seed3418,5,0.3415832620444177,0.5704846634733142,3e-05
branch_linear_resample_M32_S64_k3_r32_lr6e-05_seed3418,6,0.17252961588622648,0.6562992806531447,3e-05
branch_linear_resample_M32_S64_k3_r32_lr6e-05_seed3418,7,0.07031915046545807,0.6468293976385362,3e-05
branch_linear_resample_M32_S64_k3_r32_lr6e-05_seed3418,8,0.04239700752740749,0.6241935500290381,3e-05
branch_linear_resample_M32_S64_k3_r32_lr6e-05_seed3418,9,0.04642907611854799,0.6366745217644295,9e-06
branch_linear_resample_M32_S64_k3_r32_lr6e-05_seed3418,10,0.01753750771926598,0.6418196799219864,9e-06
branch_linear_resample_M32_S64_k3_r32_lr6e-05_seed3418,11,0.03127819378038756,0.6464452163577201,9e-06
branch_linear_resample_M32_S64_k3_r32_lr6e-05_seed3418,12,0.023424848046557555,0.6563024377647102,2.7e-06
branch_radon_M32_S64_k3_r32_lr3e-05_seed3416,1,0.8797202621456943,0.5982466696752411,0.0001
branch_radon_M32_S64_k3_r32_lr3e-05_seed3416,2,0.6936304806908474,0.6025031717065283,0.0001
branch_radon_M32_S64_k3_r32_lr3e-05_seed3416,3,0.49656754241713996,0.5393630949742135,3e-05
branch_radon_M32_S64_k3_r32_lr3e-05_seed3416,4,0.2451635286023345,0.6515068886183271,3e-05
branch_radon_M32_S64_k3_r32_lr3e-05_seed3416,5,0.09846956662456446,0.6298334741119327,3e-05
branch_radon_M32_S64_k3_r32_lr3e-05_seed3416,6,0.06449943205601052,0.674827902615958,3e-05
branch_radon_M32_S64_k3_r32_lr3e-05_seed3416,7,0.03900758802737522,0.6563134793459817,3e-05
branch_radon_M32_S64_k3_r32_lr3e-05_seed3416,8,0.02591391277419922,0.671587320209339,3e-05
branch_radon_M32_S64_k3_r32_lr3e-05_seed3416,9,0.03490133770841728,0.6651468377560751,9e-06
branch_radon_M32_S64_k3_r32_lr3e-05_seed3416,10,0.022553112857777603,0.6618229921788197,9e-06
branch_radon_M32_S64_k3_r32_lr3e-05_seed3416,11,0.027586571037433335,0.6637354598123637,9e-06
branch_radon_M32_S64_k3_r32_lr3e-05_seed3416,12,0.008957203219923238,0.6570245243334447,2.7e-06
branch_radon_M32_S64_k3_r32_lr3e-05_seed3417,1,0.8754806800545016,0.561752934979961,0.0001
branch_radon_M32_S64_k3_r32_lr3e-05_seed3417,2,0.7134030282120162,0.6046572507416297,0.0001
branch_radon_M32_S64_k3_r32_lr3e-05_seed3417,3,0.5256401976641221,0.60420631343867,3e-05
branch_radon_M32_S64_k3_r32_lr3e-05_seed3417,4,0.19781653112672928,0.6002985641661669,3e-05
branch_radon_M32_S64_k3_r32_lr3e-05_seed3417,5,0.11021213749824446,0.6180168064569644,3e-05
branch_radon_M32_S64_k3_r32_lr3e-05_seed3417,6,0.04994164136845524,0.620948999818565,9e-06
branch_radon_M32_S64_k3_r32_lr3e-05_seed3417,7,0.023985466259661355,0.6430906247263812,9e-06
branch_radon_M32_S64_k3_r32_lr3e-05_seed3417,8,0.02602671369868979,0.6503359677088492,9e-06
branch_radon_M32_S64_k3_r32_lr3e-05_seed3417,9,0.018373018104135046,0.6519084874348032,9e-06
branch_radon_M32_S64_k3_r32_lr3e-05_seed3417,10,0.028214106278765146,0.6383193584933515,9e-06
branch_radon_M32_S64_k3_r32_lr3e-05_seed3417,11,0.011074317621783342,0.6485437107431347,9e-06
branch_radon_M32_S64_k3_r32_lr3e-05_seed3417,12,0.023602821763245317,0.6262525794465877,2.7e-06
branch_radon_M32_S64_k3_r32_lr3e-05_seed3417,13,0.014714979318698538,0.6468865732554911,2.7e-06
branch_radon_M32_S64_k3_r32_lr3e-05_seed3417,14,0.010941214355510435,0.6418233180188312,2.7e-06
branch_radon_M32_S64_k3_r32_lr3e-05_seed3417,15,0.007805998107201797,0.6446026305289465,8.1e-07
branch_radon_M32_S64_k3_r32_lr3e-05_seed3418,1,0.9097735925011714,0.5056021352485803,0.0001
branch_radon_M32_S64_k3_r32_lr3e-05_seed3418,2,0.6989195935333832,0.5312522871702048,0.0001
branch_radon_M32_S64_k3_r32_lr3e-05_seed3418,3,0.5299862324248387,0.6374358470588549,3e-05
branch_radon_M32_S64_k3_r32_lr3e-05_seed3418,4,0.23654210723087757,0.6279248383524452,3e-05
branch_radon_M32_S64_k3_r32_lr3e-05_seed3418,5,0.08449189766321945,0.6837246005201358,3e-05
branch_radon_M32_S64_k3_r32_lr3e-05_seed3418,6,0.05462906574255704,0.6603733585968792,3e-05
branch_radon_M32_S64_k3_r32_lr3e-05_seed3418,7,0.054850750132699654,0.6578505581938185,3e-05
branch_radon_M32_S64_k3_r32_lr3e-05_seed3418,8,0.05102520655911369,0.6552982465155733,9e-06
branch_radon_M32_S64_k3_r32_lr3e-05_seed3418,9,0.03320608246051766,0.6536075195499392,9e-06
branch_radon_M32_S64_k3_r32_lr3e-05_seed3418,10,0.012973356697652372,0.654698655873312,9e-06
branch_radon_M32_S64_k3_r32_lr3e-05_seed3418,11,0.020942947991218867,0.6603944672491685,2.7e-06
branch_radon_M32_S64_k3_r32_lr6e-05_seed3416,1,1.126257013105139,0.5258506904180041,0.0001
branch_radon_M32_S64_k3_r32_lr6e-05_seed3416,2,1.0096601840061477,0.6048652801600916,0.0001
branch_radon_M32_S64_k3_r32_lr6e-05_seed3416,3,0.6961656940888755,0.5814156220801796,3e-05
branch_radon_M32_S64_k3_r32_lr6e-05_seed3416,4,0.3449263816487186,0.6883708365299273,3e-05
branch_radon_M32_S64_k3_r32_lr6e-05_seed3416,5,0.19703422029373013,0.6556420853326632,3e-05
branch_radon_M32_S64_k3_r32_lr6e-05_seed3416,6,0.10630168649073266,0.7011327656223213,3e-05
branch_radon_M32_S64_k3_r32_lr6e-05_seed3416,7,0.06946222456702608,0.6670798328972134,3e-05
branch_radon_M32_S64_k3_r32_lr6e-05_seed3416,8,0.07226767304907494,0.6840282027528816,3e-05
branch_radon_M32_S64_k3_r32_lr6e-05_seed3416,9,0.07690218894129407,0.6951721054553619,9e-06
branch_radon_M32_S64_k3_r32_lr6e-05_seed3416,10,0.026738687176728927,0.7126159915784192,9e-06
branch_radon_M32_S64_k3_r32_lr6e-05_seed3416,11,0.04068699243288381,0.7178581009074765,9e-06
branch_radon_M32_S64_k3_r32_lr6e-05_seed3416,12,0.010883726084920213,0.7023618988315297,9e-06
branch_radon_M32_S64_k3_r32_lr6e-05_seed3416,13,0.031781752286935694,0.6929111557668957,9e-06
branch_radon_M32_S64_k3_r32_lr6e-05_seed3416,14,0.015637150013309467,0.7058616229576617,2.7e-06
branch_radon_M32_S64_k3_r32_lr6e-05_seed3416,15,0.015595062949349868,0.7076599702045732,2.7e-06
branch_radon_M32_S64_k3_r32_lr6e-05_seed3416,16,0.00777583100790264,0.7039863743635973,2.7e-06
branch_radon_M32_S64_k3_r32_lr6e-05_seed3416,17,0.0068971821548317,0.6941784741288918,8.1e-07
branch_radon_M32_S64_k3_r32_lr6e-05_seed3417,1,1.2258834328643884,0.5515191037243965,0.0001
branch_radon_M32_S64_k3_r32_lr6e-05_seed3417,2,0.9966227348092236,0.611094204222915,0.0001
branch_radon_M32_S64_k3_r32_lr6e-05_seed3417,3,0.7414822925495196,0.6397663002759699,3e-05
branch_radon_M32_S64_k3_r32_lr6e-05_seed3417,4,0.3419366265776791,0.5543662806216366,3e-05
branch_radon_M32_S64_k3_r32_lr6e-05_seed3417,5,0.1661964466064414,0.6696770155524256,3e-05
branch_radon_M32_S64_k3_r32_lr6e-05_seed3417,6,0.09445190883559894,0.670486185841886,3e-05
branch_radon_M32_S64_k3_r32_lr6e-05_seed3417,7,0.06805118051345778,0.5964043940859576,3e-05
branch_radon_M32_S64_k3_r32_lr6e-05_seed3417,8,0.05719283862257541,0.6618518810728445,9e-06
branch_radon_M32_S64_k3_r32_lr6e-05_seed3417,9,0.02954573128622945,0.6734040547644023,9e-06
branch_radon_M32_S64_k3_r32_lr6e-05_seed3417,10,0.032950894375879884,0.6886018649968408,9e-06
branch_radon_M32_S64_k3_r32_lr6e-05_seed3417,11,0.009848901579050417,0.6654672514076446,9e-06
branch_radon_M32_S64_k3_r32_lr6e-05_seed3417,12,0.021958679345044415,0.6858072247902757,9e-06
branch_radon_M32_S64_k3_r32_lr6e-05_seed3417,13,0.016047563139699943,0.6773553982777701,2.7e-06
branch_radon_M32_S64_k3_r32_lr6e-05_seed3417,14,0.014971407946004663,0.6756395789905555,2.7e-06
branch_radon_M32_S64_k3_r32_lr6e-05_seed3417,15,0.008827609742057357,0.6729136966911882,2.7e-06
branch_radon_M32_S64_k3_r32_lr6e-05_seed3417,16,0.007323567681471357,0.6823404772257797,8.1e-07
branch_radon_M32_S64_k3_r32_lr6e-05_seed3418,1,1.198525359152663,0.4606668155055252,0.0001
branch_radon_M32_S64_k3_r32_lr6e-05_seed3418,2,1.008119535597065,0.5425510272835001,0.0001
branch_radon_M32_S64_k3_r32_lr6e-05_seed3418,3,0.7542437360256533,0.6517166288766123,0.0001
branch_radon_M32_S64_k3_r32_lr6e-05_seed3418,4,0.4964603225264368,0.6327274218517721,0.0001
branch_radon_M32_S64_k3_r32_lr6e-05_seed3418,5,0.30386120156396795,0.6223036397658641,0.0001
branch_radon_M32_S64_k3_r32_lr6e-05_seed3418,6,0.2027835653788304,0.6536595010631485,0.0001
branch_radon_M32_S64_k3_r32_lr6e-05_seed3418,7,0.15192662065117796,0.5950699149549495,0.0001
branch_radon_M32_S64_k3_r32_lr6e-05_seed3418,8,0.12563643998855464,0.5923512927775884,0.0001
branch_radon_M32_S64_k3_r32_lr6e-05_seed3418,9,0.1665218632220279,0.48861240848727505,3e-05
branch_radon_M32_S64_k3_r32_lr6e-05_seed3418,10,0.05397986063639386,0.6447356697356696,3e-05
branch_radon_M32_S64_k3_r32_lr6e-05_seed3418,11,0.020588888971671417,0.6361682477551517,3e-05
branch_radon_M32_S64_k3_r32_lr6e-05_seed3418,12,0.020273445727070794,0.6564182751807701,3e-05
branch_radon_M32_S64_k3_r32_lr6e-05_seed3418,13,0.016113589487563158,0.6582791108261388,3e-05
branch_radon_M32_S64_k3_r32_lr6e-05_seed3418,14,0.005515586105514247,0.6775820950284351,3e-05
branch_radon_M32_S64_k3_r32_lr6e-05_seed3418,15,0.005953585777447936,0.6702439019183365,3e-05
branch_radon_M32_S64_k3_r32_lr6e-05_seed3418,16,0.003699517657809384,0.6682364394548567,3e-05
branch_radon_M32_S64_k3_r32_lr6e-05_seed3418,17,0.013543759542112122,0.6552680456140119,9e-06
branch_radon_M32_S64_k3_r32_lr6e-05_seed3418,18,0.0038114121282116593,0.6632151534990399,9e-06
branch_radon_M32_S64_k3_r32_lr6e-05_seed3418,19,0.007604156350669056,0.6513547234791004,9e-06
branch_radon_M32_S64_k3_r32_lr6e-05_seed3418,20,0.0018751935693884822,0.666160297366797,2.7e-06
branch_no_communication_lr3e-05_seed3416,1,0.2382636273963542,0.6176030323971056,
branch_no_communication_lr3e-05_seed3416,2,0.23322138078274984,0.6251324522762572,
branch_no_communication_lr3e-05_seed3416,3,0.1619940086303255,0.582331839742003,
branch_no_communication_lr3e-05_seed3416,4,0.0995389128139219,0.6194243023511317,
branch_no_communication_lr3e-05_seed3416,5,0.035858738909569816,0.6430959587106377,
branch_no_communication_lr3e-05_seed3416,6,0.028560710957427096,0.627016501650126,
branch_no_communication_lr3e-05_seed3416,7,0.02322482916672384,0.6552125800815375,
branch_no_communication_lr3e-05_seed3416,8,0.011009912131445577,0.6469230342274225,
branch_no_communication_lr3e-05_seed3417,1,0.14821673437505017,0.5501484601904363,
branch_no_communication_lr3e-05_seed3417,2,0.1823888022387754,0.5769543505420138,
branch_no_communication_lr3e-05_seed3417,3,0.15714333541809192,0.5540211095685539,
branch_no_communication_lr3e-05_seed3417,4,0.07988540963210826,0.6024629716162009,
branch_no_communication_lr3e-05_seed3417,5,0.037156565447892004,0.5990379197713522,
branch_no_communication_lr3e-05_seed3417,6,0.020833298362440817,0.6123415768550746,
branch_no_communication_lr3e-05_seed3417,7,0.012629446623842468,0.6215108195862497,
branch_no_communication_lr3e-05_seed3417,8,0.02124081851061304,0.6266280000726379,
branch_no_communication_lr3e-05_seed3418,1,0.22905723648617352,0.615950128103153,
branch_no_communication_lr3e-05_seed3418,2,0.23413932442523633,0.5872688855755147,
branch_no_communication_lr3e-05_seed3418,3,0.2238820487916281,0.6139158288369051,
branch_no_communication_lr3e-05_seed3418,4,0.10398270572606427,0.6505973605844109,
branch_no_communication_lr3e-05_seed3418,5,0.029771955697089906,0.6241317013802293,
branch_no_communication_lr3e-05_seed3418,6,0.020249293738374887,0.6225678990613521,
branch_no_communication_lr3e-05_seed3418,7,0.02160488424861002,0.6299743576805812,
branch_no_communication_lr3e-05_seed3418,8,0.013814168403815195,0.6299369402241268,
branch_no_communication_lr6e-05_seed3416,1,0.5899130260642571,0.5740407577564206,
branch_no_communication_lr6e-05_seed3416,2,0.6075512355641474,0.5926036072772617,
branch_no_communication_lr6e-05_seed3416,3,0.4708999589651446,0.5893202596882567,
branch_no_communication_lr6e-05_seed3416,4,0.2516075976758818,0.6235635993577494,
branch_no_communication_lr6e-05_seed3416,5,0.09774762343709605,0.6227622587510543,
branch_no_communication_lr6e-05_seed3416,6,0.05987961716136506,0.608559989218576,
branch_no_communication_lr6e-05_seed3416,7,0.03297341535386594,0.6242876969692024,
branch_no_communication_lr6e-05_seed3416,8,0.017518390636136638,0.6280132669924585,
branch_no_communication_lr6e-05_seed3417,1,0.5754047021081176,0.4555201926937548,
branch_no_communication_lr6e-05_seed3417,2,0.5115731107660487,0.5381675231763347,
branch_no_communication_lr6e-05_seed3417,3,0.4870707383261451,0.590209348450156,
branch_no_communication_lr6e-05_seed3417,4,0.19234795630261114,0.5903844525576967,
branch_no_communication_lr6e-05_seed3417,5,0.07679509408506742,0.6126646062264962,
branch_no_communication_lr6e-05_seed3417,6,0.050583684150884045,0.6108086011654753,
branch_no_communication_lr6e-05_seed3417,7,0.027491655239770544,0.6230823984287145,
branch_no_communication_lr6e-05_seed3417,8,0.024587759613265765,0.6196867248598554,
branch_no_communication_lr6e-05_seed3418,1,0.6766453088096143,0.5674530628908399,
branch_no_communication_lr6e-05_seed3418,2,0.6175559202704248,0.6311564649688277,
branch_no_communication_lr6e-05_seed3418,3,0.5212127664421178,0.5321212354363435,
branch_no_communication_lr6e-05_seed3418,4,0.23702877179919918,0.6416911563970387,
branch_no_communication_lr6e-05_seed3418,5,0.07315635897478537,0.6310937600411284,
branch_no_communication_lr6e-05_seed3418,6,0.04729717991998584,0.6452375663334567,
branch_no_communication_lr6e-05_seed3418,7,0.030772449428074156,0.6276518661479076,
branch_no_communication_lr6e-05_seed3418,8,0.021785860527542573,0.636512759607076,
branch_mmtm_hidden128_lr3e-05_seed3416,1,0.23978037212657022,0.6241657403629235,0.0001
branch_mmtm_hidden128_lr3e-05_seed3416,2,0.24274865054537223,0.5626580008374027,0.0001
branch_mmtm_hidden128_lr3e-05_seed3416,3,0.1732317339157379,0.5704992254425665,3e-05
branch_mmtm_hidden128_lr3e-05_seed3416,4,0.09364332294068005,0.6178060094454498,3e-05
branch_mmtm_hidden128_lr3e-05_seed3416,5,0.0351241890612188,0.6531169781229719,3e-05
branch_mmtm_hidden128_lr3e-05_seed3416,6,0.02480232429136581,0.6446468735942421,9e-06
branch_mmtm_hidden128_lr3e-05_seed3416,7,0.019627024985841016,0.6563979536390572,9e-06
branch_mmtm_hidden128_lr3e-05_seed3416,8,0.013053269984268383,0.6536131869990516,9e-06
branch_mmtm_hidden128_lr3e-05_seed3417,1,0.14665163099718623,0.5929941998406969,0.0001
branch_mmtm_hidden128_lr3e-05_seed3417,2,0.18865748452718217,0.587858561272955,0.0001
branch_mmtm_hidden128_lr3e-05_seed3417,3,0.20647289152433979,0.6140716996947064,3e-05
branch_mmtm_hidden128_lr3e-05_seed3417,4,0.06229130841373124,0.6064073700682571,3e-05
branch_mmtm_hidden128_lr3e-05_seed3417,5,0.029805143299303314,0.6057153625796814,3e-05
branch_mmtm_hidden128_lr3e-05_seed3417,6,0.018281683633752356,0.6262783801372764,9e-06
branch_mmtm_hidden128_lr3e-05_seed3417,7,0.013103553690782548,0.6215784289260432,9e-06
branch_mmtm_hidden128_lr3e-05_seed3417,8,0.014122506569705526,0.6298916802726018,9e-06
branch_mmtm_hidden128_lr3e-05_seed3418,1,0.22273404507815273,0.6119861648011583,0.0001
branch_mmtm_hidden128_lr3e-05_seed3418,2,0.23162505003517564,0.593560606060606,0.0001
branch_mmtm_hidden128_lr3e-05_seed3418,3,0.19979029139385948,0.5935513933061106,3e-05
branch_mmtm_hidden128_lr3e-05_seed3418,4,0.09396940135231972,0.6222885394259359,3e-05
branch_mmtm_hidden128_lr3e-05_seed3418,5,0.0330327675078076,0.6187558383710083,3e-05
branch_mmtm_hidden128_lr3e-05_seed3418,6,0.018898863621686787,0.6183310526720989,9e-06
branch_mmtm_hidden128_lr3e-05_seed3418,7,0.021760710024000793,0.6214521161965914,9e-06
branch_mmtm_hidden128_lr3e-05_seed3418,8,0.013198222552574993,0.6367732452729821,9e-06
branch_mmtm_hidden128_lr6e-05_seed3416,1,0.5851096420348445,0.5663874562841105,0.0001
branch_mmtm_hidden128_lr6e-05_seed3416,2,0.6174348564464834,0.6423803051421968,0.0001
branch_mmtm_hidden128_lr6e-05_seed3416,3,0.5077503781907166,0.5903575256895679,3e-05
branch_mmtm_hidden128_lr6e-05_seed3416,4,0.23764995711890957,0.5954082856926828,3e-05
branch_mmtm_hidden128_lr6e-05_seed3416,5,0.11000630280733863,0.6383832606198877,3e-05
branch_mmtm_hidden128_lr6e-05_seed3416,6,0.064589982050695,0.6004773932877432,9e-06
branch_mmtm_hidden128_lr6e-05_seed3416,7,0.028798071962274328,0.6449146111061086,9e-06
branch_mmtm_hidden128_lr6e-05_seed3416,8,0.020212423563286473,0.6401191058754864,9e-06
branch_mmtm_hidden128_lr6e-05_seed3417,1,0.5748779720897916,0.45270677597717635,0.0001
branch_mmtm_hidden128_lr6e-05_seed3417,2,0.49548685588414154,0.5247055779961076,0.0001
branch_mmtm_hidden128_lr6e-05_seed3417,3,0.5104948280355598,0.5520798323142414,3e-05
branch_mmtm_hidden128_lr6e-05_seed3417,4,0.17991176101414463,0.6028709098270829,3e-05
branch_mmtm_hidden128_lr6e-05_seed3417,5,0.07585705776958243,0.6070689954936521,3e-05
branch_mmtm_hidden128_lr6e-05_seed3417,6,0.0525194679363336,0.6095765386032799,9e-06
branch_mmtm_hidden128_lr6e-05_seed3417,7,0.028586289283224157,0.6080289526795578,9e-06
branch_mmtm_hidden128_lr6e-05_seed3417,8,0.02689233187017255,0.6178876915138525,9e-06
branch_mmtm_hidden128_lr6e-05_seed3418,1,0.6732057955740844,0.5856348866839838,0.0001
branch_mmtm_hidden128_lr6e-05_seed3418,2,0.6313762238508538,0.569508781363964,0.0001
branch_mmtm_hidden128_lr6e-05_seed3418,3,0.4906958779202232,0.6124799058165487,3e-05
branch_mmtm_hidden128_lr6e-05_seed3418,4,0.23625701868647261,0.6069728762222633,3e-05
branch_mmtm_hidden128_lr6e-05_seed3418,5,0.0841176356071064,0.6079938035110819,3e-05
branch_mmtm_hidden128_lr6e-05_seed3418,6,0.055413274342029153,0.6271485336722893,9e-06
branch_mmtm_hidden128_lr6e-05_seed3418,7,0.037100058485152604,0.623054329633429,9e-06
branch_mmtm_hidden128_lr6e-05_seed3418,8,0.023036367139820293,0.6300653504043334,9e-06
branch_mmtm_hidden256_lr3e-05_seed3416,1,0.23958214716632156,0.6250818565068441,0.0001
branch_mmtm_hidden256_lr3e-05_seed3416,2,0.23185031896433497,0.6178225160495894,0.0001
branch_mmtm_hidden256_lr3e-05_seed3416,3,0.16633970567461434,0.6068946396219124,3e-05
branch_mmtm_hidden256_lr3e-05_seed3416,4,0.11065832160920187,0.6174254226530494,3e-05
branch_mmtm_hidden256_lr3e-05_seed3416,5,0.035936852189110996,0.6508312451228365,3e-05
branch_mmtm_hidden256_lr3e-05_seed3416,6,0.02573738285285845,0.6355105946818552,9e-06
branch_mmtm_hidden256_lr3e-05_seed3416,7,0.025728796313286912,0.6535639039681934,9e-06
branch_mmtm_hidden256_lr3e-05_seed3416,8,0.012228853960780875,0.65370694244705,9e-06
branch_mmtm_hidden256_lr3e-05_seed3417,1,0.1478361145274926,0.5503402256395067,0.0001
branch_mmtm_hidden256_lr3e-05_seed3417,2,0.18851369637642293,0.5715454282392426,0.0001
branch_mmtm_hidden256_lr3e-05_seed3417,3,0.1852532441438989,0.5711365687737638,3e-05
branch_mmtm_hidden256_lr3e-05_seed3417,4,0.06206920117145711,0.6071817319658446,3e-05
branch_mmtm_hidden256_lr3e-05_seed3417,5,0.032356746226572725,0.6097592909201918,3e-05
branch_mmtm_hidden256_lr3e-05_seed3417,6,0.020128774637197252,0.605096550048787,9e-06
branch_mmtm_hidden256_lr3e-05_seed3417,7,0.012543559334862718,0.6147065540077643,9e-06
branch_mmtm_hidden256_lr3e-05_seed3417,8,0.015668392234446504,0.6047252182845403,9e-06
branch_mmtm_hidden256_lr3e-05_seed3418,1,0.22579489779788292,0.6104234488391355,0.0001
branch_mmtm_hidden256_lr3e-05_seed3418,2,0.23266148983347643,0.6039372150734454,0.0001
branch_mmtm_hidden256_lr3e-05_seed3418,3,0.19329570423033607,0.5973595542259542,3e-05
branch_mmtm_hidden256_lr3e-05_seed3418,4,0.09811923539419246,0.6305380924570866,3e-05
branch_mmtm_hidden256_lr3e-05_seed3418,5,0.022229814826056973,0.6239624248685004,3e-05
branch_mmtm_hidden256_lr3e-05_seed3418,6,0.020093799599658558,0.6290165123598641,9e-06
branch_mmtm_hidden256_lr3e-05_seed3418,7,0.01959111429036218,0.6349235460911928,9e-06
branch_mmtm_hidden256_lr3e-05_seed3418,8,0.013170318500267024,0.6401763454572215,9e-06
branch_mmtm_hidden256_lr6e-05_seed3416,1,0.5902266010076185,0.5510519002660021,0.0001
branch_mmtm_hidden256_lr6e-05_seed3416,2,0.6132362471728385,0.6292536011535071,0.0001
branch_mmtm_hidden256_lr6e-05_seed3416,3,0.4684190486993971,0.6094595487008534,3e-05
branch_mmtm_hidden256_lr6e-05_seed3416,4,0.2358937817566757,0.624382082987598,3e-05
branch_mmtm_hidden256_lr6e-05_seed3416,5,0.09685158904028844,0.6450505187203148,3e-05
branch_mmtm_hidden256_lr6e-05_seed3416,6,0.06294436539417203,0.6425999889970841,9e-06
branch_mmtm_hidden256_lr6e-05_seed3416,7,0.037246489646856354,0.647688477407976,9e-06
branch_mmtm_hidden256_lr6e-05_seed3416,8,0.022517698317400733,0.6550191062716801,9e-06
branch_mmtm_hidden256_lr6e-05_seed3417,1,0.5772366266744801,0.44334453880945623,0.0001
branch_mmtm_hidden256_lr6e-05_seed3417,2,0.4759760189659988,0.5468650489613911,0.0001
branch_mmtm_hidden256_lr6e-05_seed3417,3,0.47007972742371923,0.6083239667616971,3e-05
branch_mmtm_hidden256_lr6e-05_seed3417,4,0.18792858830641343,0.6119262488405783,3e-05
branch_mmtm_hidden256_lr6e-05_seed3417,5,0.08928853361218979,0.5714479862799859,3e-05
branch_mmtm_hidden256_lr6e-05_seed3417,6,0.04789212128866605,0.6066081730976458,9e-06
branch_mmtm_hidden256_lr6e-05_seed3417,7,0.023638015189296507,0.5995165939802425,9e-06
branch_mmtm_hidden256_lr6e-05_seed3417,8,0.024600966311873324,0.6075444529902824,9e-06
branch_mmtm_hidden256_lr6e-05_seed3418,1,0.6646327957145493,0.5595238095238095,0.0001
branch_mmtm_hidden256_lr6e-05_seed3418,2,0.6401569417005852,0.6186566989071658,0.0001
branch_mmtm_hidden256_lr6e-05_seed3418,3,0.539320700908009,0.6272691465018998,3e-05
branch_mmtm_hidden256_lr6e-05_seed3418,4,0.2312748167616657,0.6299336363939799,3e-05
branch_mmtm_hidden256_lr6e-05_seed3418,5,0.07736637225209535,0.6397087768794338,3e-05
branch_mmtm_hidden256_lr6e-05_seed3418,6,0.05634148586895081,0.6173873255547929,9e-06
branch_mmtm_hidden256_lr6e-05_seed3418,7,0.03412881352838506,0.6226273386815357,9e-06
branch_mmtm_hidden256_lr6e-05_seed3418,8,0.017734712107649334,0.6232336042942133,9e-06
branch_mmtm_hidden512_lr3e-05_seed3416,1,0.24201539698752422,0.6264981522359696,0.0001
branch_mmtm_hidden512_lr3e-05_seed3416,2,0.23648833764033228,0.6162951537545239,0.0001
branch_mmtm_hidden512_lr3e-05_seed3416,3,0.1749071411764886,0.6126779119878214,3e-05
branch_mmtm_hidden512_lr3e-05_seed3416,4,0.08895554475462701,0.6133603953084742,3e-05
branch_mmtm_hidden512_lr3e-05_seed3416,5,0.03615954748938403,0.6413988814410703,3e-05
branch_mmtm_hidden512_lr3e-05_seed3416,6,0.022296086207910477,0.6406121014526224,9e-06
branch_mmtm_hidden512_lr3e-05_seed3416,7,0.02450667833872552,0.6398088705315204,9e-06
branch_mmtm_hidden512_lr3e-05_seed3416,8,0.01506049017373272,0.6451267315179928,9e-06
branch_mmtm_hidden512_lr3e-05_seed3417,1,0.1429992446652319,0.5849098317345969,0.0001
branch_mmtm_hidden512_lr3e-05_seed3417,2,0.2008827105282417,0.570400705919214,0.0001
branch_mmtm_hidden512_lr3e-05_seed3417,3,0.18771989242751388,0.589219453431517,3e-05
branch_mmtm_hidden512_lr3e-05_seed3417,4,0.08834492544978091,0.6147945205479453,3e-05
branch_mmtm_hidden512_lr3e-05_seed3417,5,0.03862908452784619,0.6075360914931714,3e-05
branch_mmtm_hidden512_lr3e-05_seed3417,6,0.021667029943664946,0.6226118899055337,9e-06
branch_mmtm_hidden512_lr3e-05_seed3417,7,0.011828115218778766,0.6350555200217046,9e-06
branch_mmtm_hidden512_lr3e-05_seed3417,8,0.013020518626553549,0.6265956322362675,9e-06
branch_mmtm_hidden512_lr3e-05_seed3418,1,0.2229799238575882,0.6092069678799383,0.0001
branch_mmtm_hidden512_lr3e-05_seed3418,2,0.22157829028518894,0.6150872625126966,0.0001
branch_mmtm_hidden512_lr3e-05_seed3418,3,0.1845692657759484,0.5779484098528416,3e-05
branch_mmtm_hidden512_lr3e-05_seed3418,4,0.09455512587682498,0.6333920899233829,3e-05
branch_mmtm_hidden512_lr3e-05_seed3418,5,0.037653276191352385,0.6371961734671824,3e-05
branch_mmtm_hidden512_lr3e-05_seed3418,6,0.018703932330878806,0.6392266229498975,9e-06
branch_mmtm_hidden512_lr3e-05_seed3418,7,0.025085517749060652,0.6314607002834267,9e-06
branch_mmtm_hidden512_lr3e-05_seed3418,8,0.015227178726905273,0.6349865029904579,9e-06
branch_mmtm_hidden512_lr6e-05_seed3416,1,0.5904675582541695,0.5804065151294628,0.0001
branch_mmtm_hidden512_lr6e-05_seed3416,2,0.596924070316025,0.6137334144464682,0.0001
branch_mmtm_hidden512_lr6e-05_seed3416,3,0.445217695794528,0.6003964103042188,3e-05
branch_mmtm_hidden512_lr6e-05_seed3416,4,0.2506589797808777,0.6148252993482257,3e-05
branch_mmtm_hidden512_lr6e-05_seed3416,5,0.09114459745255829,0.6263666441723137,3e-05
branch_mmtm_hidden512_lr6e-05_seed3416,6,0.05494226250927188,0.6136705395245347,9e-06
branch_mmtm_hidden512_lr6e-05_seed3416,7,0.029813782496177416,0.6382289851548211,9e-06
branch_mmtm_hidden512_lr6e-05_seed3416,8,0.021416733259500206,0.6349461912424916,9e-06
branch_mmtm_hidden512_lr6e-05_seed3417,1,0.5845265060285979,0.4608930412347537,0.0001
branch_mmtm_hidden512_lr6e-05_seed3417,2,0.4859799632354628,0.5220979850758172,0.0001
branch_mmtm_hidden512_lr6e-05_seed3417,3,0.4872972706827936,0.6060023002198066,3e-05
branch_mmtm_hidden512_lr6e-05_seed3417,4,0.18307457456388807,0.610163777692298,3e-05
branch_mmtm_hidden512_lr6e-05_seed3417,5,0.06698171480240513,0.5944871634233866,3e-05
branch_mmtm_hidden512_lr6e-05_seed3417,6,0.050703160547285894,0.5971327855549287,9e-06
branch_mmtm_hidden512_lr6e-05_seed3417,7,0.024198606014959042,0.6131735741905233,9e-06
branch_mmtm_hidden512_lr6e-05_seed3417,8,0.02639386875339772,0.610975469382019,9e-06
branch_mmtm_hidden512_lr6e-05_seed3418,1,0.6713722938424141,0.5506495633245817,0.0001
branch_mmtm_hidden512_lr6e-05_seed3418,2,0.6383894702678994,0.5570072678919915,0.0001
branch_mmtm_hidden512_lr6e-05_seed3418,3,0.5280946461083014,0.5500879357926133,3e-05
branch_mmtm_hidden512_lr6e-05_seed3418,4,0.23239321431404428,0.6388555805866216,3e-05
branch_mmtm_hidden512_lr6e-05_seed3418,5,0.08044096273429031,0.6418712994979152,3e-05
branch_mmtm_hidden512_lr6e-05_seed3418,6,0.046403272330902426,0.6362149921744893,9e-06
branch_mmtm_hidden512_lr6e-05_seed3418,7,0.032463794099638545,0.6418155138467996,9e-06
branch_mmtm_hidden512_lr6e-05_seed3418,8,0.02030221970244959,0.6343820615469613,9e-06
branch_mmtm_hidden1024_lr3e-05_seed3416,1,0.2396010006011664,0.6207569717500776,0.0001
branch_mmtm_hidden1024_lr3e-05_seed3416,2,0.2323816787640128,0.5994013388070409,0.0001
branch_mmtm_hidden1024_lr3e-05_seed3416,3,0.17339273513872414,0.5978069667906735,3e-05
branch_mmtm_hidden1024_lr3e-05_seed3416,4,0.09604287997206461,0.6398733363494997,3e-05
branch_mmtm_hidden1024_lr3e-05_seed3416,5,0.03644567021003724,0.6367743252308866,3e-05
branch_mmtm_hidden1024_lr3e-05_seed3416,6,0.0225308364680143,0.6266587497062733,9e-06
branch_mmtm_hidden1024_lr3e-05_seed3416,7,0.018823813454357057,0.6478001128783087,9e-06
branch_mmtm_hidden1024_lr3e-05_seed3416,8,0.013117657707270258,0.6450502332855274,9e-06
branch_mmtm_hidden1024_lr3e-05_seed3417,1,0.1459287248280701,0.5796100565559474,0.0001
branch_mmtm_hidden1024_lr3e-05_seed3417,2,0.21995235659488582,0.5924066379434277,0.0001
branch_mmtm_hidden1024_lr3e-05_seed3417,3,0.18587009798546758,0.5896500106636208,3e-05
branch_mmtm_hidden1024_lr3e-05_seed3417,4,0.07229629674000972,0.6112109911062102,3e-05
branch_mmtm_hidden1024_lr3e-05_seed3417,5,0.03199213089884106,0.5838753588753589,3e-05
branch_mmtm_hidden1024_lr3e-05_seed3417,6,0.02149520190712654,0.6043806383339472,9e-06
branch_mmtm_hidden1024_lr3e-05_seed3417,7,0.0096119811174112,0.6096016283416124,9e-06
branch_mmtm_hidden1024_lr3e-05_seed3417,8,0.01594641903887615,0.6165172817877718,9e-06
branch_mmtm_hidden1024_lr3e-05_seed3418,1,0.2265220468545545,0.6077008167880417,0.0001
branch_mmtm_hidden1024_lr3e-05_seed3418,2,0.22752441121618958,0.609097508012319,0.0001
branch_mmtm_hidden1024_lr3e-05_seed3418,3,0.1973997994762244,0.6205002051980508,3e-05
branch_mmtm_hidden1024_lr3e-05_seed3418,4,0.07095879595726728,0.6468648600247697,3e-05
branch_mmtm_hidden1024_lr3e-05_seed3418,5,0.02647786750458181,0.6225925387213365,3e-05
branch_mmtm_hidden1024_lr3e-05_seed3418,6,0.019403780778115498,0.6457044779004772,9e-06
branch_mmtm_hidden1024_lr3e-05_seed3418,7,0.0200013131001976,0.6433492078947469,9e-06
branch_mmtm_hidden1024_lr3e-05_seed3418,8,0.01515866642673441,0.6350777436189624,9e-06
branch_mmtm_hidden1024_lr6e-05_seed3416,1,0.5838951142151144,0.57222566477374,0.0001
branch_mmtm_hidden1024_lr6e-05_seed3416,2,0.5844230180299734,0.579217723210895,0.0001
branch_mmtm_hidden1024_lr6e-05_seed3416,3,0.45014759285163275,0.5816651409249104,3e-05
branch_mmtm_hidden1024_lr6e-05_seed3416,4,0.25198237376311156,0.6073966437511474,3e-05
branch_mmtm_hidden1024_lr6e-05_seed3416,5,0.0933417404023341,0.6151635594693671,3e-05
branch_mmtm_hidden1024_lr6e-05_seed3416,6,0.06476139968048923,0.5908353697562111,9e-06
branch_mmtm_hidden1024_lr6e-05_seed3416,7,0.035184104443539546,0.6346920788891341,9e-06
branch_mmtm_hidden1024_lr6e-05_seed3416,8,0.022451903348305276,0.624180300041525,9e-06
branch_mmtm_hidden1024_lr6e-05_seed3417,1,0.5888613814700253,0.5175233730044537,0.0001
branch_mmtm_hidden1024_lr6e-05_seed3417,2,0.5412532392936417,0.5503081019242975,0.0001
branch_mmtm_hidden1024_lr6e-05_seed3417,3,0.4791366606007648,0.5802338314090321,3e-05
branch_mmtm_hidden1024_lr6e-05_seed3417,4,0.1882930493241624,0.5939341404084726,3e-05
branch_mmtm_hidden1024_lr6e-05_seed3417,5,0.0858631121654865,0.5918749790513422,3e-05
branch_mmtm_hidden1024_lr6e-05_seed3417,6,0.05133700415586369,0.6101560706749481,9e-06
branch_mmtm_hidden1024_lr6e-05_seed3417,7,0.024813407532505313,0.6046848401951568,9e-06
branch_mmtm_hidden1024_lr6e-05_seed3417,8,0.021943241505164513,0.6061747182789754,9e-06
branch_mmtm_hidden1024_lr6e-05_seed3418,1,0.66269895658958,0.5888290463632109,0.0001
branch_mmtm_hidden1024_lr6e-05_seed3418,2,0.5936615059647379,0.6123019618418392,0.0001
branch_mmtm_hidden1024_lr6e-05_seed3418,3,0.5016478098268751,0.5929776541064222,3e-05
branch_mmtm_hidden1024_lr6e-05_seed3418,4,0.24447007024589973,0.6316447428104872,3e-05
branch_mmtm_hidden1024_lr6e-05_seed3418,5,0.07491784331777805,0.6232695071128489,3e-05
branch_mmtm_hidden1024_lr6e-05_seed3418,6,0.0449212812965948,0.6298055957045902,9e-06
branch_mmtm_hidden1024_lr6e-05_seed3418,7,0.03217254091449129,0.6249789063026454,9e-06
branch_mmtm_hidden1024_lr6e-05_seed3418,8,0.01633101398835572,0.6327822948839551,9e-06
branch_attention_d256_lr3e-05_seed3416,1,0.2561933648407082,0.6368402130927869,0.0001
branch_attention_d256_lr3e-05_seed3416,2,0.2393875654928292,0.6168523434148434,0.0001
branch_attention_d256_lr3e-05_seed3416,3,0.21195676698809182,0.590083950848105,3e-05
branch_attention_d256_lr3e-05_seed3416,4,0.09404822169579094,0.6093906785627441,3e-05
branch_attention_d256_lr3e-05_seed3416,5,0.03935738871481175,0.641157331971745,3e-05
branch_attention_d256_lr3e-05_seed3416,6,0.02823788631129774,0.6113349089284826,9e-06
branch_attention_d256_lr3e-05_seed3416,7,0.018605769615579113,0.6565422840432262,9e-06
branch_attention_d256_lr3e-05_seed3416,8,0.011276328498188147,0.6502543562131783,9e-06
branch_attention_d256_lr3e-05_seed3417,1,0.1705275757320791,0.6176103792336798,0.0001
branch_attention_d256_lr3e-05_seed3417,2,0.21835585634660307,0.5875485030682452,0.0001
branch_attention_d256_lr3e-05_seed3417,3,0.17287155746222957,0.585786455601593,3e-05
branch_attention_d256_lr3e-05_seed3417,4,0.08155338085312515,0.6162737449493341,3e-05
branch_attention_d256_lr3e-05_seed3417,5,0.03329727721556762,0.5940123702071467,3e-05
branch_attention_d256_lr3e-05_seed3417,6,0.01985835697895352,0.6129257193075126,9e-06
branch_attention_d256_lr3e-05_seed3417,7,0.017801199508079363,0.618222997946892,9e-06
branch_attention_d256_lr3e-05_seed3417,8,0.014825570521414975,0.6283557807075102,9e-06
branch_attention_d256_lr3e-05_seed3418,1,0.2437262163450352,0.6127463200010361,0.0001
branch_attention_d256_lr3e-05_seed3418,2,0.23593722081071214,0.5993224287363292,0.0001
branch_attention_d256_lr3e-05_seed3418,3,0.20657889240220945,0.624959026610404,3e-05
branch_attention_d256_lr3e-05_seed3418,4,0.0838193981053567,0.651883991778945,3e-05
branch_attention_d256_lr3e-05_seed3418,5,0.02480528679642461,0.6381563699606922,3e-05
branch_attention_d256_lr3e-05_seed3418,6,0.016334307182556653,0.6486125537913637,3e-05
branch_attention_d256_lr3e-05_seed3418,7,0.023642414579568786,0.6357509605640993,9e-06
branch_attention_d256_lr3e-05_seed3418,8,0.017981125786200553,0.6468149431151761,9e-06
branch_attention_d256_lr3e-05_seed3418,9,0.01720919628252564,0.650087443563405,9e-06
branch_attention_d256_lr3e-05_seed3418,10,0.006612529558176764,0.6349153339086784,2.7e-06
branch_attention_d256_lr6e-05_seed3416,1,0.5939828938321222,0.5473075224829138,0.0001
branch_attention_d256_lr6e-05_seed3416,2,0.582682992838606,0.626033163432614,0.0001
branch_attention_d256_lr6e-05_seed3416,3,0.4759595737427096,0.5793691469039743,3e-05
branch_attention_d256_lr6e-05_seed3416,4,0.2341428887381961,0.6502359317353487,3e-05
branch_attention_d256_lr6e-05_seed3416,5,0.07515309599546503,0.6533584657218507,3e-05
branch_attention_d256_lr6e-05_seed3416,6,0.06075782887932338,0.6445810725222489,9e-06
branch_attention_d256_lr6e-05_seed3416,7,0.034006062304141306,0.6653166308551943,9e-06
branch_attention_d256_lr6e-05_seed3416,8,0.021474336308598095,0.6532937257192992,9e-06
branch_attention_d256_lr6e-05_seed3416,9,0.02683538489509374,0.6569915653774299,9e-06
branch_attention_d256_lr6e-05_seed3416,10,0.017952371480037706,0.6636033354957439,2.7e-06
branch_attention_d256_lr6e-05_seed3416,11,0.02404417750083759,0.6587303649382816,2.7e-06
branch_attention_d256_lr6e-05_seed3416,12,0.010686589283736045,0.6638419618935406,2.7e-06
branch_attention_d256_lr6e-05_seed3416,13,0.0255739572432181,0.6618229921788197,8.1e-07
branch_attention_d256_lr6e-05_seed3417,1,0.5763591283201417,0.4652675868987827,0.0001
branch_attention_d256_lr6e-05_seed3417,2,0.5472376403174822,0.5221518396203152,0.0001
branch_attention_d256_lr6e-05_seed3417,3,0.5276673527646668,0.5278057670939149,3e-05
branch_attention_d256_lr6e-05_seed3417,4,0.188393158272286,0.6113008892213512,3e-05
branch_attention_d256_lr6e-05_seed3417,5,0.09214348960196293,0.5951352647849317,3e-05
branch_attention_d256_lr6e-05_seed3417,6,0.04803662283251746,0.6137888247609484,9e-06
branch_attention_d256_lr6e-05_seed3417,7,0.024730193738153654,0.6317039551251564,9e-06
branch_attention_d256_lr6e-05_seed3417,8,0.0224356011110299,0.6266006937911773,9e-06
branch_attention_d256_lr6e-05_seed3418,1,0.6713460876983649,0.5787357848310819,0.0001
branch_attention_d256_lr6e-05_seed3418,2,0.6611361833690088,0.6095531767583149,0.0001
branch_attention_d256_lr6e-05_seed3418,3,0.48147262934642504,0.6130820498830423,3e-05
branch_attention_d256_lr6e-05_seed3418,4,0.23752307094916514,0.6115470237605881,3e-05
branch_attention_d256_lr6e-05_seed3418,5,0.07433324165736573,0.6349190433749257,3e-05
branch_attention_d256_lr6e-05_seed3418,6,0.043920670218966146,0.6063818260254088,9e-06
branch_attention_d256_lr6e-05_seed3418,7,0.030434421680667262,0.6570135358672333,9e-06
branch_attention_d256_lr6e-05_seed3418,8,0.023542999659806396,0.6512702696556883,9e-06
branch_attention_d256_lr6e-05_seed3418,9,0.02814256431847292,0.6602993036314502,9e-06
branch_attention_d256_lr6e-05_seed3418,10,0.011107320461092116,0.6536196729613345,9e-06
branch_attention_d256_lr6e-05_seed3418,11,0.024074102404138334,0.6571992907931137,9e-06
branch_attention_d256_lr6e-05_seed3418,12,0.01475819717993948,0.6698806899552153,9e-06
branch_attention_d256_lr6e-05_seed3418,13,0.017235031632906933,0.6616978713084761,9e-06
branch_attention_d256_lr6e-05_seed3418,14,0.012044461091090277,0.661818736857055,9e-06
branch_attention_d256_lr6e-05_seed3418,15,0.0069432765509950915,0.6633045366681906,2.7e-06
branch_attention_d256_lr6e-05_seed3418,16,0.017668217231034702,0.6615134077274111,2.7e-06
branch_attention_d256_lr6e-05_seed3418,17,0.014395811881455946,0.6704608190052747,2.7e-06
branch_attention_d256_lr6e-05_seed3418,18,0.0039618069951089475,0.6634112186477157,8.1e-07
branch_attention_d1024_lr3e-05_seed3416,1,0.2825408307010237,0.5723797145016098,0.0001
branch_attention_d1024_lr3e-05_seed3416,2,0.2528482672487256,0.6434587459571368,0.0001
branch_attention_d1024_lr3e-05_seed3416,3,0.1926796926609889,0.5850169049792563,3e-05
branch_attention_d1024_lr3e-05_seed3416,4,0.09151902321513884,0.6297137606220604,3e-05
branch_attention_d1024_lr3e-05_seed3416,5,0.04898796165568306,0.6209181657297996,3e-05
branch_attention_d1024_lr3e-05_seed3416,6,0.0202895470827087,0.6452617869204638,9e-06
branch_attention_d1024_lr3e-05_seed3416,7,0.015202021262390375,0.6598622723421534,9e-06
branch_attention_d1024_lr3e-05_seed3416,8,0.011820549903882526,0.6604181863161996,9e-06
branch_attention_d1024_lr3e-05_seed3417,1,0.18032870395698503,0.6045519406392694,0.0001
branch_attention_d1024_lr3e-05_seed3417,2,0.21557547038869013,0.5477334667177234,0.0001
branch_attention_d1024_lr3e-05_seed3417,3,0.20877000635867066,0.5910215220133108,3e-05
branch_attention_d1024_lr3e-05_seed3417,4,0.08432611617881546,0.6106121536076075,3e-05
branch_attention_d1024_lr3e-05_seed3417,5,0.04037527193733833,0.608704215381805,3e-05
branch_attention_d1024_lr3e-05_seed3417,6,0.022566580825892007,0.6466624631019817,3e-05
branch_attention_d1024_lr3e-05_seed3417,7,0.014387477302770542,0.6449032921605282,3e-05
branch_attention_d1024_lr3e-05_seed3417,8,0.02245054761378118,0.6352786703357839,3e-05
branch_attention_d1024_lr3e-05_seed3417,9,0.01629587205287505,0.6293426905138799,9e-06
branch_attention_d1024_lr3e-05_seed3417,10,0.02367320027083742,0.6383530100937275,9e-06
branch_attention_d1024_lr3e-05_seed3417,11,0.0054616257633985895,0.636822415635975,9e-06
branch_attention_d1024_lr3e-05_seed3417,12,0.026435420064836197,0.6203597323722879,2.7e-06
branch_attention_d1024_lr3e-05_seed3418,1,0.2665495731915005,0.5629237374853672,0.0001
branch_attention_d1024_lr3e-05_seed3418,2,0.25754887873566223,0.6223210327883777,0.0001
branch_attention_d1024_lr3e-05_seed3418,3,0.22339590069472412,0.5983415201049296,3e-05
branch_attention_d1024_lr3e-05_seed3418,4,0.10360441946342022,0.6652125367097915,3e-05
branch_attention_d1024_lr3e-05_seed3418,5,0.026291495340852702,0.6689829734150231,3e-05
branch_attention_d1024_lr3e-05_seed3418,6,0.028171795925060642,0.6671809643033779,3e-05
branch_attention_d1024_lr3e-05_seed3418,7,0.025611018233334268,0.6619714106000328,3e-05
branch_attention_d1024_lr3e-05_seed3418,8,0.021101230309312408,0.6648812391813841,9e-06
branch_attention_d1024_lr3e-05_seed3418,9,0.021153446169027798,0.6621124846311669,9e-06
branch_attention_d1024_lr3e-05_seed3418,10,0.009975246852816413,0.6620850154395268,9e-06
branch_attention_d1024_lr3e-05_seed3418,11,0.02370186157405223,0.6688880661483401,2.7e-06
branch_attention_d1024_lr6e-05_seed3416,1,0.658620339028443,0.48635006513622514,0.0001
branch_attention_d1024_lr6e-05_seed3416,2,0.6148851832634286,0.5729600620110755,0.0001
branch_attention_d1024_lr6e-05_seed3416,3,0.4376594629846042,0.5601297974216526,3e-05
branch_attention_d1024_lr6e-05_seed3416,4,0.19281773582761047,0.6373186124570596,3e-05
branch_attention_d1024_lr6e-05_seed3416,5,0.07823216828482249,0.6532540217593453,3e-05
branch_attention_d1024_lr6e-05_seed3416,6,0.052978167028897266,0.6501447535793249,9e-06
branch_attention_d1024_lr6e-05_seed3416,7,0.030917319576727532,0.6680665057042487,9e-06
branch_attention_d1024_lr6e-05_seed3416,8,0.016879482656021755,0.6518184251532624,9e-06
branch_attention_d1024_lr6e-05_seed3416,9,0.018233680189145094,0.6683548999750704,9e-06
branch_attention_d1024_lr6e-05_seed3416,10,0.012496754312681482,0.6671043808588412,2.7e-06
branch_attention_d1024_lr6e-05_seed3416,11,0.02273947245859883,0.6604015911388154,2.7e-06
branch_attention_d1024_lr6e-05_seed3416,12,0.008998692502073143,0.665349015903922,2.7e-06
branch_attention_d1024_lr6e-05_seed3416,13,0.028663320327619726,0.6637731154902229,8.1e-07
branch_attention_d1024_lr6e-05_seed3417,1,0.521468560812594,0.5964859420689261,0.0001
branch_attention_d1024_lr6e-05_seed3417,2,0.5233104228973389,0.5547644362979349,0.0001
branch_attention_d1024_lr6e-05_seed3417,3,0.51327265176592,0.5672969942271093,3e-05
branch_attention_d1024_lr6e-05_seed3417,4,0.1826902195999894,0.5987097519603647,3e-05
branch_attention_d1024_lr6e-05_seed3417,5,0.07766077994616537,0.6366298766592775,3e-05
branch_attention_d1024_lr6e-05_seed3417,6,0.05097569529073242,0.6363595140301255,9e-06
branch_attention_d1024_lr6e-05_seed3417,7,0.0269347615083208,0.6310566078658184,9e-06
branch_attention_d1024_lr6e-05_seed3417,8,0.02424501326403734,0.6384763774584223,9e-06
branch_attention_d1024_lr6e-05_seed3418,1,0.7013850576904472,0.6001469119116178,0.0001
branch_attention_d1024_lr6e-05_seed3418,2,0.60704869597773,0.6011530269618075,0.0001
branch_attention_d1024_lr6e-05_seed3418,3,0.48029426994580254,0.6285719955478835,3e-05
branch_attention_d1024_lr6e-05_seed3418,4,0.22947177036276348,0.6864444689133351,3e-05
branch_attention_d1024_lr6e-05_seed3418,5,0.06643709036391936,0.6768974771731904,3e-05
branch_attention_d1024_lr6e-05_seed3418,6,0.04753431550940334,0.6564166926080284,3e-05
branch_attention_d1024_lr6e-05_seed3418,7,0.05486107045560604,0.6502667049039289,9e-06
branch_attention_d1024_lr6e-05_seed3418,8,0.02744489077027722,0.67043628993282,9e-06
branch_attention_d1024_lr6e-05_seed3418,9,0.025711972939876156,0.6722782859638652,9e-06
branch_attention_d1024_lr6e-05_seed3418,10,0.009678469492635348,0.6722318470176555,2.7e-06
