method,rho,seed_subset,difference_pp,ci95_low,ci95_high
No bridge,N/A,"[3416, 3417, 3418]",0.0,0.0,0.0
No bridge,N/A,[3416],0.0,0.0,0.0
No bridge,N/A,[3417],0.0,0.0,0.0
No bridge,N/A,[3418],0.0,0.0,0.0
Learned CM,1/16,"[3416, 3417, 3418]",1.3958470455213956,-1.4126003008484496,4.23862045682745
Learned CM,1/16,[3416],-0.0403558801437387,-4.734317059760766,4.697522534378929
Learned CM,1/16,[3417],5.307377312501693,0.5983563946511226,10.071213560880684
Learned CM,1/16,[3418],-1.0794802957937666,-5.778749839696795,3.6234805587295322
SVD / Radon,1/16,"[3416, 3417, 3418]",1.8604357118846675,-1.2361262322302051,4.942176053474086
SVD / Radon,1/16,[3416],-0.3553615941844446,-5.127668148788525,4.3933570747301545
SVD / Radon,1/16,[3417],8.103818453995649,3.043465151338437,13.169160255021454
SVD / Radon,1/16,[3418],-2.1671497241572024,-6.999541439651169,2.6848488520548623
SVD / self only,1/16,"[3416, 3417, 3418]",0.0,0.0,0.0
SVD / self only,1/16,[3416],0.0,0.0,0.0
SVD / self only,1/16,[3417],0.0,0.0,0.0
SVD / self only,1/16,[3418],0.0,0.0,0.0
SVD / scrambled Radon,1/16,"[3416, 3417, 3418]",1.087664515486612,-1.738377135486539,3.945598594427315
SVD / scrambled Radon,1/16,[3416],-2.169521867428026,-6.652553713588872,2.2821975106112804
SVD / scrambled Radon,1/16,[3417],5.065604263290191,0.3382238170373764,9.805436323260718
SVD / scrambled Radon,1/16,[3418],0.36691115059767077,-4.836977594930089,5.584866694023513
SVD / linear resampling,1/16,"[3416, 3417, 3418]",0.2291819816118442,-1.1223478479019138,1.5699371820598649
SVD / linear resampling,1/16,[3416],0.0,0.0,0.0
SVD / linear resampling,1/16,[3417],0.0,0.0,0.0
SVD / linear resampling,1/16,[3418],0.6875459448355326,-3.3670435437057415,4.709811546179595
Random QR / Radon,1/16,"[3416, 3417, 3418]",0.12183070584637819,-1.2322204878037166,1.4710535340635573
Random QR / Radon,1/16,[3416],0.0,0.0,0.0
Random QR / Radon,1/16,[3417],0.0,0.0,0.0
Random QR / Radon,1/16,[3418],0.3654921175391346,-3.69666146341115,4.413160602190672
Learned CM,1/8,"[3416, 3417, 3418]",0.8403001420753231,-1.9230773961326957,3.7060310408202715
Learned CM,1/8,[3416],0.842162287162973,-4.424304449809682,6.24270042664951
Learned CM,1/8,[3417],1.6787381390629963,-4.114828866864568,7.768655017967018
Learned CM,1/8,[3418],0.0,0.0,0.0
SVD / Radon,1/8,"[3416, 3417, 3418]",0.9675471397936342,-2.529879047653235,4.484448723167813
SVD / Radon,1/8,[3416],0.3489780271575982,-4.408563414752723,5.097350095247662
SVD / Radon,1/8,[3417],4.6899929759132934,-0.44487209269428113,9.902123117964802
SVD / Radon,1/8,[3418],-2.1363295836899887,-7.199080148035913,3.061356981827452
SVD / self only,1/8,"[3416, 3417, 3418]",0.0,0.0,0.0
SVD / self only,1/8,[3416],0.0,0.0,0.0
SVD / self only,1/8,[3417],0.0,0.0,0.0
SVD / self only,1/8,[3418],0.0,0.0,0.0
SVD / scrambled Radon,1/8,"[3416, 3417, 3418]",1.8025047654761686,-1.9182063489284438,5.6338805830433705
SVD / scrambled Radon,1/8,[3416],0.9975338763580921,-3.762688252097653,5.744280374777987
SVD / scrambled Radon,1/8,[3417],3.7140060897742133,-2.1872255376231236,9.73937503609744
SVD / scrambled Radon,1/8,[3418],0.6959743302962007,-4.821055173602969,6.348474414538786
SVD / linear resampling,1/8,"[3416, 3417, 3418]",-1.3779638865725083,-3.4632694528958523,0.6733383190795711
SVD / linear resampling,1/8,[3416],-2.748281823858234,-7.182711375149224,1.6881482308461044
SVD / linear resampling,1/8,[3417],0.0,0.0,0.0
SVD / linear resampling,1/8,[3418],-1.3856098358592916,-5.424208176491797,2.70715955844748
Random QR / Radon,1/8,"[3416, 3417, 3418]",1.4818983623948256,-1.9478705807760914,4.891949388926537
Random QR / Radon,1/8,[3416],-1.0652370830175006,-6.0674830684768555,3.8810408330669186
Random QR / Radon,1/8,[3417],5.349704644405573,0.0070372809388356775,10.63284050442093
Random QR / Radon,1/8,[3418],0.16122752579640354,-4.636994369100568,5.018388086490939
Learned CM,1/4,"[3416, 3417, 3418]",1.7945470572660567,-0.8654920500210428,4.488562643884709
Learned CM,1/4,[3416],-0.7008103364827489,-5.876290935166447,4.576624493843745
Learned CM,1/4,[3417],6.084451508280919,0.5943622178856028,11.784024021780665
Learned CM,1/4,[3418],0.0,0.0,0.0
SVD / Radon,1/4,"[3416, 3417, 3418]",1.2245407978815164,-2.523719729483082,4.910288953591818
SVD / Radon,1/4,[3416],-0.3336114591933059,-5.7869295229935025,5.207519675415764
SVD / Radon,1/4,[3417],4.715862202768539,-0.6479770785536704,10.057262754858828
SVD / Radon,1/4,[3418],-0.7086283499306845,-6.084509941785942,4.716518138595439
SVD / self only,1/4,"[3416, 3417, 3418]",0.0,0.0,0.0
SVD / self only,1/4,[3416],0.0,0.0,0.0
SVD / self only,1/4,[3417],0.0,0.0,0.0
SVD / self only,1/4,[3418],0.0,0.0,0.0
SVD / scrambled Radon,1/4,"[3416, 3417, 3418]",0.19129413697999512,-3.562001730809262,3.9559702090378863
SVD / scrambled Radon,1/4,[3416],-0.3880465087781837,-5.38721254117829,4.665550297493487
SVD / scrambled Radon,1/4,[3417],3.2977204718231956,-2.349021058287156,9.09813462795797
SVD / scrambled Radon,1/4,[3418],-2.3357915521050265,-7.793052264891104,3.242360043361112
SVD / linear resampling,1/4,"[3416, 3417, 3418]",1.2120467324473694,-1.7625909626193113,4.123776187690836
SVD / linear resampling,1/4,[3416],-0.3553615941844446,-4.829749888720755,4.058503031361264
SVD / linear resampling,1/4,[3417],1.8234727528544714,-2.7080189708175575,6.2412066767655165
SVD / linear resampling,1/4,[3418],2.1680290386720813,-2.0745560577437674,6.493968755804297
Random QR / Radon,1/4,"[3416, 3417, 3418]",1.6889325930944574,-1.7924222652423532,5.212368985452559
Random QR / Radon,1/4,[3416],0.9975338763580921,-4.213471900527168,6.238566453600414
Random QR / Radon,1/4,[3417],5.391915967314542,-0.3391097807733942,11.173106578966369
Random QR / Radon,1/4,[3418],-1.3226520643892625,-6.1925460840719175,3.6872246678213707
Centered-fit SVD / Radon,1/16,"[3416, 3417, 3418]",2.770218007951749,0.005428573430403866,5.523617119423478
Centered-fit SVD / Radon,1/16,[3416],-0.6595719881256401,-5.253039410499285,3.786434300920472
Centered-fit SVD / Radon,1/16,[3417],7.995809621070837,3.161766426972699,12.802228721474709
Centered-fit SVD / Radon,1/16,[3418],0.974416390910049,-3.777499273560605,5.884272207947662
Centered-fit SVD / self only,1/16,"[3416, 3417, 3418]",0.0,0.0,0.0
Centered-fit SVD / self only,1/16,[3416],0.0,0.0,0.0
Centered-fit SVD / self only,1/16,[3417],0.0,0.0,0.0
Centered-fit SVD / self only,1/16,[3418],0.0,0.0,0.0
Centered-fit SVD / scrambled Radon,1/16,"[3416, 3417, 3418]",0.6644676106895157,-2.228067740503958,3.4987015596334965
Centered-fit SVD / scrambled Radon,1/16,[3416],-2.730640612498525,-7.432534230887346,1.7210270738395035
Centered-fit SVD / scrambled Radon,1/16,[3417],4.028069114270871,-0.4628870762870949,8.53562299322396
Centered-fit SVD / scrambled Radon,1/16,[3418],0.6959743302962007,-4.067285323224273,5.472209886482754
Centered-fit SVD / linear resampling,1/16,"[3416, 3417, 3418]",0.0,0.0,0.0
Centered-fit SVD / linear resampling,1/16,[3416],0.0,0.0,0.0
Centered-fit SVD / linear resampling,1/16,[3417],0.0,0.0,0.0
Centered-fit SVD / linear resampling,1/16,[3418],0.0,0.0,0.0
Centered-fit SVD / Radon,1/8,"[3416, 3417, 3418]",3.050101280309621,-0.2743339231492222,6.526938197360895
Centered-fit SVD / Radon,1/8,[3416],3.3874005335044255,-1.3049636322832565,8.221864219777588
Centered-fit SVD / Radon,1/8,[3417],5.0585052091703275,-0.35714995740685107,10.599348695948368
Centered-fit SVD / Radon,1/8,[3418],0.7043980982541109,-4.587792558962058,6.053689145492606
Centered-fit SVD / self only,1/8,"[3416, 3417, 3418]",0.0,0.0,0.0
Centered-fit SVD / self only,1/8,[3416],0.0,0.0,0.0
Centered-fit SVD / self only,1/8,[3417],0.0,0.0,0.0
Centered-fit SVD / self only,1/8,[3418],0.0,0.0,0.0
Centered-fit SVD / scrambled Radon,1/8,"[3416, 3417, 3418]",0.18196633051004163,-3.1920535285734193,3.6566755978855743
Centered-fit SVD / scrambled Radon,1/8,[3416],-1.7424276572567954,-6.812239329936237,3.2095185955385612
Centered-fit SVD / scrambled Radon,1/8,[3417],4.372391493923855,-1.0634632372969857,10.03696739437872
Centered-fit SVD / scrambled Radon,1/8,[3418],-2.084064845136935,-7.418779627378851,3.2152260213264903
Centered-fit SVD / linear resampling,1/8,"[3416, 3417, 3418]",0.4882874180525872,-1.0809670004718377,2.031611637691408
Centered-fit SVD / linear resampling,1/8,[3416],0.0,0.0,0.0
Centered-fit SVD / linear resampling,1/8,[3417],1.4648622541577616,-3.2429010014155133,6.094834913074225
Centered-fit SVD / linear resampling,1/8,[3418],0.0,0.0,0.0
Centered-fit SVD / Radon,1/4,"[3416, 3417, 3418]",1.6404892377969047,-2.164698083217633,5.403226780248223
Centered-fit SVD / Radon,1/4,[3416],2.2573572864615365,-2.7603080542279232,7.389304623829599
Centered-fit SVD / Radon,1/4,[3417],3.9957416725483252,-1.7630451565219107,9.781615073108744
Centered-fit SVD / Radon,1/4,[3418],-1.331631245619147,-7.436067048513964,4.695870666022205
Centered-fit SVD / self only,1/4,"[3416, 3417, 3418]",0.0,0.0,0.0
Centered-fit SVD / self only,1/4,[3416],0.0,0.0,0.0
Centered-fit SVD / self only,1/4,[3417],0.0,0.0,0.0
Centered-fit SVD / self only,1/4,[3418],0.0,0.0,0.0
Centered-fit SVD / scrambled Radon,1/4,"[3416, 3417, 3418]",1.2954196175205916,-2.5234626856139624,5.112120990579718
Centered-fit SVD / scrambled Radon,1/4,[3416],1.3418510671131867,-3.714137632047343,6.436125566796083
Centered-fit SVD / scrambled Radon,1/4,[3417],3.2736420416232703,-3.041174126332784,9.474102106929184
Centered-fit SVD / scrambled Radon,1/4,[3418],-0.7292342561746823,-6.465389800862842,4.945091527593393
Centered-fit SVD / linear resampling,1/4,"[3416, 3417, 3418]",0.6416537161537189,-2.391534668210718,3.7045232297395096
Centered-fit SVD / linear resampling,1/4,[3416],1.7005762006735758,-3.0206705226606076,6.422917473068703
Centered-fit SVD / linear resampling,1/4,[3417],3.3637546736765334,-1.5913599379861276,8.36858250589355
Centered-fit SVD / linear resampling,1/4,[3418],-3.139369725888952,-8.0484667011246,1.785831961077318
Learned channel / Radon,1/16,"[3416, 3417, 3418]",0.6291672183053709,-1.907031810061865,3.068461206285309
Learned channel / Radon,1/16,[3416],-2.169521867428026,-7.036485033255296,2.5163306356226642
Learned channel / Radon,1/16,[3417],3.0644913235902127,-1.0885624312498428,7.136715453567279
Learned channel / Radon,1/16,[3418],0.992532198753926,-3.366535390382617,5.403058992451077
Learned channel / Self only,1/16,"[3416, 3417, 3418]",0.0,0.0,0.0
Learned channel / Self only,1/16,[3416],0.0,0.0,0.0
Learned channel / Self only,1/16,[3417],0.0,0.0,0.0
Learned channel / Self only,1/16,[3418],0.0,0.0,0.0
Learned channel / Scrambled Radon,1/16,"[3416, 3417, 3418]",-0.922962576700744,-2.513251390353436,0.6716856574474125
Learned channel / Scrambled Radon,1/16,[3416],-2.768887730102232,-7.539754171060308,2.0150569723422374
Learned channel / Scrambled Radon,1/16,[3417],0.0,0.0,0.0
Learned channel / Scrambled Radon,1/16,[3418],0.0,0.0,0.0
Learned channel / Linear resampling,1/16,"[3416, 3417, 3418]",0.0,0.0,0.0
Learned channel / Linear resampling,1/16,[3416],0.0,0.0,0.0
Learned channel / Linear resampling,1/16,[3417],0.0,0.0,0.0
Learned channel / Linear resampling,1/16,[3418],0.0,0.0,0.0
Learned channel / Radon,1/8,"[3416, 3417, 3418]",0.23676729220814355,-3.1793655157700993,3.664592093377555
Learned channel / Radon,1/8,[3416],-1.6855182872362318,-6.731628739959607,3.1932886299681527
Learned channel / Radon,1/8,[3417],4.3941556157977235,-1.0470349932725143,9.742065107795609
Learned channel / Radon,1/8,[3418],-1.998335451937061,-7.427375560221771,3.411275619272914
Learned channel / Self only,1/8,"[3416, 3417, 3418]",0.0,0.0,0.0
Learned channel / Self only,1/8,[3416],0.0,0.0,0.0
Learned channel / Self only,1/8,[3417],0.0,0.0,0.0
Learned channel / Self only,1/8,[3418],0.0,0.0,0.0
Learned channel / Scrambled Radon,1/8,"[3416, 3417, 3418]",2.2560769884060083,-0.6217298919107119,5.149682172417898
Learned channel / Scrambled Radon,1/8,[3416],1.6942487828710884,-3.0300817430385836,6.408489407662022
Learned channel / Scrambled Radon,1/8,[3417],4.372391493923855,-0.09280924292878265,8.824480895971499
Learned channel / Scrambled Radon,1/8,[3418],0.7015906884230816,-3.8806979460684214,5.33647962425276
Learned channel / Linear resampling,1/8,"[3416, 3417, 3418]",0.45911192576194954,-0.7980558578099421,1.7753381673544355
Learned channel / Linear resampling,1/8,[3416],0.0,0.0,0.0
Learned channel / Linear resampling,1/8,[3417],0.0,0.0,0.0
Learned channel / Linear resampling,1/8,[3418],1.3773357772858486,-2.3941675734298267,5.326014502063306
Learned channel / Radon,1/4,"[3416, 3417, 3418]",1.4661977639051453,-2.110082414071343,5.052529753238751
Learned channel / Radon,1/4,[3416],0.32108614108682376,-4.995651827908463,5.706243979612607
Learned channel / Radon,1/4,[3417],4.724475827470087,-0.7125081304229951,10.284693257862582
Learned channel / Radon,1/4,[3418],-0.6469686768414751,-5.798693136625065,4.435734937766402
Learned channel / Self only,1/4,"[3416, 3417, 3418]",-0.35982676526458884,-2.0796665852446696,1.4031607015467313
Learned channel / Self only,1/4,[3416],0.0,0.0,0.0
Learned channel / Self only,1/4,[3417],0.0,0.0,0.0
Learned channel / Self only,1/4,[3418],-1.0794802957937666,-6.238999755734008,4.209482104640194
Learned channel / Scrambled Radon,1/4,"[3416, 3417, 3418]",0.5526023101625643,-3.0381405257801095,4.273484600317434
Learned channel / Scrambled Radon,1/4,[3416],0.013427392221054824,-5.326219784597886,5.339473732977038
Learned channel / Scrambled Radon,1/4,[3417],2.9700241164318464,-2.8054096846712517,8.858848062876444
Learned channel / Scrambled Radon,1/4,[3418],-1.3256445781652082,-6.394049603960309,3.740205416447757
Learned channel / Linear resampling,1/4,"[3416, 3417, 3418]",0.5741411468766907,-1.5305603090919802,2.758329943712145
Learned channel / Linear resampling,1/4,[3416],0.34234195482816254,-4.216525002256875,4.9472110606408926
Learned channel / Linear resampling,1/4,[3417],0.0,0.0,0.0
Learned channel / Linear resampling,1/4,[3418],1.3800814858019095,-2.8867696029402263,5.535245084141578
Random QR / Linear resampling,1/16,"[3416, 3417, 3418]",0.0,0.0,0.0
Random QR / Linear resampling,1/16,[3416],0.0,0.0,0.0
Random QR / Linear resampling,1/16,[3417],0.0,0.0,0.0
Random QR / Linear resampling,1/16,[3418],0.0,0.0,0.0
SVD / OCT to CFP,1/16,"[3416, 3417, 3418]",1.1148872431019734,-0.7621837388472342,3.0328063629237625
SVD / OCT to CFP,1/16,[3416],0.3064547262897066,-4.054470533176556,4.700325240973976
SVD / OCT to CFP,1/16,[3417],3.0382070030162134,-1.0281592307436171,7.105056580485033
SVD / OCT to CFP,1/16,[3418],0.0,0.0,0.0
SVD / CFP to OCT,1/16,"[3416, 3417, 3418]",0.11632600905253272,-1.422003861103563,1.653920484588908
SVD / CFP to OCT,1/16,[3416],0.3489780271575982,-4.266011583310688,4.961761453766723
SVD / CFP to OCT,1/16,[3417],0.0,0.0,0.0
SVD / CFP to OCT,1/16,[3418],0.0,0.0,0.0
Random QR / OCT to CFP,1/16,"[3416, 3417, 3418]",0.0,0.0,0.0
Random QR / OCT to CFP,1/16,[3416],0.0,0.0,0.0
Random QR / OCT to CFP,1/16,[3417],0.0,0.0,0.0
Random QR / OCT to CFP,1/16,[3418],0.0,0.0,0.0
Random QR / CFP to OCT,1/16,"[3416, 3417, 3418]",-0.0134519600479129,-1.3829255338152422,1.3514901777255188
Random QR / CFP to OCT,1/16,[3416],-0.0403558801437387,-4.148776601445727,4.0544705331765565
Random QR / CFP to OCT,1/16,[3417],0.0,0.0,0.0
Random QR / CFP to OCT,1/16,[3418],0.0,0.0,0.0
Random QR / Linear resampling,1/8,"[3416, 3417, 3418]",0.0,0.0,0.0
Random QR / Linear resampling,1/8,[3416],0.0,0.0,0.0
Random QR / Linear resampling,1/8,[3417],0.0,0.0,0.0
Random QR / Linear resampling,1/8,[3418],0.0,0.0,0.0
SVD / OCT to CFP,1/8,"[3416, 3417, 3418]",-0.6091685202697872,-3.8661602179559353,2.7127837080401327
SVD / OCT to CFP,1/8,[3416],-2.354218319874357,-7.103675659813619,2.372185933067088
SVD / OCT to CFP,1/8,[3417],3.696221903280572,-1.7186647764840524,9.110707465742502
SVD / OCT to CFP,1/8,[3418],-3.1695091442155765,-8.7212793254645,2.4321208958611265
SVD / CFP to OCT,1/8,"[3416, 3417, 3418]",-0.9376933849772414,-3.8130530445614936,2.051759309845555
SVD / CFP to OCT,1/8,[3416],-1.4904280905424616,-6.734908928259437,3.859033628098503
SVD / CFP to OCT,1/8,[3417],0.0,0.0,0.0
SVD / CFP to OCT,1/8,[3418],-1.3226520643892625,-6.848234892862768,4.332710552569643
Random QR / OCT to CFP,1/8,"[3416, 3417, 3418]",1.7691257708338977,0.294444660756447,3.2434765236678915
Random QR / OCT to CFP,1/8,[3416],0.0,0.0,0.0
Random QR / OCT to CFP,1/8,[3417],5.307377312501693,0.8833339822693409,9.730429571003674
Random QR / OCT to CFP,1/8,[3418],0.0,0.0,0.0
Random QR / CFP to OCT,1/8,"[3416, 3417, 3418]",-0.12209546503417397,-2.5321765865268233,2.3366145277308674
Random QR / CFP to OCT,1/8,[3416],0.34234195482816254,-4.32074013851913,5.044915148126023
Random QR / CFP to OCT,1/8,[3417],0.0,0.0,0.0
Random QR / CFP to OCT,1/8,[3418],-0.7086283499306845,-5.258231751061712,3.877768942927167
Random QR / Linear resampling,1/4,"[3416, 3417, 3418]",1.2990752042991753,-1.4347591871037573,3.9677942532334916
Random QR / Linear resampling,1/4,[3416],-0.662317696641701,-5.5726461066928525,4.036690665974554
Random QR / Linear resampling,1/4,[3417],3.0064232258657952,-1.4939881683117806,7.409451546289908
Random QR / Linear resampling,1/4,[3418],1.5531200836734316,-2.761820602433114,5.80623098848795
SVD / OCT to CFP,1/4,"[3416, 3417, 3418]",1.517213419106293,-2.0026873746036586,4.9716241349843875
SVD / OCT to CFP,1/4,[3416],-0.05922655217772688,-5.2930631153991845,5.118095942453326
SVD / OCT to CFP,1/4,[3417],4.359318696408332,-1.3171853304491077,9.970897366290902
SVD / OCT to CFP,1/4,[3418],0.2515481130882735,-4.847960439374337,5.418984418603542
SVD / CFP to OCT,1/4,"[3416, 3417, 3418]",-0.672143928781003,-3.7117145990148184,2.3693387389139655
SVD / CFP to OCT,1/4,[3416],-2.6954161942415733,-8.386913020951402,3.040907240059778
SVD / CFP to OCT,1/4,[3417],0.6789844078985641,-5.0659749199636455,6.454152539999891
SVD / CFP to OCT,1/4,[3418],0.0,0.0,0.0
Random QR / OCT to CFP,1/4,"[3416, 3417, 3418]",1.8985682934065438,-1.6016810580159027,5.38862211819568
Random QR / OCT to CFP,1/4,[3416],0.26914461855706007,-4.978543144436719,5.447049669563982
Random QR / OCT to CFP,1/4,[3417],2.7029803554510456,-3.036616261401619,8.430403262023173
Random QR / OCT to CFP,1/4,[3418],2.7235799062115262,-2.0271317227426287,7.721957375712826
Random QR / CFP to OCT,1/4,"[3416, 3417, 3418]",-0.5807338925994979,-3.397632678536059,2.2521720644254857
Random QR / CFP to OCT,1/4,[3416],-3.030017406632346,-8.212047218169449,2.363890231711632
Random QR / CFP to OCT,1/4,[3417],1.287815728833852,-4.4917348130524655,7.060231550246584
Random QR / CFP to OCT,1/4,[3418],0.0,0.0,0.0
"MMTM / ratio 4, hidden 256",N/A,"[3416, 3417, 3418]",0.0,0.0,0.0
"MMTM / ratio 4, hidden 256",N/A,[3416],0.0,0.0,0.0
"MMTM / ratio 4, hidden 256",N/A,[3417],0.0,0.0,0.0
"MMTM / ratio 4, hidden 256",N/A,[3418],0.0,0.0,0.0
"MMTM / ratio 8, hidden 128",N/A,"[3416, 3417, 3418]",0.0,0.0,0.0
"MMTM / ratio 8, hidden 128",N/A,[3416],0.0,0.0,0.0
"MMTM / ratio 8, hidden 128",N/A,[3417],0.0,0.0,0.0
"MMTM / ratio 8, hidden 128",N/A,[3418],0.0,0.0,0.0
"Cross-attention / d128, 4 heads",N/A,"[3416, 3417, 3418]",-0.10485494864893585,-1.4967994951996613,1.3602622837383138
"Cross-attention / d128, 4 heads",N/A,[3416],0.0,0.0,0.0
"Cross-attention / d128, 4 heads",N/A,[3417],0.0,0.0,0.0
"Cross-attention / d128, 4 heads",N/A,[3418],-0.31456484594680756,-4.490398485598983,4.080786851214941
"Cross-attention / d256, 4 heads",N/A,"[3416, 3417, 3418]",-0.7909395496611479,-2.8139890970240797,1.169865252191828
"Cross-attention / d256, 4 heads",N/A,[3416],-2.704215058184023,-7.217599703234613,1.6948806226493662
"Cross-attention / d256, 4 heads",N/A,[3417],0.0,0.0,0.0
"Cross-attention / d256, 4 heads",N/A,[3418],0.33139640920057944,-4.045203078683632,4.7323966213890625
