id,seed,backbone_lr,arm,rho,r,h,cfp_f1_percent,oct_f1_percent,fusion_f1_percent,native_probability_average_f1_percent,mean_native_f1_percent,parameters,fusion_parameters,communication_parameters,best_epoch,stop_epoch,gpu_seconds,peak_process_mib
seed3416_bb3e-05_concat_mlp,3416,3e-05,concat_mlp,,,,63.66848293662174,61.1375597949561,69.59320641008081,67.84337941839055,62.40302136578892,44601478,262914,0,6,12,194.38311306599644,7800
seed3416_bb3e-05_gated_mil,3416,3e-05,gated_mil,,,,63.817519258268376,57.91315760691239,67.0639518210496,62.78350016925383,60.86533843259039,44864390,525826,0,2,8,233.60579934497946,7804
seed3416_bb3e-05_svd_rho1_16,3416,3e-05,svd_rho1_16,0.0625,16,512,69.90460958473753,63.78149050281885,69.89085090576604,67.82277351214657,66.84305004377819,47747206,262914,3145728,10,15,261.3378118480032,7910
seed3416_bb3e-05_svd_rho1_8,3416,3e-05,svd_rho1_8,0.125,32,1024,70.81269491836359,67.22935570393199,70.45942070547748,70.91274738333561,69.02102531114778,57184390,262914,12582912,11,17,528.0698026359896,7978
seed3416_bb3e-05_svd_rho1_4,3416,3e-05,svd_rho1_4,0.25,64,2048,69.21424081376078,69.5264241592313,70.59971914922765,69.19734239024781,69.37033248649604,94933126,262914,50331648,16,22,442.97375672499766,8148
seed3416_bb3e-05_mmtm_r4,3416,3e-05,mmtm_r4,,,,64.85844748858447,60.766031354266644,67.77262048020171,62.72893772893773,62.81223942142555,44864390,262914,262912,8,14,383.60083479300374,7932
seed3416_bb3e-05_mmtm_r8,3416,3e-05,mmtm_r8,,,,65.15458026172925,62.8310502283105,71.55799588194921,69.21424081376078,63.99281524501988,44733190,262914,131712,8,14,229.5495277660084,7930
seed3416_bb3e-05_attention_d128,3416,3e-05,attention_d128,,,,67.12127978746551,61.442479089537905,69.5264241592313,67.44718874581864,64.2818794385017,44865926,262914,264448,7,13,347.3016044560063,8140
seed3416_bb3e-05_attention_d256,3416,3e-05,attention_d256,,,,65.19277094678677,61.47945205479453,69.91560747770278,67.2203765227021,63.33611150079065,45128838,262914,527360,10,16,266.88706260500476,8180
seed3416_bb6e-05_concat_mlp,3416,6e-05,concat_mlp,,,,64.8391812865497,60.01831501831503,69.90460958473753,69.85501939558993,62.42874815243237,44601478,262914,0,11,17,469.3016313240223,7800
seed3416_bb6e-05_gated_mil,3416,6e-05,gated_mil,,,,62.099871959026885,61.14820521600183,68.57785336788156,67.19940595190495,61.62403858751435,44864390,525826,0,10,12,198.79076670500217,7804
seed3416_bb6e-05_svd_rho1_16,3416,6e-05,svd_rho1_16,0.0625,16,512,70.25804978305548,69.08525494337852,71.95913941676653,72.79411764705883,69.67165236321699,47747206,262914,3145728,14,20,530.1196549010056,7910
seed3416_bb6e-05_svd_rho1_8,3416,6e-05,svd_rho1_8,0.125,32,1024,70.15992301700041,69.21424081376078,71.24407108977655,71.22828684803366,69.6870819153806,57184390,262914,12582912,12,18,322.8002192650165,7978
seed3416_bb6e-05_svd_rho1_4,3416,6e-05,svd_rho1_4,0.25,64,2048,68.82082624347443,68.59633746944047,70.23819154714714,69.96171410120394,68.70858185645746,94933126,262914,50331648,7,13,294.1529974099831,8148
seed3416_bb6e-05_mmtm_r4,3416,6e-05,mmtm_r4,,,,64.52338283470499,64.0249495505412,71.86666208618182,71.18875032922234,64.2741661926231,44864390,262914,262912,11,17,275.0862536059867,7932
seed3416_bb6e-05_mmtm_r8,3416,6e-05,mmtm_r8,,,,63.18407960199004,54.0389014662131,68.88340417752183,66.16059996341687,58.61149053410158,44733190,262914,131712,4,10,300.48145205900073,7930
seed3416_bb6e-05_attention_d128,3416,6e-05,attention_d128,,,,64.86326074053783,66.81766186227408,70.59166124224879,72.21611721611723,65.84046130140595,44865926,262914,264448,9,15,247.48248654100462,8140
seed3416_bb6e-05_attention_d256,3416,6e-05,attention_d256,,,,67.84337941839055,68.91749988586038,68.52036090431919,69.17760410110881,68.38043965212547,45128838,262914,527360,14,20,578.8910548519925,8180
seed3417_bb3e-05_concat_mlp,3417,3e-05,concat_mlp,,,,60.045756119881034,55.98487243434379,65.19912792356774,64.34757671350731,58.01531427711242,44601478,262914,0,6,12,195.669472915004,7800
seed3417_bb3e-05_gated_mil,3417,3e-05,gated_mil,,,,63.486842105263165,62.4961475681167,67.90210827901879,65.87487301243051,62.99149483668993,44864390,525826,0,11,17,470.866257732996,7804
seed3417_bb3e-05_svd_rho1_16,3417,3e-05,svd_rho1_16,0.0625,16,512,65.84680413548867,65.87798892883639,70.10512785199468,68.90614295501256,65.86239653216252,47747206,262914,3145728,12,18,309.2845289980178,7910
seed3417_bb3e-05_svd_rho1_8,3417,3e-05,svd_rho1_8,0.125,32,1024,69.2283086765294,65.02667049039289,69.21424081376078,67.44718874581864,67.12748958346114,57184390,262914,12582912,8,14,410.96369079500437,7978
seed3417_bb3e-05_svd_rho1_4,3417,3e-05,svd_rho1_4,0.25,64,2048,66.65079272896219,66.90117877277176,67.33840525001452,67.83773994929373,66.77598575086698,94933126,262914,50331648,6,12,249.91381046999595,8148
seed3417_bb3e-05_mmtm_r4,3417,3e-05,mmtm_r4,,,,61.42308395829523,57.73119323699092,66.88584474885845,63.850938766192996,59.57713859764308,44864390,262914,262912,9,13,366.48715694699786,7932
seed3417_bb3e-05_mmtm_r8,3417,3e-05,mmtm_r8,,,,62.75451841683826,58.10045662100456,69.58209636903403,67.19940595190495,60.42748751892141,44733190,262914,131712,4,10,168.11372142998152,7930
seed3417_bb3e-05_attention_d128,3417,3e-05,attention_d128,,,,63.47182229535171,60.47252182845404,68.56349994861077,64.49420231907237,61.972172061902874,44865926,262914,264448,13,19,529.7901979890012,8140
seed3417_bb3e-05_attention_d256,3417,3e-05,attention_d256,,,,63.511847692096964,60.461691269651,67.82277351214657,68.52036090431919,61.98676948087398,45128838,262914,527360,11,17,280.6966137390118,8180
seed3417_bb6e-05_concat_mlp,3417,6e-05,concat_mlp,,,,63.51351351351351,58.778643525498644,68.39023045919598,67.44718874581864,61.14607851950608,44601478,262914,0,11,17,284.91926524200244,7800
seed3417_bb6e-05_gated_mil,3417,6e-05,gated_mil,,,,60.461691269651,57.237204182718756,66.21467378897867,64.47797016972399,58.84944772618488,44864390,525826,0,6,12,198.80753721299698,7804
seed3417_bb6e-05_svd_rho1_16,3417,6e-05,svd_rho1_16,0.0625,16,512,67.56608683741953,66.74004769767015,68.57211357331232,67.88744618406477,67.15306726754484,47747206,262914,3145728,11,17,474.30966991902096,7910
seed3417_bb6e-05_svd_rho1_8,3417,6e-05,svd_rho1_8,0.125,32,1024,69.32006633499171,70.58091049294568,70.48650507134262,71.20984998455218,69.95048841396869,57184390,262914,12582912,20,26,460.2106804669893,7978
seed3417_bb6e-05_svd_rho1_4,3417,6e-05,svd_rho1_4,0.25,64,2048,68.24179336163996,65.43956043956044,67.56608683741953,67.51417596488018,66.8406769006002,94933126,262914,50331648,6,12,432.6125975519826,8148
seed3417_bb6e-05_mmtm_r4,3417,6e-05,mmtm_r4,,,,58.249078431140134,55.916406437665145,66.44336803050604,69.59320641008081,57.08274243440263,44864390,262914,262912,7,13,213.74120290600695,7932
seed3417_bb6e-05_mmtm_r8,3417,6e-05,mmtm_r8,,,,61.09491970969769,61.78899868623979,68.71323529411765,69.15501505834392,61.44195919796874,44733190,262914,131712,14,20,558.9853819540003,7930
seed3417_bb6e-05_attention_d128,3417,6e-05,attention_d128,,,,67.54385964912281,67.19940595190495,69.9293435456071,68.91891891891892,67.37163280051388,44865926,262914,264448,12,18,294.4747656809923,8140
seed3417_bb6e-05_attention_d256,3417,6e-05,attention_d256,,,,68.09759677123463,69.7803269285919,69.68015928735024,69.74979043944562,68.93896184991327,45128838,262914,527360,21,22,633.2367693069973,8180
seed3418_bb3e-05_concat_mlp,3418,3e-05,concat_mlp,,,,62.465299594447934,61.12690853860472,69.7803269285919,68.55200776832125,61.796104066526325,44601478,262914,0,24,30,468.0308482479886,7800
seed3418_bb3e-05_gated_mil,3418,3e-05,gated_mil,,,,65.19277094678677,61.442479089537905,68.23018954099109,68.55200776832125,63.31762501816234,44864390,525826,0,8,8,240.18231262100744,7804
seed3418_bb3e-05_svd_rho1_16,3418,3e-05,svd_rho1_16,0.0625,16,512,66.8903803131991,65.15458026172925,70.94063926940639,71.61643835616438,66.02248028746418,47747206,262914,3145728,14,20,345.30414224398555,7910
seed3418_bb3e-05_svd_rho1_8,3418,3e-05,svd_rho1_8,0.125,32,1024,69.55401204248385,67.38741220217601,70.23819154714714,68.55136733185515,68.47071212232993,57184390,262914,12582912,12,18,448.14680652000243,7978
seed3418_bb3e-05_svd_rho1_4,3418,3e-05,svd_rho1_4,0.25,64,2048,68.90614295501256,66.54450799739699,67.90503909147976,67.2203765227021,67.72532547620477,94933126,262914,50331648,14,15,308.5303619740007,8148
seed3418_bb3e-05_mmtm_r4,3418,3e-05,mmtm_r4,,,,63.847637745842235,61.343536635659625,68.58072247902756,68.55200776832125,62.59558719075093,44864390,262914,262912,5,10,295.7875561149849,7932
seed3418_bb3e-05_mmtm_r8,3418,3e-05,mmtm_r8,,,,66.88584474885845,60.10599415204678,71.58919511860688,72.56468057351444,63.49591945045261,44733190,262914,131712,17,23,367.2190994589764,7930
seed3418_bb3e-05_attention_d128,3418,3e-05,attention_d128,,,,66.41567818463126,66.85406097170802,71.28345602921874,68.82783882783883,66.63486957816964,44865926,262914,264448,12,18,522.9785960009904,8140
seed3418_bb3e-05_attention_d256,3418,3e-05,attention_d256,,,,66.18314003808206,61.750546045033,71.60995661109843,68.86775196634352,63.96684304155753,45128838,262914,527360,6,12,201.80811434797943,8180
seed3418_bb6e-05_concat_mlp,3418,6e-05,concat_mlp,,,,62.48929684556632,62.15525114155251,70.26891293430124,69.25359845674433,62.32227399355942,44601478,262914,0,18,24,666.5303211830033,7800
seed3418_bb6e-05_gated_mil,3418,6e-05,gated_mil,,,,62.79537456008044,59.34065934065934,70.59971914922765,69.19734239024781,61.068016950369895,44864390,525826,0,25,31,486.19390393199865,7804
seed3418_bb6e-05_svd_rho1_16,3418,6e-05,svd_rho1_16,0.0625,16,512,68.90614295501256,65.38249862410566,70.22132796780684,68.12537231361408,67.14432078955912,47747206,262914,3145728,9,15,386.7157898689911,7910
seed3418_bb6e-05_svd_rho1_8,3418,6e-05,svd_rho1_8,0.125,32,1024,65.46328071379548,66.31375659550987,65.43956043956044,65.02667049039289,65.88851865465269,57184390,262914,12582912,14,20,355.87344107599347,7978
seed3418_bb6e-05_svd_rho1_4,3418,6e-05,svd_rho1_4,0.25,64,2048,70.20361473347062,68.20695644225057,69.90460958473753,68.55200776832125,69.20528558786059,94933126,262914,50331648,3,9,250.76152630601428,8148
seed3418_bb6e-05_mmtm_r4,3418,6e-05,mmtm_r4,,,,63.50684931506849,63.15506983224274,68.91324200913243,69.9293435456071,63.33095957365562,44864390,262914,262912,10,16,258.4516874270048,7932
seed3418_bb6e-05_mmtm_r8,3418,6e-05,mmtm_r8,,,,60.80902159521526,61.771529801702954,68.50018880662768,66.54450799739699,61.290275698459105,44733190,262914,131712,2,8,235.06631802301854,7930
seed3418_bb6e-05_attention_d128,3418,6e-05,attention_d128,,,,64.50717736133475,62.07732784259894,68.91324200913243,68.57211357331232,63.29225260196685,44865926,262914,264448,5,11,184.90828500999487,8140
seed3418_bb6e-05_attention_d256,3418,6e-05,attention_d256,,,,62.160434643656124,63.3963965005143,67.14535821766543,66.06127316088791,62.77841557208521,45128838,262914,527360,3,9,268.59357926700613,8180
