defined,mean,metric,phase,sample_sd,seed,source,split,undefined
16,0.0018956844245415698,full_band_nrmse,constructed_initial,4.1098483955699346e-05,3416,cfp,train,0
16,0.0009636651771033873,low_band_nrmse,constructed_initial,1.1095576503273269e-05,3416,cfp,train,0
16,0.0027289344066077506,absolute_rmse,constructed_initial,5.753690117006934e-05,3416,cfp,train,0
16,1.4399243680849207,reference_rms,constructed_initial,0.033411083305560335,3416,cfp,train,0
16,0.0003873201089386433,zeroth_moment_l1_normalized,constructed_initial,1.2649148741823558e-05,3416,cfp,train,0
16,8.620115104684853e-05,first_moment_l1_radius_normalized,constructed_initial,3.5875873490669058e-06,3416,cfp,train,0
16,0.0024825989361290713,full_band_nrmse,constructed_initial,2.4468067257649564e-05,3416,oct,train,0
16,0.0014908915202730927,low_band_nrmse,constructed_initial,6.733559531424803e-06,3416,oct,train,0
16,0.005362908286527956,absolute_rmse,constructed_initial,0.00015979954841417902,3416,oct,train,0
16,2.1601242493472887,reference_rms,constructed_initial,0.05791285342624942,3416,oct,train,0
16,0.0008380882035910716,zeroth_moment_l1_normalized,constructed_initial,5.492960138466718e-06,3416,oct,train,0
16,7.763187339433491e-05,first_moment_l1_radius_normalized,constructed_initial,3.9600902491951065e-06,3416,oct,train,0
16,0.0018878445569594057,full_band_nrmse,constructed_initial,5.3365500731160835e-05,3416,cfp,validation,0
16,0.0009604223916198596,low_band_nrmse,constructed_initial,1.4963025023692828e-05,3416,cfp,validation,0
16,0.0027584812831297598,absolute_rmse,constructed_initial,8.02186166603471e-05,3416,cfp,validation,0
16,1.461584668560595,reference_rms,constructed_initial,0.036831095128371356,3416,cfp,validation,0
16,0.00038189553359459395,zeroth_moment_l1_normalized,constructed_initial,1.2542709673193283e-05,3416,cfp,validation,0
16,8.568230150681828e-05,first_moment_l1_radius_normalized,constructed_initial,2.1637965354812275e-06,3416,cfp,validation,0
16,0.002490400214876833,full_band_nrmse,constructed_initial,3.790050443587376e-05,3416,oct,validation,0
16,0.001490436472158994,low_band_nrmse,constructed_initial,1.1916353096519428e-05,3416,oct,validation,0
16,0.005436838787917966,absolute_rmse,constructed_initial,0.0002390552275511815,3416,oct,validation,0
16,2.1834273372792365,reference_rms,constructed_initial,0.0975853457356967,3416,oct,validation,0
16,0.0008360032207897429,zeroth_moment_l1_normalized,constructed_initial,7.249931586551546e-06,3416,oct,validation,0
16,7.692795421825284e-05,first_moment_l1_radius_normalized,constructed_initial,3.4797570105576092e-06,3416,oct,validation,0
16,0.0018885008980707736,full_band_nrmse,constructed_initial,7.308839739828605e-05,3416,cfp,test,0
16,0.0009552301255447836,low_band_nrmse,constructed_initial,2.0834073665791136e-05,3416,cfp,test,0
16,0.0027431253384808093,absolute_rmse,constructed_initial,8.647877335246725e-05,3416,cfp,test,0
16,1.453726110325864,reference_rms,constructed_initial,0.051122460574727614,3416,cfp,test,0
16,0.00038556357172863547,zeroth_moment_l1_normalized,constructed_initial,1.1132482759134561e-05,3416,cfp,test,0
16,8.513404681914614e-05,first_moment_l1_radius_normalized,constructed_initial,4.402708727498162e-06,3416,cfp,test,0
16,0.0024811615105751555,full_band_nrmse,constructed_initial,3.072491394108211e-05,3416,oct,test,0
16,0.0014867226956358356,low_band_nrmse,constructed_initial,7.070862393990283e-06,3416,oct,test,0
16,0.0054890152138115465,absolute_rmse,constructed_initial,0.00020166127147441996,3416,oct,test,0
16,2.212207928123453,reference_rms,constructed_initial,0.07415082813461633,3416,oct,test,0
16,0.0008375928154980626,zeroth_moment_l1_normalized,constructed_initial,6.845686958474167e-06,3416,oct,test,0
16,7.665436485565677e-05,first_moment_l1_radius_normalized,constructed_initial,3.950256369419565e-06,3416,oct,test,0
16,0.0018248184756670645,full_band_nrmse,selected,3.660901699014455e-05,3416,cfp,train,0
16,0.0009456192041185992,low_band_nrmse,selected,1.0643687707552834e-05,3416,cfp,train,0
16,0.002571475132179877,absolute_rmse,selected,6.258858970718206e-05,3416,cfp,train,0
16,1.4094472571791772,reference_rms,selected,0.03538825762542287,3416,cfp,train,0
16,0.0003825859544320577,zeroth_moment_l1_normalized,selected,9.03001970550391e-06,3416,cfp,train,0
16,8.946544849383102e-05,first_moment_l1_radius_normalized,selected,3.6291713733477686e-06,3416,cfp,train,0
16,0.002284052398927701,full_band_nrmse,selected,2.552629856713705e-05,3416,oct,train,0
16,0.0014845216243724133,low_band_nrmse,selected,1.0078533966543354e-05,3416,oct,train,0
16,0.0045758619219129736,absolute_rmse,selected,0.00012664556093653978,3416,oct,train,0
16,2.0034067555572266,reference_rms,selected,0.050926772016621435,3416,oct,train,0
16,0.0008759361179288216,zeroth_moment_l1_normalized,selected,3.3882758944754936e-06,3416,oct,train,0
16,6.597261507149173e-05,first_moment_l1_radius_normalized,selected,4.826745972833659e-06,3416,oct,train,0
16,0.0018208031270663433,full_band_nrmse,selected,5.123925329859584e-05,3416,cfp,validation,0
16,0.000941428285891369,low_band_nrmse,selected,1.3376358080212834e-05,3416,cfp,validation,0
16,0.0025972815333599264,absolute_rmse,selected,6.832117937685442e-05,3416,cfp,validation,0
16,1.4268237105108605,reference_rms,selected,0.03037151127825438,3416,cfp,validation,0
16,0.0003826251362591892,zeroth_moment_l1_normalized,selected,1.2042824655310724e-05,3416,cfp,validation,0
16,8.8961328872936e-05,first_moment_l1_radius_normalized,selected,2.9716930371750304e-06,3416,cfp,validation,0
16,0.002299814400342853,full_band_nrmse,selected,2.8479531927854617e-05,3416,oct,validation,0
16,0.0014912078902315612,low_band_nrmse,selected,1.3312394007332608e-05,3416,oct,validation,0
16,0.004545968651669473,absolute_rmse,selected,0.0001923245151284373,3416,oct,validation,0
16,1.977009359467835,reference_rms,selected,0.0884633988816574,3416,oct,validation,0
16,0.0008747975632910964,zeroth_moment_l1_normalized,selected,3.6716161603387415e-06,3416,oct,validation,0
16,6.739727345228591e-05,first_moment_l1_radius_normalized,selected,3.5278117650351935e-06,3416,oct,validation,0
16,0.0018280053311067691,full_band_nrmse,selected,5.8682910825540565e-05,3416,cfp,test,0
16,0.0009364031878701443,low_band_nrmse,selected,1.9982683433225363e-05,3416,cfp,test,0
16,0.0026041190149054738,absolute_rmse,selected,7.86104445589301e-05,3416,cfp,test,0
16,1.425410409980564,reference_rms,selected,0.0485180699178273,3416,cfp,test,0
16,0.00038486842794315033,zeroth_moment_l1_normalized,selected,1.0728181442055583e-05,3416,cfp,test,0
16,8.803055681451168e-05,first_moment_l1_radius_normalized,selected,4.736363246247388e-06,3416,cfp,test,0
16,0.0022814497521086168,full_band_nrmse,selected,3.089798933684286e-05,3416,oct,test,0
16,0.0014831483216548418,low_band_nrmse,selected,6.8622691591910635e-06,3416,oct,test,0
16,0.004578839853779907,absolute_rmse,selected,0.00013437007862691434,3416,oct,test,0
16,2.0069755828625278,reference_rms,selected,0.05158072508070255,3416,oct,test,0
16,0.0008756161339748276,zeroth_moment_l1_normalized,selected,2.7980364685302425e-06,3416,oct,test,0
16,6.657033871645412e-05,first_moment_l1_radius_normalized,selected,4.2036210867691605e-06,3416,oct,test,0
16,0.0018793362784746649,full_band_nrmse,constructed_initial,2.978578575770069e-05,3417,cfp,train,0
16,0.0009624377879107394,low_band_nrmse,constructed_initial,1.2806879786548783e-05,3417,cfp,train,0
16,0.0027011798757895773,absolute_rmse,constructed_initial,5.5278491471488996e-05,3417,cfp,train,0
16,1.4375903524447056,reference_rms,constructed_initial,0.03522077492570216,3417,cfp,train,0
16,0.00039037765547920804,zeroth_moment_l1_normalized,constructed_initial,5.575196602063442e-06,3417,cfp,train,0
16,8.271424388592816e-05,first_moment_l1_radius_normalized,constructed_initial,2.9967632034922103e-06,3417,cfp,train,0
16,0.0024723915433534486,full_band_nrmse,constructed_initial,5.083112713765498e-05,3417,oct,train,0
16,0.0015130950384022479,low_band_nrmse,constructed_initial,1.9909865283254443e-05,3417,oct,train,0
16,0.005247172218094301,absolute_rmse,constructed_initial,0.00014526921483071407,3417,oct,train,0
16,2.122788420165342,reference_rms,constructed_initial,0.06086478282520949,3417,oct,train,0
16,0.0008381582225960584,zeroth_moment_l1_normalized,constructed_initial,8.057083595294972e-06,3417,oct,train,0
16,6.094470798218342e-05,first_moment_l1_radius_normalized,constructed_initial,4.088514392718154e-06,3417,oct,train,0
16,0.0018873503251199712,full_band_nrmse,constructed_initial,3.7664481904497885e-05,3417,cfp,validation,0
16,0.0009638802056158746,low_band_nrmse,constructed_initial,1.098658847090673e-05,3417,cfp,validation,0
16,0.0027477154816533925,absolute_rmse,constructed_initial,7.685074628674407e-05,3417,cfp,validation,0
16,1.4560611860231636,reference_rms,constructed_initial,0.03803559215417751,3417,cfp,validation,0
16,0.00039034992445271253,zeroth_moment_l1_normalized,constructed_initial,7.880466431868165e-06,3417,cfp,validation,0
16,8.277530228926653e-05,first_moment_l1_radius_normalized,constructed_initial,2.9298378082441177e-06,3417,cfp,validation,0
16,0.002453917783999624,full_band_nrmse,constructed_initial,5.934488778277693e-05,3417,oct,validation,0
16,0.001511425972140712,low_band_nrmse,constructed_initial,2.193492186956275e-05,3417,oct,validation,0
16,0.0051770385710100415,absolute_rmse,constructed_initial,0.0001798205068054613,3417,oct,validation,0
16,2.1103947281960784,reference_rms,constructed_initial,0.07701763205540389,3417,oct,validation,0
16,0.0008404173032820694,zeroth_moment_l1_normalized,constructed_initial,8.821545446031336e-06,3417,oct,validation,0
16,5.874434751459362e-05,first_moment_l1_radius_normalized,constructed_initial,4.783920665398325e-06,3417,oct,validation,0
16,0.0018914675256241666,full_band_nrmse,constructed_initial,5.287449500796087e-05,3417,cfp,test,0
16,0.0009577637493333084,low_band_nrmse,constructed_initial,1.6525642149715443e-05,3417,cfp,test,0
16,0.0027359929538959167,absolute_rmse,constructed_initial,9.299431546118454e-05,3417,cfp,test,0
16,1.4469770388306715,reference_rms,constructed_initial,0.048049312013365895,3417,cfp,test,0
16,0.0003908836965446516,zeroth_moment_l1_normalized,constructed_initial,7.79367005043397e-06,3417,cfp,test,0
16,8.271429147103425e-05,first_moment_l1_radius_normalized,constructed_initial,3.412261449878348e-06,3417,cfp,test,0
16,0.002450527197179443,full_band_nrmse,constructed_initial,5.9418225118340025e-05,3417,oct,test,0
16,0.0015035717348657008,low_band_nrmse,constructed_initial,2.285989575567151e-05,3417,oct,test,0
16,0.005265293475239978,absolute_rmse,constructed_initial,0.00019252623853741337,3417,oct,test,0
16,2.1500103109453774,reference_rms,constructed_initial,0.09990361406299518,3417,oct,test,0
16,0.0008413731994496316,zeroth_moment_l1_normalized,constructed_initial,1.075981099133178e-05,3417,oct,test,0
16,5.954996317794198e-05,first_moment_l1_radius_normalized,constructed_initial,7.181605372091389e-06,3417,oct,test,0
16,0.0017743841724395923,full_band_nrmse,selected,2.5521526796077465e-05,3417,cfp,train,0
16,0.0009276867073689605,low_band_nrmse,selected,8.764943228534569e-06,3417,cfp,train,0
16,0.0024984859778161917,absolute_rmse,selected,8.289894030331188e-05,3417,cfp,train,0
16,1.4079259452510662,reference_rms,selected,0.03554043288537704,3417,cfp,train,0
16,0.00037675474012221637,zeroth_moment_l1_normalized,selected,5.337288426770598e-06,3417,cfp,train,0
16,8.856936826407504e-05,first_moment_l1_radius_normalized,selected,3.651406308805931e-06,3417,cfp,train,0
16,0.002388439911409999,full_band_nrmse,selected,5.317173112175754e-05,3417,oct,train,0
16,0.0015110052499037563,low_band_nrmse,selected,2.1954887850356054e-05,3417,oct,train,0
16,0.004923260420742154,absolute_rmse,selected,0.00019119131208028222,3417,oct,train,0
16,2.0613725539469816,reference_rms,selected,0.06740770973978608,3417,oct,train,0
16,0.0008573803432197962,zeroth_moment_l1_normalized,selected,6.3600434259310565e-06,3417,oct,train,0
16,5.865214928735462e-05,first_moment_l1_radius_normalized,selected,5.089647970635564e-06,3417,oct,train,0
16,0.0017921802734792783,full_band_nrmse,selected,2.398185826126583e-05,3417,cfp,validation,0
16,0.0009297456757421342,low_band_nrmse,selected,7.381105026592466e-06,3417,cfp,validation,0
16,0.0025496455374275574,absolute_rmse,selected,7.589212270215269e-05,3417,cfp,validation,0
16,1.4225044118398396,reference_rms,selected,0.031240468234496506,3417,cfp,validation,0
16,0.00038036196653095164,zeroth_moment_l1_normalized,selected,8.701763124350646e-06,3417,cfp,validation,0
16,8.845642888261144e-05,first_moment_l1_radius_normalized,selected,2.86857863492496e-06,3417,cfp,validation,0
16,0.002386916687633143,full_band_nrmse,selected,4.871774449401503e-05,3417,oct,validation,0
16,0.0015114079850869027,low_band_nrmse,selected,1.7573601111447252e-05,3417,oct,validation,0
16,0.004877141229998715,absolute_rmse,selected,0.00011269792679988919,3417,oct,validation,0
16,2.043687181406126,reference_rms,selected,0.047415161990646694,3417,oct,validation,0
16,0.0008565417998439791,zeroth_moment_l1_normalized,selected,6.0060884392706246e-06,3417,oct,validation,0
16,5.6776659334644214e-05,first_moment_l1_radius_normalized,selected,6.615087915135934e-06,3417,oct,validation,0
16,0.001788771355113872,full_band_nrmse,selected,5.454731402665769e-05,3417,cfp,test,0
16,0.0009247558461273605,low_band_nrmse,selected,1.3114588717573169e-05,3417,cfp,test,0
16,0.002541166319467735,absolute_rmse,selected,0.0001120769599105685,3417,cfp,test,0
16,1.4206488495266671,reference_rms,selected,0.04556064063715332,3417,cfp,test,0
16,0.00038033477841265933,zeroth_moment_l1_normalized,selected,1.1791216851345977e-05,3417,cfp,test,0
16,8.876028731121685e-05,first_moment_l1_radius_normalized,selected,4.023454564777096e-06,3417,cfp,test,0
16,0.002381127141125928,full_band_nrmse,selected,3.564259755204743e-05,3417,oct,test,0
16,0.0015075531365605931,low_band_nrmse,selected,1.554008072999388e-05,3417,oct,test,0
16,0.004882080370337796,absolute_rmse,selected,0.0001272750011863869,3417,oct,test,0
16,2.0507447300893267,reference_rms,selected,0.06103776523791086,3417,oct,test,0
16,0.0008561467909304857,zeroth_moment_l1_normalized,selected,7.291761462865877e-06,3417,oct,test,0
16,5.764611436885448e-05,first_moment_l1_radius_normalized,selected,6.7731678401664395e-06,3417,oct,test,0
16,0.001981535209381894,full_band_nrmse,constructed_initial,5.652103195038785e-05,3418,cfp,train,0
16,0.0009962830520444665,low_band_nrmse,constructed_initial,1.6487998460945802e-05,3418,cfp,train,0
16,0.0028546017923051156,absolute_rmse,constructed_initial,5.7975967118927415e-05,3418,cfp,train,0
16,1.441209677121473,reference_rms,constructed_initial,0.03216182762007905,3418,cfp,train,0
16,0.00040215967083516527,zeroth_moment_l1_normalized,constructed_initial,1.520468125706271e-05,3418,cfp,train,0
16,0.00010399306560120946,first_moment_l1_radius_normalized,constructed_initial,3.622234247715745e-06,3418,cfp,train,0
16,0.0024933251908345385,full_band_nrmse,constructed_initial,4.8530763620950575e-05,3418,oct,train,0
16,0.001499796576851255,low_band_nrmse,constructed_initial,1.57577241502529e-05,3418,oct,train,0
16,0.005341997826858053,absolute_rmse,constructed_initial,0.00012492092841675427,3418,oct,train,0
16,2.142648363543488,reference_rms,constructed_initial,0.036801075383436896,3418,oct,train,0
16,0.0008339703971440874,zeroth_moment_l1_normalized,constructed_initial,5.984184606173776e-06,3418,oct,train,0
16,6.804814822081137e-05,first_moment_l1_radius_normalized,constructed_initial,5.232343417310385e-06,3418,oct,train,0
16,0.001968666856593625,full_band_nrmse,constructed_initial,6.383032902837112e-05,3418,cfp,validation,0
16,0.0009928626940978388,low_band_nrmse,constructed_initial,1.7806753613087975e-05,3418,cfp,validation,0
16,0.00286722288447294,absolute_rmse,constructed_initial,8.546405713178672e-05,3418,cfp,validation,0
16,1.4568986005894857,reference_rms,constructed_initial,0.033524773454607894,3418,cfp,validation,0
16,0.0003984366971280253,zeroth_moment_l1_normalized,constructed_initial,1.2789245130311473e-05,3418,cfp,validation,0
16,0.00010296270492080064,first_moment_l1_radius_normalized,constructed_initial,3.326733087752033e-06,3418,cfp,validation,0
16,0.0024934027314857327,full_band_nrmse,constructed_initial,4.6200088340672564e-05,3418,oct,validation,0
16,0.0014985122196041242,low_band_nrmse,constructed_initial,1.5689898680172632e-05,3418,oct,validation,0
16,0.005360209265312598,absolute_rmse,constructed_initial,0.00017585480747131117,3418,oct,validation,0
16,2.1500321397207465,reference_rms,constructed_initial,0.0680732075393725,3418,oct,validation,0
16,0.000834251766915134,zeroth_moment_l1_normalized,constructed_initial,7.5659435346031345e-06,3418,oct,validation,0
16,6.629417887688834e-05,first_moment_l1_radius_normalized,constructed_initial,5.911105483261477e-06,3418,oct,validation,0
16,0.0019716430264010536,full_band_nrmse,constructed_initial,7.9632440980893e-05,3418,cfp,test,0
16,0.000989735887687732,low_band_nrmse,constructed_initial,2.42721826215254e-05,3418,cfp,test,0
16,0.002843684477423874,absolute_rmse,constructed_initial,9.070358672582494e-05,3418,cfp,test,0
16,1.4433177474211192,reference_rms,constructed_initial,0.04253820625995844,3418,cfp,test,0
16,0.0004043982868450197,zeroth_moment_l1_normalized,constructed_initial,1.6622876079527487e-05,3418,cfp,test,0
16,0.0001022763317784129,first_moment_l1_radius_normalized,constructed_initial,5.101881997063816e-06,3418,cfp,test,0
16,0.00247978256048204,full_band_nrmse,constructed_initial,4.942803644729997e-05,3418,oct,test,0
16,0.001491981217918531,low_band_nrmse,constructed_initial,1.6085780969240076e-05,3418,oct,test,0
16,0.005411787768378895,absolute_rmse,constructed_initial,0.00010213011871092855,3418,oct,test,0
16,2.1830119061789146,reference_rms,constructed_initial,0.0533266883545634,3418,oct,test,0
16,0.0008361567529865434,zeroth_moment_l1_normalized,constructed_initial,6.82267690490848e-06,3418,oct,test,0
16,6.535365406164142e-05,first_moment_l1_radius_normalized,constructed_initial,5.961988808124813e-06,3418,oct,test,0
16,0.0018810225110629372,full_band_nrmse,selected,4.1819448826438276e-05,3418,cfp,train,0
16,0.0009552717592718354,low_band_nrmse,selected,1.5442751649463078e-05,3418,cfp,train,0
16,0.002653482581257794,absolute_rmse,selected,5.611116660248308e-05,3418,cfp,train,0
16,1.4110329779772082,reference_rms,selected,0.03236211296898737,3418,cfp,train,0
16,0.00038699914463692197,zeroth_moment_l1_normalized,selected,1.1439156754262318e-05,3418,cfp,train,0
16,0.00010624157282575303,first_moment_l1_radius_normalized,selected,4.5737712234894805e-06,3418,cfp,train,0
16,0.0024191546450575523,full_band_nrmse,selected,4.486062780399163e-05,3418,oct,train,0
16,0.0015217176068038551,low_band_nrmse,selected,1.3497237538994191e-05,3418,oct,train,0
16,0.004919846741749183,absolute_rmse,selected,0.00015423787321210207,3418,oct,train,0
16,2.0334298774715434,reference_rms,selected,0.03859243851314826,3418,oct,train,0
16,0.0008660058125681326,zeroth_moment_l1_normalized,selected,3.4687172241484884e-06,3418,oct,train,0
16,5.963399090246933e-05,first_moment_l1_radius_normalized,selected,5.7722456999608e-06,3418,oct,train,0
16,0.001865193575865363,full_band_nrmse,selected,5.003724119482096e-05,3418,cfp,validation,0
16,0.000953076232352239,low_band_nrmse,selected,1.4782549278373557e-05,3418,cfp,validation,0
16,0.002659182550638881,absolute_rmse,selected,5.2992286283395336e-05,3418,cfp,validation,0
16,1.4261731057240437,reference_rms,selected,0.02870014896862419,3418,cfp,validation,0
16,0.00038688976266938036,zeroth_moment_l1_normalized,selected,1.2212714239205026e-05,3418,cfp,validation,0
16,0.00010446015539673302,first_moment_l1_radius_normalized,selected,3.5797447889425364e-06,3418,cfp,validation,0
16,0.0023946086805977738,full_band_nrmse,selected,4.564337903697979e-05,3418,oct,validation,0
16,0.0015214993195187018,low_band_nrmse,selected,1.1861936259548382e-05,3418,oct,validation,0
16,0.004784261448563153,absolute_rmse,selected,0.00011493911330005478,3418,oct,validation,0
16,1.9979341482259048,reference_rms,selected,0.02931315371788608,3418,oct,validation,0
16,0.0008684719705255977,zeroth_moment_l1_normalized,selected,4.271672736291969e-06,3418,oct,validation,0
16,5.8366622965621325e-05,first_moment_l1_radius_normalized,selected,4.596316620434225e-06,3418,oct,validation,0
16,0.0018701654092176624,full_band_nrmse,selected,5.612764492368733e-05,3418,cfp,test,0
16,0.0009472431471861858,low_band_nrmse,selected,2.3760607847359973e-05,3418,cfp,test,0
16,0.002650624386381955,absolute_rmse,selected,6.746239544169981e-05,3418,cfp,test,0
16,1.4183027093498184,reference_rms,selected,0.04993748306183868,3418,cfp,test,0
16,0.00038864105120674176,zeroth_moment_l1_normalized,selected,1.3149692159865895e-05,3418,cfp,test,0
16,0.00010410026422428989,first_moment_l1_radius_normalized,selected,6.436964258443314e-06,3418,cfp,test,0
16,0.002397255701953027,full_band_nrmse,selected,5.2041365844541556e-05,3418,oct,test,0
16,0.0015143656452914916,low_band_nrmse,selected,1.482837745222776e-05,3418,oct,test,0
16,0.004857302834645245,absolute_rmse,selected,0.00014519027278629617,3418,oct,test,0
16,2.02601879651081,reference_rms,selected,0.03157028395981138,3418,oct,test,0
16,0.0008682212912326976,zeroth_moment_l1_normalized,selected,4.789784746201986e-06,3418,oct,test,0
16,5.878426564226572e-05,first_moment_l1_radius_normalized,selected,5.7507622242481665e-06,3418,oct,test,0
