arm,bridge,checkpoint_sha256,dc_gain,kernel,maximum_gain,minimum_gain,nyquist_gain,r,receiver,role,seed,sender,stages,width_in,width_out,zero_operator
svd_radon,0,a44472cbb15d9c19cb2933ed47a59a0382766c7a732293bb311f11ca6f788bca,1.2060277122349101,3,1.2060277122349101,0.16837585542500177,0.3904464942513189,16,cfp_stage3,self,3416,cfp_stage3,[3],512,512,False
svd_radon,0,a44472cbb15d9c19cb2933ed47a59a0382766c7a732293bb311f11ca6f788bca,1.3106142199244628,3,1.3106142199244628,0.13695144657738834,0.43015778740629307,16,cfp_stage3,cross,3416,oct_stage3,[3],512,512,False
svd_radon,0,a44472cbb15d9c19cb2933ed47a59a0382766c7a732293bb311f11ca6f788bca,1.8225116161143453,3,1.8225116161143453,0.1511579747336385,0.6004072982415446,16,oct_stage3,cross,3416,cfp_stage3,[3],512,512,False
svd_radon,0,a44472cbb15d9c19cb2933ed47a59a0382766c7a732293bb311f11ca6f788bca,1.1834653456896127,3,1.1834653456896127,0.08261330077212556,0.39153435365792394,16,oct_stage3,self,3416,oct_stage3,[3],512,512,False
svd_radon,0,6bab36ae252cf43cd86c421991858cce5c5df2da2618e777ef1332a97f6826e1,2.8797094011967164,3,2.8797094011967164,0.35764511050868986,0.9354867696199007,32,cfp_stage3,self,3416,cfp_stage3,[3],1024,1024,False
svd_radon,0,6bab36ae252cf43cd86c421991858cce5c5df2da2618e777ef1332a97f6826e1,2.620194416878006,3,2.620194416878006,0.2396504272977975,0.8619622050392811,32,cfp_stage3,cross,3416,oct_stage3,[3],1024,1024,False
svd_radon,0,6bab36ae252cf43cd86c421991858cce5c5df2da2618e777ef1332a97f6826e1,4.137635007827355,3,4.137635007827355,0.267501702248234,1.369314353304004,32,oct_stage3,cross,3416,cfp_stage3,[3],1024,1024,False
svd_radon,0,6bab36ae252cf43cd86c421991858cce5c5df2da2618e777ef1332a97f6826e1,2.8211321605989363,3,2.8211321605989363,0.14603325941259143,0.9367704967645415,32,oct_stage3,self,3416,oct_stage3,[3],1024,1024,False
svd_radon,0,250c0b656c4d6fd643444258bf051b17a40243713a0ef5ae0ebd44e55593c8ae,6.887343750477881,3,6.887343750477881,0.5727349909332032,2.2671928038663594,64,cfp_stage3,self,3416,cfp_stage3,[3],2048,2048,False
svd_radon,0,250c0b656c4d6fd643444258bf051b17a40243713a0ef5ae0ebd44e55593c8ae,5.5830879161482505,3,5.5830879161482505,0.3713453147871114,1.8473387051748669,64,cfp_stage3,cross,3416,oct_stage3,[3],2048,2048,False
svd_radon,0,250c0b656c4d6fd643444258bf051b17a40243713a0ef5ae0ebd44e55593c8ae,7.800448908950355,3,7.800448908950355,0.4286898678306974,2.5871677643560753,64,oct_stage3,cross,3416,cfp_stage3,[3],2048,2048,False
svd_radon,0,250c0b656c4d6fd643444258bf051b17a40243713a0ef5ae0ebd44e55593c8ae,5.425339233885057,3,5.425339233885057,0.26361532611667754,1.8025059131681855,64,oct_stage3,self,3416,oct_stage3,[3],2048,2048,False
qr_radon,0,07dcf544f8639383378b6c42741a67c7cc07275de5c0834f4185764996692230,0.0,3,0.0,0.0,0.0,16,cfp_stage3,self,3416,cfp_stage3,[3],512,512,True
qr_radon,0,07dcf544f8639383378b6c42741a67c7cc07275de5c0834f4185764996692230,0.0,3,0.0,0.0,0.0,16,cfp_stage3,cross,3416,oct_stage3,[3],512,512,True
qr_radon,0,07dcf544f8639383378b6c42741a67c7cc07275de5c0834f4185764996692230,0.0,3,0.0,0.0,0.0,16,oct_stage3,cross,3416,cfp_stage3,[3],512,512,True
qr_radon,0,07dcf544f8639383378b6c42741a67c7cc07275de5c0834f4185764996692230,0.0,3,0.0,0.0,0.0,16,oct_stage3,self,3416,oct_stage3,[3],512,512,True
svd_resample,0,4b32f8371ecbb293a034f95bd32c7ba3a53078fc306a38586568bdd4c859f39d,0.0,3,0.0,0.0,0.0,16,cfp_stage3,self,3416,cfp_stage3,[3],512,512,True
svd_resample,0,4b32f8371ecbb293a034f95bd32c7ba3a53078fc306a38586568bdd4c859f39d,0.0,3,0.0,0.0,0.0,16,cfp_stage3,cross,3416,oct_stage3,[3],512,512,True
svd_resample,0,4b32f8371ecbb293a034f95bd32c7ba3a53078fc306a38586568bdd4c859f39d,0.0,3,0.0,0.0,0.0,16,oct_stage3,cross,3416,cfp_stage3,[3],512,512,True
svd_resample,0,4b32f8371ecbb293a034f95bd32c7ba3a53078fc306a38586568bdd4c859f39d,0.0,3,0.0,0.0,0.0,16,oct_stage3,self,3416,oct_stage3,[3],512,512,True
svd_multidepth,0,5527be1940f952d653d90a3ccf587df675d43b8daa158b1ff696479f52020324,1.405627598624949,3,1.405627598624949,0.27016434120040483,0.4434131446484444,16,cfp_stage2,self,3416,cfp_stage2,"[2, 3]",512,512,False
svd_multidepth,0,5527be1940f952d653d90a3ccf587df675d43b8daa158b1ff696479f52020324,1.4350303629471919,3,1.4350303629471919,0.19719405312178298,0.4638358965684744,16,cfp_stage2,cross,3416,oct_stage2,"[2, 3]",512,512,False
svd_multidepth,0,5527be1940f952d653d90a3ccf587df675d43b8daa158b1ff696479f52020324,1.4664665932067957,3,1.4664665932067957,0.13049910847474244,0.48319648756952094,16,oct_stage2,cross,3416,cfp_stage2,"[2, 3]",512,512,False
svd_multidepth,0,5527be1940f952d653d90a3ccf587df675d43b8daa158b1ff696479f52020324,1.288513267286072,3,1.288513267286072,0.10457922846055308,0.4254643714642774,16,oct_stage2,self,3416,oct_stage2,"[2, 3]",512,512,False
svd_multidepth,1,5527be1940f952d653d90a3ccf587df675d43b8daa158b1ff696479f52020324,1.2565362756048268,3,1.2565362756048268,0.17065727876351938,0.407723685087964,16,cfp_stage3,self,3416,cfp_stage3,"[2, 3]",512,512,False
svd_multidepth,1,5527be1940f952d653d90a3ccf587df675d43b8daa158b1ff696479f52020324,1.0396335957390483,3,1.0396335957390483,0.10677786040081483,0.3418915034077301,16,cfp_stage3,cross,3416,oct_stage3,"[2, 3]",512,512,False
svd_multidepth,1,5527be1940f952d653d90a3ccf587df675d43b8daa158b1ff696479f52020324,2.1352231032433924,3,2.1352231032433924,0.13187461339110987,0.7064322018175792,16,oct_stage3,cross,3416,cfp_stage3,"[2, 3]",512,512,False
svd_multidepth,1,5527be1940f952d653d90a3ccf587df675d43b8daa158b1ff696479f52020324,1.0847031665544398,3,1.0847031665544398,0.06290368288084187,0.3598547384978178,16,oct_stage3,self,3416,oct_stage3,"[2, 3]",512,512,False
svd_multidepth,0,aa42f44be82733175649183d71d562fbdd45db2cdc41cb511cd0ca9e18a2a359,1.3793562934786379,3,1.3793562934786379,0.2638768842505694,0.43470807506060405,16,cfp_stage2,self,3416,cfp_stage2,"[2, 3, 4]",512,512,False
svd_multidepth,0,aa42f44be82733175649183d71d562fbdd45db2cdc41cb511cd0ca9e18a2a359,1.4017027992343742,3,1.4017027992343742,0.19630665631882455,0.45253737048364373,16,cfp_stage2,cross,3416,oct_stage2,"[2, 3, 4]",512,512,False
svd_multidepth,0,aa42f44be82733175649183d71d562fbdd45db2cdc41cb511cd0ca9e18a2a359,1.7071346124758877,3,1.7071346124758877,0.1294217779735596,0.5637128555530057,16,oct_stage2,cross,3416,cfp_stage2,"[2, 3, 4]",512,512,False
svd_multidepth,0,aa42f44be82733175649183d71d562fbdd45db2cdc41cb511cd0ca9e18a2a359,1.4872103947790278,3,1.4872103947790278,0.1036071531588757,0.49166944430715864,16,oct_stage2,self,3416,oct_stage2,"[2, 3, 4]",512,512,False
svd_multidepth,1,aa42f44be82733175649183d71d562fbdd45db2cdc41cb511cd0ca9e18a2a359,1.5010655230457535,3,1.5010655230457535,0.20190699295970851,0.48626249545545425,16,cfp_stage3,self,3416,cfp_stage3,"[2, 3, 4]",512,512,False
svd_multidepth,1,aa42f44be82733175649183d71d562fbdd45db2cdc41cb511cd0ca9e18a2a359,0.9927992778940637,3,0.9927992778940637,0.10249733970236442,0.32692641290963875,16,cfp_stage3,cross,3416,oct_stage3,"[2, 3, 4]",512,512,False
svd_multidepth,1,aa42f44be82733175649183d71d562fbdd45db2cdc41cb511cd0ca9e18a2a359,1.3994960197586934,3,1.3994960197586934,0.10624889077327708,0.46259293617660696,16,oct_stage3,cross,3416,cfp_stage3,"[2, 3, 4]",512,512,False
svd_multidepth,1,aa42f44be82733175649183d71d562fbdd45db2cdc41cb511cd0ca9e18a2a359,1.51977768601443,3,1.51977768601443,0.061640260570715706,0.5056157426717923,16,oct_stage3,self,3416,oct_stage3,"[2, 3, 4]",512,512,False
svd_multidepth,2,aa42f44be82733175649183d71d562fbdd45db2cdc41cb511cd0ca9e18a2a359,1.0045455506036842,3,1.0045455506036842,0.025163625039314907,0.33471786591619895,16,cfp_stage4,self,3416,cfp_stage4,"[2, 3, 4]",512,512,False
svd_multidepth,2,aa42f44be82733175649183d71d562fbdd45db2cdc41cb511cd0ca9e18a2a359,0.5446969504855093,3,0.5446969504855093,0.004289818743631467,0.18156201631768223,16,cfp_stage4,cross,3416,oct_stage4,"[2, 3, 4]",512,512,False
svd_multidepth,2,aa42f44be82733175649183d71d562fbdd45db2cdc41cb511cd0ca9e18a2a359,0.9352530629005411,3,0.9352530629005411,0.05172631102963738,0.3115384059766519,16,oct_stage4,cross,3416,cfp_stage4,"[2, 3, 4]",512,512,False
svd_multidepth,2,aa42f44be82733175649183d71d562fbdd45db2cdc41cb511cd0ca9e18a2a359,0.554598050374852,3,0.554598050374852,0.034212308688504195,0.18501692256152844,16,oct_stage4,self,3416,oct_stage4,"[2, 3, 4]",512,512,False
svd_radon,0,4cc177193310704f97d689558acb8d3a1be17b515ea429a7bf0d7d87d74dc861,1.3601617751897621,3,1.3601617751897621,0.1990655595030072,0.4387783608116873,16,cfp_stage3,self,3417,cfp_stage3,[3],512,512,False
svd_radon,0,4cc177193310704f97d689558acb8d3a1be17b515ea429a7bf0d7d87d74dc861,1.3914102767109242,3,1.3914102767109242,0.1507634749221789,0.4557696565136011,16,cfp_stage3,cross,3417,oct_stage3,[3],512,512,False
svd_radon,0,4cc177193310704f97d689558acb8d3a1be17b515ea429a7bf0d7d87d74dc861,2.154377519060783,3,2.154377519060783,0.1615964939365105,0.7107181217991239,16,oct_stage3,cross,3417,cfp_stage3,[3],512,512,False
svd_radon,0,4cc177193310704f97d689558acb8d3a1be17b515ea429a7bf0d7d87d74dc861,1.1642250837858532,3,1.1642250837858532,0.09216004810012954,0.38493339538643967,16,oct_stage3,self,3417,oct_stage3,[3],512,512,False
svd_radon,0,4a61de5eefedfbb2f63c4b52419c5d260c3e764e577b71fd0ef3e4dbe83ab7a9,3.2868526519577617,3,3.2868526519577617,0.39949246167820956,1.0672005703450735,32,cfp_stage3,self,3417,cfp_stage3,[3],1024,1024,False
svd_radon,0,4a61de5eefedfbb2f63c4b52419c5d260c3e764e577b71fd0ef3e4dbe83ab7a9,2.8694730862103417,3,2.8694730862103417,0.2571752102480317,0.9448496962313232,32,cfp_stage3,cross,3417,oct_stage3,[3],1024,1024,False
svd_radon,0,4a61de5eefedfbb2f63c4b52419c5d260c3e764e577b71fd0ef3e4dbe83ab7a9,4.100064945321715,3,4.100064945321715,0.27657568495720125,1.3566756963443836,32,oct_stage3,cross,3417,cfp_stage3,[3],1024,1024,False
svd_radon,0,4a61de5eefedfbb2f63c4b52419c5d260c3e764e577b71fd0ef3e4dbe83ab7a9,2.7372648205372356,3,2.7372648205372356,0.14859023156870413,0.9085419678461426,32,oct_stage3,self,3417,oct_stage3,[3],1024,1024,False
svd_radon,0,69c0fd47fbced2121cb19547ea2c1b4c177923f242468913b661c34efac81ea7,7.515122118492805,3,7.515122118492805,0.6708889277986625,2.4692510464868205,64,cfp_stage3,self,3417,cfp_stage3,[3],2048,2048,False
svd_radon,0,69c0fd47fbced2121cb19547ea2c1b4c177923f242468913b661c34efac81ea7,6.27546497595674,3,6.27546497595674,0.4204291957597007,2.0755889828371292,64,cfp_stage3,cross,3417,oct_stage3,[3],2048,2048,False
svd_radon,0,69c0fd47fbced2121cb19547ea2c1b4c177923f242468913b661c34efac81ea7,7.354910075814329,3,7.354910075814329,0.4174330281134542,2.438234160030404,64,oct_stage3,cross,3417,cfp_stage3,[3],2048,2048,False
svd_radon,0,69c0fd47fbced2121cb19547ea2c1b4c177923f242468913b661c34efac81ea7,5.71431882208864,3,5.71431882208864,0.2623074005704777,1.8990699889202152,64,oct_stage3,self,3417,oct_stage3,[3],2048,2048,False
qr_radon,0,bbf675758e301776db86d8dc413b6885d88fe458ae42c2ccbb472fc21ffe98b7,0.0,3,0.0,0.0,0.0,16,cfp_stage3,self,3417,cfp_stage3,[3],512,512,True
qr_radon,0,bbf675758e301776db86d8dc413b6885d88fe458ae42c2ccbb472fc21ffe98b7,0.0,3,0.0,0.0,0.0,16,cfp_stage3,cross,3417,oct_stage3,[3],512,512,True
qr_radon,0,bbf675758e301776db86d8dc413b6885d88fe458ae42c2ccbb472fc21ffe98b7,0.0,3,0.0,0.0,0.0,16,oct_stage3,cross,3417,cfp_stage3,[3],512,512,True
qr_radon,0,bbf675758e301776db86d8dc413b6885d88fe458ae42c2ccbb472fc21ffe98b7,0.0,3,0.0,0.0,0.0,16,oct_stage3,self,3417,oct_stage3,[3],512,512,True
svd_resample,0,3d51f9d8ee6c92e2d3fe6caee768a153d3d1daeba251977f5520d596e529795e,0.0,3,0.0,0.0,0.0,16,cfp_stage3,self,3417,cfp_stage3,[3],512,512,True
svd_resample,0,3d51f9d8ee6c92e2d3fe6caee768a153d3d1daeba251977f5520d596e529795e,0.0,3,0.0,0.0,0.0,16,cfp_stage3,cross,3417,oct_stage3,[3],512,512,True
svd_resample,0,3d51f9d8ee6c92e2d3fe6caee768a153d3d1daeba251977f5520d596e529795e,0.0,3,0.0,0.0,0.0,16,oct_stage3,cross,3417,cfp_stage3,[3],512,512,True
svd_resample,0,3d51f9d8ee6c92e2d3fe6caee768a153d3d1daeba251977f5520d596e529795e,0.0,3,0.0,0.0,0.0,16,oct_stage3,self,3417,oct_stage3,[3],512,512,True
svd_multidepth,0,ba2eaf6db7fc6ef41b2a57a4a65a0a753bf0ada168a487003230d9321a7c4592,1.5106877006633301,3,1.5106877006633301,0.2899731588075217,0.47601078526679896,16,cfp_stage2,self,3417,cfp_stage2,"[2, 3]",512,512,False
svd_multidepth,0,ba2eaf6db7fc6ef41b2a57a4a65a0a753bf0ada168a487003230d9321a7c4592,1.5705298267502688,3,1.5705298267502688,0.21266039240180612,0.5072810742344762,16,cfp_stage2,cross,3417,oct_stage2,"[2, 3]",512,512,False
svd_multidepth,0,ba2eaf6db7fc6ef41b2a57a4a65a0a753bf0ada168a487003230d9321a7c4592,1.499488746533986,3,1.499488746533986,0.11700544307138039,0.49428173118149243,16,oct_stage2,cross,3417,cfp_stage2,"[2, 3]",512,512,False
svd_multidepth,0,ba2eaf6db7fc6ef41b2a57a4a65a0a753bf0ada168a487003230d9321a7c4592,1.4484385204056454,3,1.4484385204056454,0.08871098819733719,0.47960195993988625,16,oct_stage2,self,3417,oct_stage2,"[2, 3]",512,512,False
svd_multidepth,1,ba2eaf6db7fc6ef41b2a57a4a65a0a753bf0ada168a487003230d9321a7c4592,1.396202593361692,3,1.396202593361692,0.1928335097304096,0.45190478090217223,16,cfp_stage3,self,3417,cfp_stage3,"[2, 3]",512,512,False
svd_multidepth,1,ba2eaf6db7fc6ef41b2a57a4a65a0a753bf0ada168a487003230d9321a7c4592,1.011451395743636,3,1.011451395743636,0.09969467536780978,0.33288133166074957,16,cfp_stage3,cross,3417,oct_stage3,"[2, 3]",512,512,False
svd_multidepth,1,ba2eaf6db7fc6ef41b2a57a4a65a0a753bf0ada168a487003230d9321a7c4592,2.005804674522622,3,2.005804674522622,0.14064416563117269,0.6629012982061254,16,oct_stage3,cross,3417,cfp_stage3,"[2, 3]",512,512,False
svd_multidepth,1,ba2eaf6db7fc6ef41b2a57a4a65a0a753bf0ada168a487003230d9321a7c4592,1.3598743884349067,3,1.3598743884349067,0.06162817908300339,0.4518937076162398,16,oct_stage3,self,3417,oct_stage3,"[2, 3]",512,512,False
svd_multidepth,0,16de3f71ac129094696df1ea957f79b47d2fe85226566b137ee97f7831871fa1,0.0,3,0.0,0.0,0.0,16,cfp_stage2,self,3417,cfp_stage2,"[2, 3, 4]",512,512,True
svd_multidepth,0,16de3f71ac129094696df1ea957f79b47d2fe85226566b137ee97f7831871fa1,0.0,3,0.0,0.0,0.0,16,cfp_stage2,cross,3417,oct_stage2,"[2, 3, 4]",512,512,True
svd_multidepth,0,16de3f71ac129094696df1ea957f79b47d2fe85226566b137ee97f7831871fa1,0.0,3,0.0,0.0,0.0,16,oct_stage2,cross,3417,cfp_stage2,"[2, 3, 4]",512,512,True
svd_multidepth,0,16de3f71ac129094696df1ea957f79b47d2fe85226566b137ee97f7831871fa1,0.0,3,0.0,0.0,0.0,16,oct_stage2,self,3417,oct_stage2,"[2, 3, 4]",512,512,True
svd_multidepth,1,16de3f71ac129094696df1ea957f79b47d2fe85226566b137ee97f7831871fa1,0.0,3,0.0,0.0,0.0,16,cfp_stage3,self,3417,cfp_stage3,"[2, 3, 4]",512,512,True
svd_multidepth,1,16de3f71ac129094696df1ea957f79b47d2fe85226566b137ee97f7831871fa1,0.0,3,0.0,0.0,0.0,16,cfp_stage3,cross,3417,oct_stage3,"[2, 3, 4]",512,512,True
svd_multidepth,1,16de3f71ac129094696df1ea957f79b47d2fe85226566b137ee97f7831871fa1,0.0,3,0.0,0.0,0.0,16,oct_stage3,cross,3417,cfp_stage3,"[2, 3, 4]",512,512,True
svd_multidepth,1,16de3f71ac129094696df1ea957f79b47d2fe85226566b137ee97f7831871fa1,0.0,3,0.0,0.0,0.0,16,oct_stage3,self,3417,oct_stage3,"[2, 3, 4]",512,512,True
svd_multidepth,2,16de3f71ac129094696df1ea957f79b47d2fe85226566b137ee97f7831871fa1,0.0,3,0.0,0.0,0.0,16,cfp_stage4,self,3417,cfp_stage4,"[2, 3, 4]",512,512,True
svd_multidepth,2,16de3f71ac129094696df1ea957f79b47d2fe85226566b137ee97f7831871fa1,0.0,3,0.0,0.0,0.0,16,cfp_stage4,cross,3417,oct_stage4,"[2, 3, 4]",512,512,True
svd_multidepth,2,16de3f71ac129094696df1ea957f79b47d2fe85226566b137ee97f7831871fa1,0.0,3,0.0,0.0,0.0,16,oct_stage4,cross,3417,cfp_stage4,"[2, 3, 4]",512,512,True
svd_multidepth,2,16de3f71ac129094696df1ea957f79b47d2fe85226566b137ee97f7831871fa1,0.0,3,0.0,0.0,0.0,16,oct_stage4,self,3417,oct_stage4,"[2, 3, 4]",512,512,True
svd_radon,0,9d3ee67bef6f7e38be1d70fcec5a29d4354f933b1866570381983cd186d8deb4,1.419308078428768,3,1.419308078428768,0.19053834514989101,0.4593044848245217,16,cfp_stage3,self,3418,cfp_stage3,[3],512,512,False
svd_radon,0,9d3ee67bef6f7e38be1d70fcec5a29d4354f933b1866570381983cd186d8deb4,1.391035273756583,3,1.391035273756583,0.14760387278193488,0.4560174371285186,16,cfp_stage3,cross,3418,oct_stage3,[3],512,512,False
svd_radon,0,9d3ee67bef6f7e38be1d70fcec5a29d4354f933b1866570381983cd186d8deb4,2.2738139129492074,3,2.2738139129492074,0.1851009947239548,0.7464128226251534,16,oct_stage3,cross,3418,cfp_stage3,[3],512,512,False
svd_radon,0,9d3ee67bef6f7e38be1d70fcec5a29d4354f933b1866570381983cd186d8deb4,1.229153658173753,3,1.229153658173753,0.09445654637330851,0.4066691270532564,16,oct_stage3,self,3418,oct_stage3,[3],512,512,False
svd_radon,0,91f9c170dbe47c58143bf5e7c71e7e67e8ed906e359ae731fd53d6e435e19bfe,4.386685317964107,3,4.386685317964107,0.5398248550862785,1.422201219076999,32,cfp_stage3,self,3418,cfp_stage3,[3],1024,1024,False
svd_radon,0,91f9c170dbe47c58143bf5e7c71e7e67e8ed906e359ae731fd53d6e435e19bfe,3.1701983921566192,3,3.1701983921566192,0.30513156012232767,1.041030552663771,32,cfp_stage3,cross,3418,oct_stage3,[3],1024,1024,False
svd_radon,0,91f9c170dbe47c58143bf5e7c71e7e67e8ed906e359ae731fd53d6e435e19bfe,6.7223001114891145,3,6.7223001114891145,0.5497236921616134,2.212318931576075,32,oct_stage3,cross,3418,cfp_stage3,[3],1024,1024,False
svd_radon,0,91f9c170dbe47c58143bf5e7c71e7e67e8ed906e359ae731fd53d6e435e19bfe,2.7043428019148013,3,2.7043428019148013,0.18558578632900397,0.8960900442101173,32,oct_stage3,self,3418,oct_stage3,[3],1024,1024,False
svd_radon,0,f351726da0cedea6ac27d54dde2add4a300a7169dd8a27a9dbb89ed38467cb5d,8.240136619396308,3,8.240136619396308,0.778686860648982,2.7017766513315546,64,cfp_stage3,self,3418,cfp_stage3,[3],2048,2048,False
svd_radon,0,f351726da0cedea6ac27d54dde2add4a300a7169dd8a27a9dbb89ed38467cb5d,6.089053662848698,3,6.089053662848698,0.44534027197949916,2.011614519728132,64,cfp_stage3,cross,3418,oct_stage3,[3],2048,2048,False
svd_radon,0,f351726da0cedea6ac27d54dde2add4a300a7169dd8a27a9dbb89ed38467cb5d,9.664847666300984,3,9.664847666300984,0.5538259914264958,3.2015536248496317,64,oct_stage3,cross,3418,cfp_stage3,[3],2048,2048,False
svd_radon,0,f351726da0cedea6ac27d54dde2add4a300a7169dd8a27a9dbb89ed38467cb5d,5.822299688843977,3,5.822299688843977,0.28900724398047556,1.9345282415060285,64,oct_stage3,self,3418,oct_stage3,[3],2048,2048,False
qr_radon,0,2ed360db75a5eda1fb2a305acf8f09f12d8e26aa836535011ba6490bfc18b1c9,1.508822305527175,3,1.508822305527175,0.17805210188818568,0.493139248980667,16,cfp_stage3,self,3418,cfp_stage3,[3],512,512,False
qr_radon,0,2ed360db75a5eda1fb2a305acf8f09f12d8e26aa836535011ba6490bfc18b1c9,1.3914185037423468,3,1.3914185037423468,0.1328787251000718,0.4577154233581788,16,cfp_stage3,cross,3418,oct_stage3,[3],512,512,False
qr_radon,0,2ed360db75a5eda1fb2a305acf8f09f12d8e26aa836535011ba6490bfc18b1c9,1.7451275032363438,3,1.7451275032363438,0.12271497426125694,0.5760383602780287,16,oct_stage3,cross,3418,cfp_stage3,[3],512,512,False
qr_radon,0,2ed360db75a5eda1fb2a305acf8f09f12d8e26aa836535011ba6490bfc18b1c9,0.9142758795943297,3,0.9142758795943297,0.07292084954103237,0.30230598315233337,16,oct_stage3,self,3418,oct_stage3,[3],512,512,False
svd_resample,0,37ce3f51a43355f18024f5d25c45406b4b6726f693ab7e170a4a4f6b3e23708d,1.7384281587781154,3,1.7384281587781154,0.10627018432787663,0.576880435865915,16,cfp_stage3,self,3418,cfp_stage3,[3],512,512,False
svd_resample,0,37ce3f51a43355f18024f5d25c45406b4b6726f693ab7e170a4a4f6b3e23708d,2.1545416028882562,3,2.1545416028882562,0.1717125952946525,0.7112651308732046,16,cfp_stage3,cross,3418,oct_stage3,[3],512,512,False
svd_resample,0,37ce3f51a43355f18024f5d25c45406b4b6726f693ab7e170a4a4f6b3e23708d,1.8149268296271284,3,1.8149268296271284,0.11383129760585749,0.6016952953231675,16,oct_stage3,cross,3418,cfp_stage3,[3],512,512,False
svd_resample,0,37ce3f51a43355f18024f5d25c45406b4b6726f693ab7e170a4a4f6b3e23708d,1.4428941353513811,3,1.4428941353513811,0.0921154181595605,0.4788289716964921,16,oct_stage3,self,3418,oct_stage3,[3],512,512,False
svd_multidepth,0,31678607ebe01f5f335f8c355f7a08090d135289ae4621f717c5327806c5499b,1.5077039898900295,3,1.5077039898900295,0.28088684952389764,0.47654250215371563,16,cfp_stage2,self,3418,cfp_stage2,"[2, 3]",512,512,False
svd_multidepth,0,31678607ebe01f5f335f8c355f7a08090d135289ae4621f717c5327806c5499b,1.5424416987902108,3,1.5424416987902108,0.21191018198233924,0.4982664012361544,16,cfp_stage2,cross,3418,oct_stage2,"[2, 3]",512,512,False
svd_multidepth,0,31678607ebe01f5f335f8c355f7a08090d135289ae4621f717c5327806c5499b,1.3143011442079606,3,1.3143011442079606,0.11495371559204505,0.4336700228957764,16,oct_stage2,cross,3418,cfp_stage2,"[2, 3]",512,512,False
svd_multidepth,0,31678607ebe01f5f335f8c355f7a08090d135289ae4621f717c5327806c5499b,1.6352473604034712,3,1.6352473604034712,0.10334286870796551,0.5414927576543116,16,oct_stage2,self,3418,oct_stage2,"[2, 3]",512,512,False
svd_multidepth,1,31678607ebe01f5f335f8c355f7a08090d135289ae4621f717c5327806c5499b,1.518459458126509,3,1.518459458126509,0.1950656875908525,0.49259791288065324,16,cfp_stage3,self,3418,cfp_stage3,"[2, 3]",512,512,False
svd_multidepth,1,31678607ebe01f5f335f8c355f7a08090d135289ae4621f717c5327806c5499b,1.108163363493877,3,1.108163363493877,0.10867054822776259,0.36510958988497844,16,cfp_stage3,cross,3418,oct_stage3,"[2, 3]",512,512,False
svd_multidepth,1,31678607ebe01f5f335f8c355f7a08090d135289ae4621f717c5327806c5499b,2.1903248933260424,3,2.1903248933260424,0.18709393458299411,0.7200209595750388,16,oct_stage3,cross,3418,cfp_stage3,"[2, 3]",512,512,False
svd_multidepth,1,31678607ebe01f5f335f8c355f7a08090d135289ae4621f717c5327806c5499b,1.2502453442900725,3,1.2502453442900725,0.07000443408585982,0.4149424996313299,16,oct_stage3,self,3418,oct_stage3,"[2, 3]",512,512,False
svd_multidepth,0,a0f4bb80f483ec7e1515c446f1cc443db49379965b58f2eee1dc83303a7ce9dd,1.3081054935496965,3,1.3081054935496965,0.2556523436575309,0.4123957838033484,16,cfp_stage2,self,3418,cfp_stage2,"[2, 3, 4]",512,512,False
svd_multidepth,0,a0f4bb80f483ec7e1515c446f1cc443db49379965b58f2eee1dc83303a7ce9dd,1.3850646453314501,3,1.3850646453314501,0.1837476839860429,0.4489387957805808,16,cfp_stage2,cross,3418,oct_stage2,"[2, 3, 4]",512,512,False
svd_multidepth,0,a0f4bb80f483ec7e1515c446f1cc443db49379965b58f2eee1dc83303a7ce9dd,1.5069033673313452,3,1.5069033673313452,0.11011042423368333,0.49777082297276,16,oct_stage2,cross,3418,cfp_stage2,"[2, 3, 4]",512,512,False
svd_multidepth,0,a0f4bb80f483ec7e1515c446f1cc443db49379965b58f2eee1dc83303a7ce9dd,1.3897400440837608,3,1.3897400440837608,0.09081141069685071,0.46017289377846105,16,oct_stage2,self,3418,oct_stage2,"[2, 3, 4]",512,512,False
svd_multidepth,1,a0f4bb80f483ec7e1515c446f1cc443db49379965b58f2eee1dc83303a7ce9dd,1.522187500536702,3,1.522187500536702,0.20727736762572924,0.4931061550488529,16,cfp_stage3,self,3418,cfp_stage3,"[2, 3, 4]",512,512,False
svd_multidepth,1,a0f4bb80f483ec7e1515c446f1cc443db49379965b58f2eee1dc83303a7ce9dd,1.0294949427043039,3,1.0294949427043039,0.10938871576653314,0.33830058325994844,16,cfp_stage3,cross,3418,oct_stage3,"[2, 3, 4]",512,512,False
svd_multidepth,1,a0f4bb80f483ec7e1515c446f1cc443db49379965b58f2eee1dc83303a7ce9dd,1.1722320943175428,3,1.1722320943175428,0.08955849812815973,0.38729848378049014,16,oct_stage3,cross,3418,cfp_stage3,"[2, 3, 4]",512,512,False
svd_multidepth,1,a0f4bb80f483ec7e1515c446f1cc443db49379965b58f2eee1dc83303a7ce9dd,1.5734044131927418,3,1.5734044131927418,0.061929623925882,0.5232955707715844,16,oct_stage3,self,3418,oct_stage3,"[2, 3, 4]",512,512,False
svd_multidepth,2,a0f4bb80f483ec7e1515c446f1cc443db49379965b58f2eee1dc83303a7ce9dd,1.3924586853337606,3,1.3924586853337606,0.030165429578584875,0.46402052124125537,16,cfp_stage4,self,3418,cfp_stage4,"[2, 3, 4]",512,512,False
svd_multidepth,2,a0f4bb80f483ec7e1515c446f1cc443db49379965b58f2eee1dc83303a7ce9dd,0.8386781455857856,3,0.8386781455857856,0.007005438967562301,0.2795369437053708,16,cfp_stage4,cross,3418,oct_stage4,"[2, 3, 4]",512,512,False
svd_multidepth,2,a0f4bb80f483ec7e1515c446f1cc443db49379965b58f2eee1dc83303a7ce9dd,1.375772857182777,3,1.375772857182777,0.06851670790822349,0.45819367979463255,16,oct_stage4,cross,3418,cfp_stage4,"[2, 3, 4]",512,512,False
svd_multidepth,2,a0f4bb80f483ec7e1515c446f1cc443db49379965b58f2eee1dc83303a7ce9dd,0.6858129087216762,3,0.6858129087216762,0.016084652028308093,0.22857617357227658,16,oct_stage4,self,3418,oct_stage4,"[2, 3, 4]",512,512,False
